/sdcard/BAI-Test-1-complete-fixed
/sdcard/BAI-Test-1-complete-fixed/tree.log
/sdcard/BAI-Test-1-complete-fixed/.github
/sdcard/BAI-Test-1-complete-fixed/.github/workflows
/sdcard/BAI-Test-1-complete-fixed/.github/workflows/codeql.yml
/sdcard/BAI-Test-1-complete-fixed/.github/workflows/Dead code check.yml
/sdcard/BAI-Test-1-complete-fixed/.github/workflows/debug-release.yml
/sdcard/BAI-Test-1-complete-fixed/.github/workflows/release.yml
/sdcard/BAI-Test-1-complete-fixed/.github/workflows/stale.yml
/sdcard/BAI-Test-1-complete-fixed/.gradle
/sdcard/BAI-Test-1-complete-fixed/.gradle/9.7.1
/sdcard/BAI-Test-1-complete-fixed/.gradle/9.7.1/checksums
/sdcard/BAI-Test-1-complete-fixed/.gradle/9.7.1/checksums/checksums.lock
/sdcard/BAI-Test-1-complete-fixed/.gradle/9.7.1/checksums/md5-checksums.bin
/sdcard/BAI-Test-1-complete-fixed/.gradle/9.7.1/checksums/sha1-checksums.bin
/sdcard/BAI-Test-1-complete-fixed/.gradle/9.7.1/executionHistory
/sdcard/BAI-Test-1-complete-fixed/.gradle/9.7.1/executionHistory/executionHistory.bin
/sdcard/BAI-Test-1-complete-fixed/.gradle/9.7.1/executionHistory/executionHistory.lock
/sdcard/BAI-Test-1-complete-fixed/.gradle/9.7.1/expanded
/sdcard/BAI-Test-1-complete-fixed/.gradle/9.7.1/fileChanges
/sdcard/BAI-Test-1-complete-fixed/.gradle/9.7.1/fileChanges/last-build.bin
/sdcard/BAI-Test-1-complete-fixed/.gradle/9.7.1/fileHashes
/sdcard/BAI-Test-1-complete-fixed/.gradle/9.7.1/fileHashes/fileHashes.bin
/sdcard/BAI-Test-1-complete-fixed/.gradle/9.7.1/fileHashes/fileHashes.lock
/sdcard/BAI-Test-1-complete-fixed/.gradle/9.7.1/fileHashes/resourceHashesCache.bin
/sdcard/BAI-Test-1-complete-fixed/.gradle/9.7.1/gc.properties
/sdcard/BAI-Test-1-complete-fixed/.gradle/9.7.1/vcsMetadata
/sdcard/BAI-Test-1-complete-fixed/.gradle/buildOutputCleanup
/sdcard/BAI-Test-1-complete-fixed/.gradle/buildOutputCleanup/buildOutputCleanup.lock
/sdcard/BAI-Test-1-complete-fixed/.gradle/buildOutputCleanup/cache.properties
/sdcard/BAI-Test-1-complete-fixed/.gradle/buildOutputCleanup/outputFiles.bin
/sdcard/BAI-Test-1-complete-fixed/.gradle/vcs-1
/sdcard/BAI-Test-1-complete-fixed/.gradle/vcs-1/gc.properties
/sdcard/BAI-Test-1-complete-fixed/.idea
/sdcard/BAI-Test-1-complete-fixed/.idea/.gitignore
/sdcard/BAI-Test-1-complete-fixed/.idea/.name
/sdcard/BAI-Test-1-complete-fixed/.idea/AndroidProjectSystem.xml
/sdcard/BAI-Test-1-complete-fixed/.idea/caches
/sdcard/BAI-Test-1-complete-fixed/.idea/caches/deviceStreaming.xml
/sdcard/BAI-Test-1-complete-fixed/.idea/compiler.xml
/sdcard/BAI-Test-1-complete-fixed/.idea/deploymentTargetSelector.xml
/sdcard/BAI-Test-1-complete-fixed/.idea/gradle.xml
/sdcard/BAI-Test-1-complete-fixed/.idea/markdown.xml
/sdcard/BAI-Test-1-complete-fixed/.idea/misc.xml
/sdcard/BAI-Test-1-complete-fixed/.idea/runConfigurations.xml
/sdcard/BAI-Test-1-complete-fixed/.idea/workspace.xml
/sdcard/BAI-Test-1-complete-fixed/app
/sdcard/BAI-Test-1-complete-fixed/app/.gitignore
/sdcard/BAI-Test-1-complete-fixed/app/build.gradle
/sdcard/BAI-Test-1-complete-fixed/app/libs
/sdcard/BAI-Test-1-complete-fixed/app/libs/filepicker-release.aar
/sdcard/BAI-Test-1-complete-fixed/app/proguard-rules.pro
/sdcard/BAI-Test-1-complete-fixed/app/src
/sdcard/BAI-Test-1-complete-fixed/app/src/main
/sdcard/BAI-Test-1-complete-fixed/app/src/main/AndroidManifest.xml
/sdcard/BAI-Test-1-complete-fixed/app/src/main/assets
/sdcard/BAI-Test-1-complete-fixed/app/src/main/assets/EULA
/sdcard/BAI-Test-1-complete-fixed/app/src/main/assets/EULA/EULA.md
/sdcard/BAI-Test-1-complete-fixed/app/src/main/assets/licenses
/sdcard/BAI-Test-1-complete-fixed/app/src/main/assets/licenses/common
/sdcard/BAI-Test-1-complete-fixed/app/src/main/assets/licenses/common/Android AppCompat Library V7
/sdcard/BAI-Test-1-complete-fixed/app/src/main/assets/licenses/common/Android Lifecycle Extensions
/sdcard/BAI-Test-1-complete-fixed/app/src/main/assets/licenses/common/Android Support Library Document File
/sdcard/BAI-Test-1-complete-fixed/app/src/main/assets/licenses/common/Android Support Preference V7
/sdcard/BAI-Test-1-complete-fixed/app/src/main/assets/licenses/common/android-filepicker
/sdcard/BAI-Test-1-complete-fixed/app/src/main/assets/licenses/common/apksig
/sdcard/BAI-Test-1-complete-fixed/app/src/main/assets/licenses/common/FlexboxLayout
/sdcard/BAI-Test-1-complete-fixed/app/src/main/assets/licenses/common/FlexFilter
/sdcard/BAI-Test-1-complete-fixed/app/src/main/assets/licenses/common/Glide
/sdcard/BAI-Test-1-complete-fixed/app/src/main/assets/licenses/common/Gson
/sdcard/BAI-Test-1-complete-fixed/app/src/main/assets/licenses/common/Material Components for Android
/sdcard/BAI-Test-1-complete-fixed/app/src/main/assets/licenses/common/Material Design icons
/sdcard/BAI-Test-1-complete-fixed/app/src/main/assets/licenses/common/PseudoApkSigner
/sdcard/BAI-Test-1-complete-fixed/app/src/main/assets/licenses/common/Roboto Font
/sdcard/BAI-Test-1-complete-fixed/app/src/main/assets/licenses/common/Shimmer for Android
/sdcard/BAI-Test-1-complete-fixed/app/src/main/assets/licenses/common/Shizuku
/sdcard/BAI-Test-1-complete-fixed/app/src/main/assets/licenses/common/tooltips
/sdcard/BAI-Test-1-complete-fixed/app/src/main/assets/placeholder_app_icon.png
/sdcard/BAI-Test-1-complete-fixed/app/src/main/assets/testkey.past
/sdcard/BAI-Test-1-complete-fixed/app/src/main/assets/testkey.pk8
/sdcard/BAI-Test-1-complete-fixed/app/src/main/java
/sdcard/BAI-Test-1-complete-fixed/app/src/main/java/com
/sdcard/BAI-Test-1-complete-fixed/app/src/main/java/com/aefyr
/sdcard/BAI-Test-1-complete-fixed/app/src/main/java/com/aefyr/flexfilter
/sdcard/BAI-Test-1-complete-fixed/app/src/main/java/com/aefyr/flexfilter/applier
/sdcard/BAI-Test-1-complete-fixed/app/src/main/java/com/aefyr/flexfilter/applier/ComplexCustomFilter.java
/sdcard/BAI-Test-1-complete-fixed/app/src/main/java/com/aefyr/flexfilter/applier/CustomFilter.java
/sdcard/BAI-Test-1-complete-fixed/app/src/main/java/com/aefyr/flexfilter/applier/LiveFilterApplier.java
/sdcard/BAI-Test-1-complete-fixed/app/src/main/java/com/aefyr/flexfilter/builtin
/sdcard/BAI-Test-1-complete-fixed/app/src/main/java/com/aefyr/flexfilter/builtin/DefaultCustomFilterFactory.java
/sdcard/BAI-Test-1-complete-fixed/app/src/main/java/com/aefyr/flexfilter/builtin/DefaultFilterConfigViewHolderFactory.java
/sdcard/BAI-Test-1-complete-fixed/app/src/main/java/com/aefyr/flexfilter/builtin/filter
/sdcard/BAI-Test-1-complete-fixed/app/src/main/java/com/aefyr/flexfilter/builtin/filter/singlechoice
/sdcard/BAI-Test-1-complete-fixed/app/src/main/java/com/aefyr/flexfilter/builtin/filter/singlechoice/SingleChoiceFilterConfig.java
/sdcard/BAI-Test-1-complete-fixed/app/src/main/java/com/aefyr/flexfilter/builtin/filter/singlechoice/SingleChoiceFilterConfigOption.java
/sdcard/BAI-Test-1-complete-fixed/app/src/main/java/com/aefyr/flexfilter/builtin/filter/sort
/sdcard/BAI-Test-1-complete-fixed/app/src/main/java/com/aefyr/flexfilter/builtin/filter/sort/SortFilterConfig.java
/sdcard/BAI-Test-1-complete-fixed/app/src/main/java/com/aefyr/flexfilter/builtin/filter/sort/SortFilterConfigOption.java
/sdcard/BAI-Test-1-complete-fixed/app/src/main/java/com/aefyr/flexfilter/config
/sdcard/BAI-Test-1-complete-fixed/app/src/main/java/com/aefyr/flexfilter/config/core
/sdcard/BAI-Test-1-complete-fixed/app/src/main/java/com/aefyr/flexfilter/config/core/ComplexFilterConfig.java
/sdcard/BAI-Test-1-complete-fixed/app/src/main/java/com/aefyr/flexfilter/config/core/FilterConfig.java
/sdcard/BAI-Test-1-complete-fixed/app/src/main/java/com/aefyr/flexfilter/ui
/sdcard/BAI-Test-1-complete-fixed/app/src/main/java/com/aefyr/flexfilter/ui/FilterDialog.java
/sdcard/BAI-Test-1-complete-fixed/app/src/main/java/com/aefyr/pseudoapksigner
/sdcard/BAI-Test-1-complete-fixed/app/src/main/java/com/aefyr/pseudoapksigner/PseudoApkSigner.java
/sdcard/BAI-Test-1-complete-fixed/app/src/main/java/com/sumon
/sdcard/BAI-Test-1-complete-fixed/app/src/main/java/com/sumon/bundleapp
/sdcard/BAI-Test-1-complete-fixed/app/src/main/java/com/sumon/bundleapp/installer
/sdcard/BAI-Test-1-complete-fixed/app/src/main/java/com/sumon/bundleapp/installer/adapters
/sdcard/BAI-Test-1-complete-fixed/app/src/main/java/com/sumon/bundleapp/installer/adapters/BackupAppDetailsAdapter.java
/sdcard/BAI-Test-1-complete-fixed/app/src/main/java/com/sumon/bundleapp/installer/adapters/BackupAppFeatureAdapter.java
/sdcard/BAI-Test-1-complete-fixed/app/src/main/java/com/sumon/bundleapp/installer/adapters/BackupComponentsAdapter.java
/sdcard/BAI-Test-1-complete-fixed/app/src/main/java/com/sumon/bundleapp/installer/adapters/BackupNameFormatBuilderPartsAdapter.java
/sdcard/BAI-Test-1-complete-fixed/app/src/main/java/com/sumon/bundleapp/installer/adapters/BackupPackagesAdapter.java
/sdcard/BAI-Test-1-complete-fixed/app/src/main/java/com/sumon/bundleapp/installer/adapters/BackupSplitPartsAdapter.java
/sdcard/BAI-Test-1-complete-fixed/app/src/main/java/com/sumon/bundleapp/installer/adapters/LicensesAdapter.java
/sdcard/BAI-Test-1-complete-fixed/app/src/main/java/com/sumon/bundleapp/installer/adapters/SaiPiSessionsAdapter.java
/sdcard/BAI-Test-1-complete-fixed/app/src/main/java/com/sumon/bundleapp/installer/adapters/selection
/sdcard/BAI-Test-1-complete-fixed/app/src/main/java/com/sumon/bundleapp/installer/adapters/selection/SelectableAdapter.java
/sdcard/BAI-Test-1-complete-fixed/app/src/main/java/com/sumon/bundleapp/installer/adapters/selection/Selection.java
/sdcard/BAI-Test-1-complete-fixed/app/src/main/java/com/sumon/bundleapp/installer/adapters/selection/SimpleKeyStorage.java
/sdcard/BAI-Test-1-complete-fixed/app/src/main/java/com/sumon/bundleapp/installer/adapters/SplitApkSourceMetaAdapter.java
/sdcard/BAI-Test-1-complete-fixed/app/src/main/java/com/sumon/bundleapp/installer/adapters/ThemeAdapter.java
/sdcard/BAI-Test-1-complete-fixed/app/src/main/java/com/sumon/bundleapp/installer/analytics
/sdcard/BAI-Test-1-complete-fixed/app/src/main/java/com/sumon/bundleapp/installer/analytics/AnalyticsProvider.java
/sdcard/BAI-Test-1-complete-fixed/app/src/main/java/com/sumon/bundleapp/installer/analytics/DefaultAnalyticsProvider.java
/sdcard/BAI-Test-1-complete-fixed/app/src/main/java/com/sumon/bundleapp/installer/backup2
/sdcard/BAI-Test-1-complete-fixed/app/src/main/java/com/sumon/bundleapp/installer/backup2/Backup.java
/sdcard/BAI-Test-1-complete-fixed/app/src/main/java/com/sumon/bundleapp/installer/backup2/BackupApp.java
/sdcard/BAI-Test-1-complete-fixed/app/src/main/java/com/sumon/bundleapp/installer/backup2/BackupAppDetails.java
/sdcard/BAI-Test-1-complete-fixed/app/src/main/java/com/sumon/bundleapp/installer/backup2/BackupComponent.java
/sdcard/BAI-Test-1-complete-fixed/app/src/main/java/com/sumon/bundleapp/installer/backup2/BackupIndex.java
/sdcard/BAI-Test-1-complete-fixed/app/src/main/java/com/sumon/bundleapp/installer/backup2/BackupManager.java
/sdcard/BAI-Test-1-complete-fixed/app/src/main/java/com/sumon/bundleapp/installer/backup2/BackupStatus.java
/sdcard/BAI-Test-1-complete-fixed/app/src/main/java/com/sumon/bundleapp/installer/backup2/BackupStorage.java
/sdcard/BAI-Test-1-complete-fixed/app/src/main/java/com/sumon/bundleapp/installer/backup2/BackupStorageProvider.java
/sdcard/BAI-Test-1-complete-fixed/app/src/main/java/com/sumon/bundleapp/installer/backup2/backuptask
/sdcard/BAI-Test-1-complete-fixed/app/src/main/java/com/sumon/bundleapp/installer/backup2/backuptask/config
/sdcard/BAI-Test-1-complete-fixed/app/src/main/java/com/sumon/bundleapp/installer/backup2/backuptask/config/BackupTaskConfig.java
/sdcard/BAI-Test-1-complete-fixed/app/src/main/java/com/sumon/bundleapp/installer/backup2/backuptask/config/BatchBackupTaskConfig.java
/sdcard/BAI-Test-1-complete-fixed/app/src/main/java/com/sumon/bundleapp/installer/backup2/backuptask/config/SingleBackupTaskConfig.java
/sdcard/BAI-Test-1-complete-fixed/app/src/main/java/com/sumon/bundleapp/installer/backup2/backuptask/executor
/sdcard/BAI-Test-1-complete-fixed/app/src/main/java/com/sumon/bundleapp/installer/backup2/backuptask/executor/BatchBackupTaskExecutor.java
/sdcard/BAI-Test-1-complete-fixed/app/src/main/java/com/sumon/bundleapp/installer/backup2/backuptask/executor/CancellableBackupTaskExecutor.java
/sdcard/BAI-Test-1-complete-fixed/app/src/main/java/com/sumon/bundleapp/installer/backup2/backuptask/executor/SingleBackupTaskExecutor.java
/sdcard/BAI-Test-1-complete-fixed/app/src/main/java/com/sumon/bundleapp/installer/backup2/impl
/sdcard/BAI-Test-1-complete-fixed/app/src/main/java/com/sumon/bundleapp/installer/backup2/impl/BackupService2.java
/sdcard/BAI-Test-1-complete-fixed/app/src/main/java/com/sumon/bundleapp/installer/backup2/impl/components
/sdcard/BAI-Test-1-complete-fixed/app/src/main/java/com/sumon/bundleapp/installer/backup2/impl/components/SimpleBackupComponent.java
/sdcard/BAI-Test-1-complete-fixed/app/src/main/java/com/sumon/bundleapp/installer/backup2/impl/components/StandardComponentTypes.java
/sdcard/BAI-Test-1-complete-fixed/app/src/main/java/com/sumon/bundleapp/installer/backup2/impl/db
/sdcard/BAI-Test-1-complete-fixed/app/src/main/java/com/sumon/bundleapp/installer/backup2/impl/db/BackupComponentEntity.java
/sdcard/BAI-Test-1-complete-fixed/app/src/main/java/com/sumon/bundleapp/installer/backup2/impl/db/BackupDao.java
/sdcard/BAI-Test-1-complete-fixed/app/src/main/java/com/sumon/bundleapp/installer/backup2/impl/db/BackupEntity.java
/sdcard/BAI-Test-1-complete-fixed/app/src/main/java/com/sumon/bundleapp/installer/backup2/impl/db/BackupWithComponents.java
/sdcard/BAI-Test-1-complete-fixed/app/src/main/java/com/sumon/bundleapp/installer/backup2/impl/db/DaoBackedBackupIndex.java
/sdcard/BAI-Test-1-complete-fixed/app/src/main/java/com/sumon/bundleapp/installer/backup2/impl/DefaultBackupManager.java
/sdcard/BAI-Test-1-complete-fixed/app/src/main/java/com/sumon/bundleapp/installer/backup2/impl/local
/sdcard/BAI-Test-1-complete-fixed/app/src/main/java/com/sumon/bundleapp/installer/backup2/impl/local/LocalBackupStorage.java
/sdcard/BAI-Test-1-complete-fixed/app/src/main/java/com/sumon/bundleapp/installer/backup2/impl/local/LocalBackupStorageProvider.java
/sdcard/BAI-Test-1-complete-fixed/app/src/main/java/com/sumon/bundleapp/installer/backup2/impl/local/LocalBackupUtils.java
/sdcard/BAI-Test-1-complete-fixed/app/src/main/java/com/sumon/bundleapp/installer/backup2/impl/local/prefs
/sdcard/BAI-Test-1-complete-fixed/app/src/main/java/com/sumon/bundleapp/installer/backup2/impl/local/prefs/LocalBackupStoragePrefConstants.java
/sdcard/BAI-Test-1-complete-fixed/app/src/main/java/com/sumon/bundleapp/installer/backup2/impl/local/ui
/sdcard/BAI-Test-1-complete-fixed/app/src/main/java/com/sumon/bundleapp/installer/backup2/impl/local/ui/fragments
/sdcard/BAI-Test-1-complete-fixed/app/src/main/java/com/sumon/bundleapp/installer/backup2/impl/local/ui/fragments/LocalBackupStorageSettingsFragment.java
/sdcard/BAI-Test-1-complete-fixed/app/src/main/java/com/sumon/bundleapp/installer/backup2/impl/local/ui/fragments/LocalBackupStorageSetupFragment.java
/sdcard/BAI-Test-1-complete-fixed/app/src/main/java/com/sumon/bundleapp/installer/backup2/impl/local/ui/viewmodels
/sdcard/BAI-Test-1-complete-fixed/app/src/main/java/com/sumon/bundleapp/installer/backup2/impl/local/ui/viewmodels/LocalBackupStorageSetupViewModel.java
/sdcard/BAI-Test-1-complete-fixed/app/src/main/java/com/sumon/bundleapp/installer/backup2/impl/MutableBackup.java
/sdcard/BAI-Test-1-complete-fixed/app/src/main/java/com/sumon/bundleapp/installer/backup2/impl/storage
/sdcard/BAI-Test-1-complete-fixed/app/src/main/java/com/sumon/bundleapp/installer/backup2/impl/storage/ApksBackupStorage.java
/sdcard/BAI-Test-1-complete-fixed/app/src/main/java/com/sumon/bundleapp/installer/backup2/impl/storage/ApksSingleBackupTaskExecutor.java
/sdcard/BAI-Test-1-complete-fixed/app/src/main/java/com/sumon/bundleapp/installer/backup2/impl/storage/BaseBackupStorage.java
/sdcard/BAI-Test-1-complete-fixed/app/src/main/java/com/sumon/bundleapp/installer/common
/sdcard/BAI-Test-1-complete-fixed/app/src/main/java/com/sumon/bundleapp/installer/common/AppDatabase.java
/sdcard/BAI-Test-1-complete-fixed/app/src/main/java/com/sumon/bundleapp/installer/flavor
/sdcard/BAI-Test-1-complete-fixed/app/src/main/java/com/sumon/bundleapp/installer/flavor/FlavorInitProvider.java
/sdcard/BAI-Test-1-complete-fixed/app/src/main/java/com/sumon/bundleapp/installer/installer
/sdcard/BAI-Test-1-complete-fixed/app/src/main/java/com/sumon/bundleapp/installer/installer/ApkSourceBuilder.java
/sdcard/BAI-Test-1-complete-fixed/app/src/main/java/com/sumon/bundleapp/installer/installer/PackageInstallerProvider.java
/sdcard/BAI-Test-1-complete-fixed/app/src/main/java/com/sumon/bundleapp/installer/installer/QueuedInstallation.java
/sdcard/BAI-Test-1-complete-fixed/app/src/main/java/com/sumon/bundleapp/installer/installer/rooted
/sdcard/BAI-Test-1-complete-fixed/app/src/main/java/com/sumon/bundleapp/installer/installer/rooted/RootedSAIPackageInstaller.java
/sdcard/BAI-Test-1-complete-fixed/app/src/main/java/com/sumon/bundleapp/installer/installer/rootless
/sdcard/BAI-Test-1-complete-fixed/app/src/main/java/com/sumon/bundleapp/installer/installer/rootless/RootlessSAIPackageInstaller.java
/sdcard/BAI-Test-1-complete-fixed/app/src/main/java/com/sumon/bundleapp/installer/installer/rootless/RootlessSAIPIService.java
/sdcard/BAI-Test-1-complete-fixed/app/src/main/java/com/sumon/bundleapp/installer/installer/SAIPackageInstaller.java
/sdcard/BAI-Test-1-complete-fixed/app/src/main/java/com/sumon/bundleapp/installer/installer/ShellSAIPackageInstaller.java
/sdcard/BAI-Test-1-complete-fixed/app/src/main/java/com/sumon/bundleapp/installer/installer/shizuku
/sdcard/BAI-Test-1-complete-fixed/app/src/main/java/com/sumon/bundleapp/installer/installer/shizuku/ShizukuSAIPackageInstaller.java
/sdcard/BAI-Test-1-complete-fixed/app/src/main/java/com/sumon/bundleapp/installer/installer2
/sdcard/BAI-Test-1-complete-fixed/app/src/main/java/com/sumon/bundleapp/installer/installer2/base
/sdcard/BAI-Test-1-complete-fixed/app/src/main/java/com/sumon/bundleapp/installer/installer2/base/model
/sdcard/BAI-Test-1-complete-fixed/app/src/main/java/com/sumon/bundleapp/installer/installer2/base/model/AndroidPackageInstallerError.java
/sdcard/BAI-Test-1-complete-fixed/app/src/main/java/com/sumon/bundleapp/installer/installer2/base/model/SaiPiSessionParams.java
/sdcard/BAI-Test-1-complete-fixed/app/src/main/java/com/sumon/bundleapp/installer/installer2/base/model/SaiPiSessionState.java
/sdcard/BAI-Test-1-complete-fixed/app/src/main/java/com/sumon/bundleapp/installer/installer2/base/model/SaiPiSessionStatus.java
/sdcard/BAI-Test-1-complete-fixed/app/src/main/java/com/sumon/bundleapp/installer/installer2/base/SaiPackageInstaller.java
/sdcard/BAI-Test-1-complete-fixed/app/src/main/java/com/sumon/bundleapp/installer/installer2/base/SaiPiSessionObserver.java
/sdcard/BAI-Test-1-complete-fixed/app/src/main/java/com/sumon/bundleapp/installer/installer2/impl
/sdcard/BAI-Test-1-complete-fixed/app/src/main/java/com/sumon/bundleapp/installer/installer2/impl/BaseSaiPackageInstaller.java
/sdcard/BAI-Test-1-complete-fixed/app/src/main/java/com/sumon/bundleapp/installer/installer2/impl/FlexSaiPackageInstaller.java
/sdcard/BAI-Test-1-complete-fixed/app/src/main/java/com/sumon/bundleapp/installer/installer2/impl/rootless
/sdcard/BAI-Test-1-complete-fixed/app/src/main/java/com/sumon/bundleapp/installer/installer2/impl/rootless/ConfirmationIntentWrapperActivity2.java
/sdcard/BAI-Test-1-complete-fixed/app/src/main/java/com/sumon/bundleapp/installer/installer2/impl/rootless/RootlessSaiPackageInstaller.java
/sdcard/BAI-Test-1-complete-fixed/app/src/main/java/com/sumon/bundleapp/installer/installer2/impl/rootless/RootlessSaiPiBroadcastReceiver.java
/sdcard/BAI-Test-1-complete-fixed/app/src/main/java/com/sumon/bundleapp/installer/installer2/impl/shell
/sdcard/BAI-Test-1-complete-fixed/app/src/main/java/com/sumon/bundleapp/installer/installer2/impl/shell/RootedSaiPackageInstaller.java
/sdcard/BAI-Test-1-complete-fixed/app/src/main/java/com/sumon/bundleapp/installer/installer2/impl/shell/ShellSaiPackageInstaller.java
/sdcard/BAI-Test-1-complete-fixed/app/src/main/java/com/sumon/bundleapp/installer/installer2/impl/shell/ShizukuSaiPackageInstaller.java
/sdcard/BAI-Test-1-complete-fixed/app/src/main/java/com/sumon/bundleapp/installer/installerx
/sdcard/BAI-Test-1-complete-fixed/app/src/main/java/com/sumon/bundleapp/installer/installerx/common
/sdcard/BAI-Test-1-complete-fixed/app/src/main/java/com/sumon/bundleapp/installer/installerx/common/Category.java
/sdcard/BAI-Test-1-complete-fixed/app/src/main/java/com/sumon/bundleapp/installer/installerx/common/MutableSplitCategory.java
/sdcard/BAI-Test-1-complete-fixed/app/src/main/java/com/sumon/bundleapp/installer/installerx/common/MutableSplitPart.java
/sdcard/BAI-Test-1-complete-fixed/app/src/main/java/com/sumon/bundleapp/installer/installerx/common/ParserContext.java
/sdcard/BAI-Test-1-complete-fixed/app/src/main/java/com/sumon/bundleapp/installer/installerx/common/SealedSplitCategory.java
/sdcard/BAI-Test-1-complete-fixed/app/src/main/java/com/sumon/bundleapp/installer/installerx/common/SealedSplitPart.java
/sdcard/BAI-Test-1-complete-fixed/app/src/main/java/com/sumon/bundleapp/installer/installerx/common/SplitApkSourceMeta.java
/sdcard/BAI-Test-1-complete-fixed/app/src/main/java/com/sumon/bundleapp/installer/installerx/common/SplitCategory.java
/sdcard/BAI-Test-1-complete-fixed/app/src/main/java/com/sumon/bundleapp/installer/installerx/common/SplitPart.java
/sdcard/BAI-Test-1-complete-fixed/app/src/main/java/com/sumon/bundleapp/installer/installerx/postprocessing
/sdcard/BAI-Test-1-complete-fixed/app/src/main/java/com/sumon/bundleapp/installer/installerx/postprocessing/DeviceInfoAwarePostprocessor.java
/sdcard/BAI-Test-1-complete-fixed/app/src/main/java/com/sumon/bundleapp/installer/installerx/postprocessing/HugeAppWarningPostprocessor.java
/sdcard/BAI-Test-1-complete-fixed/app/src/main/java/com/sumon/bundleapp/installer/installerx/postprocessing/Postprocessor.java
/sdcard/BAI-Test-1-complete-fixed/app/src/main/java/com/sumon/bundleapp/installer/installerx/postprocessing/SortPostprocessor.java
/sdcard/BAI-Test-1-complete-fixed/app/src/main/java/com/sumon/bundleapp/installer/installerx/resolver
/sdcard/BAI-Test-1-complete-fixed/app/src/main/java/com/sumon/bundleapp/installer/installerx/resolver/appmeta
/sdcard/BAI-Test-1-complete-fixed/app/src/main/java/com/sumon/bundleapp/installer/installerx/resolver/appmeta/apkm
/sdcard/BAI-Test-1-complete-fixed/app/src/main/java/com/sumon/bundleapp/installer/installerx/resolver/appmeta/apkm/ApkmAppMetaExtractor.java
/sdcard/BAI-Test-1-complete-fixed/app/src/main/java/com/sumon/bundleapp/installer/installerx/resolver/appmeta/apks
/sdcard/BAI-Test-1-complete-fixed/app/src/main/java/com/sumon/bundleapp/installer/installerx/resolver/appmeta/apks/SaiAppMetaExtractor.java
/sdcard/BAI-Test-1-complete-fixed/app/src/main/java/com/sumon/bundleapp/installer/installerx/resolver/appmeta/AppMeta.java
/sdcard/BAI-Test-1-complete-fixed/app/src/main/java/com/sumon/bundleapp/installer/installerx/resolver/appmeta/AppMetaExtractor.java
/sdcard/BAI-Test-1-complete-fixed/app/src/main/java/com/sumon/bundleapp/installer/installerx/resolver/appmeta/brute
/sdcard/BAI-Test-1-complete-fixed/app/src/main/java/com/sumon/bundleapp/installer/installerx/resolver/appmeta/brute/BruteAppMetaExtractor.java
/sdcard/BAI-Test-1-complete-fixed/app/src/main/java/com/sumon/bundleapp/installer/installerx/resolver/appmeta/DefaultAppMetaExtractor.java
/sdcard/BAI-Test-1-complete-fixed/app/src/main/java/com/sumon/bundleapp/installer/installerx/resolver/appmeta/installedapp
/sdcard/BAI-Test-1-complete-fixed/app/src/main/java/com/sumon/bundleapp/installer/installerx/resolver/appmeta/installedapp/InstalledAppAppMetaExtractor.java
/sdcard/BAI-Test-1-complete-fixed/app/src/main/java/com/sumon/bundleapp/installer/installerx/resolver/appmeta/xapk
/sdcard/BAI-Test-1-complete-fixed/app/src/main/java/com/sumon/bundleapp/installer/installerx/resolver/appmeta/xapk/XapkAppMetaExtractor.java
/sdcard/BAI-Test-1-complete-fixed/app/src/main/java/com/sumon/bundleapp/installer/installerx/resolver/meta
/sdcard/BAI-Test-1-complete-fixed/app/src/main/java/com/sumon/bundleapp/installer/installerx/resolver/meta/ApkSourceFile.java
/sdcard/BAI-Test-1-complete-fixed/app/src/main/java/com/sumon/bundleapp/installer/installerx/resolver/meta/ApkSourceMetaResolutionError.java
/sdcard/BAI-Test-1-complete-fixed/app/src/main/java/com/sumon/bundleapp/installer/installerx/resolver/meta/ApkSourceMetaResolutionResult.java
/sdcard/BAI-Test-1-complete-fixed/app/src/main/java/com/sumon/bundleapp/installer/installerx/resolver/meta/impl
/sdcard/BAI-Test-1-complete-fixed/app/src/main/java/com/sumon/bundleapp/installer/installerx/resolver/meta/impl/DefaultSplitApkSourceMetaResolver.java
/sdcard/BAI-Test-1-complete-fixed/app/src/main/java/com/sumon/bundleapp/installer/installerx/resolver/meta/impl/InstalledAppApkSourceFile.java
/sdcard/BAI-Test-1-complete-fixed/app/src/main/java/com/sumon/bundleapp/installer/installerx/resolver/meta/impl/ZipFileApkSourceFile.java
/sdcard/BAI-Test-1-complete-fixed/app/src/main/java/com/sumon/bundleapp/installer/installerx/resolver/meta/Notice.java
/sdcard/BAI-Test-1-complete-fixed/app/src/main/java/com/sumon/bundleapp/installer/installerx/resolver/meta/SplitApkSourceMetaResolver.java
/sdcard/BAI-Test-1-complete-fixed/app/src/main/java/com/sumon/bundleapp/installer/installerx/resolver/urimess
/sdcard/BAI-Test-1-complete-fixed/app/src/main/java/com/sumon/bundleapp/installer/installerx/resolver/urimess/impl
/sdcard/BAI-Test-1-complete-fixed/app/src/main/java/com/sumon/bundleapp/installer/installerx/resolver/urimess/impl/AndroidUriHost.java
/sdcard/BAI-Test-1-complete-fixed/app/src/main/java/com/sumon/bundleapp/installer/installerx/resolver/urimess/impl/DefaultUriMessResolver.java
/sdcard/BAI-Test-1-complete-fixed/app/src/main/java/com/sumon/bundleapp/installer/installerx/resolver/urimess/SourceType.java
/sdcard/BAI-Test-1-complete-fixed/app/src/main/java/com/sumon/bundleapp/installer/installerx/resolver/urimess/UriHost.java
/sdcard/BAI-Test-1-complete-fixed/app/src/main/java/com/sumon/bundleapp/installer/installerx/resolver/urimess/UriHostFactory.java
/sdcard/BAI-Test-1-complete-fixed/app/src/main/java/com/sumon/bundleapp/installer/installerx/resolver/urimess/UriMessResolutionError.java
/sdcard/BAI-Test-1-complete-fixed/app/src/main/java/com/sumon/bundleapp/installer/installerx/resolver/urimess/UriMessResolutionResult.java
/sdcard/BAI-Test-1-complete-fixed/app/src/main/java/com/sumon/bundleapp/installer/installerx/resolver/urimess/UriMessResolver.java
/sdcard/BAI-Test-1-complete-fixed/app/src/main/java/com/sumon/bundleapp/installer/installerx/splitmeta
/sdcard/BAI-Test-1-complete-fixed/app/src/main/java/com/sumon/bundleapp/installer/installerx/splitmeta/BaseSplitMeta.java
/sdcard/BAI-Test-1-complete-fixed/app/src/main/java/com/sumon/bundleapp/installer/installerx/splitmeta/config
/sdcard/BAI-Test-1-complete-fixed/app/src/main/java/com/sumon/bundleapp/installer/installerx/splitmeta/config/AbiConfigSplitMeta.java
/sdcard/BAI-Test-1-complete-fixed/app/src/main/java/com/sumon/bundleapp/installer/installerx/splitmeta/config/ConfigSplitMeta.java
/sdcard/BAI-Test-1-complete-fixed/app/src/main/java/com/sumon/bundleapp/installer/installerx/splitmeta/config/LocaleConfigSplitMeta.java
/sdcard/BAI-Test-1-complete-fixed/app/src/main/java/com/sumon/bundleapp/installer/installerx/splitmeta/config/ScreenDestinyConfigSplitMeta.java
/sdcard/BAI-Test-1-complete-fixed/app/src/main/java/com/sumon/bundleapp/installer/installerx/splitmeta/config/UnknownConfigSplitMeta.java
/sdcard/BAI-Test-1-complete-fixed/app/src/main/java/com/sumon/bundleapp/installer/installerx/splitmeta/FeatureSplitMeta.java
/sdcard/BAI-Test-1-complete-fixed/app/src/main/java/com/sumon/bundleapp/installer/installerx/splitmeta/SplitMeta.java
/sdcard/BAI-Test-1-complete-fixed/app/src/main/java/com/sumon/bundleapp/installer/installerx/splitmeta/UnknownSplitMeta.java
/sdcard/BAI-Test-1-complete-fixed/app/src/main/java/com/sumon/bundleapp/installer/installerx/util
/sdcard/BAI-Test-1-complete-fixed/app/src/main/java/com/sumon/bundleapp/installer/installerx/util/AndroidBinXmlParser.java
/sdcard/BAI-Test-1-complete-fixed/app/src/main/java/com/sumon/bundleapp/installer/legal
/sdcard/BAI-Test-1-complete-fixed/app/src/main/java/com/sumon/bundleapp/installer/legal/DefaultLegalStuffProvider.java
/sdcard/BAI-Test-1-complete-fixed/app/src/main/java/com/sumon/bundleapp/installer/legal/LegalStuffProvider.java
/sdcard/BAI-Test-1-complete-fixed/app/src/main/java/com/sumon/bundleapp/installer/model
/sdcard/BAI-Test-1-complete-fixed/app/src/main/java/com/sumon/bundleapp/installer/model/apksource
/sdcard/BAI-Test-1-complete-fixed/app/src/main/java/com/sumon/bundleapp/installer/model/apksource/ApkSource.java
/sdcard/BAI-Test-1-complete-fixed/app/src/main/java/com/sumon/bundleapp/installer/model/apksource/CopyToFileApkSource.java
/sdcard/BAI-Test-1-complete-fixed/app/src/main/java/com/sumon/bundleapp/installer/model/apksource/DefaultApkSource.java
/sdcard/BAI-Test-1-complete-fixed/app/src/main/java/com/sumon/bundleapp/installer/model/apksource/FilterApkSource.java
/sdcard/BAI-Test-1-complete-fixed/app/src/main/java/com/sumon/bundleapp/installer/model/apksource/SignerApkSource.java
/sdcard/BAI-Test-1-complete-fixed/app/src/main/java/com/sumon/bundleapp/installer/model/apksource/ZipApkSource.java
/sdcard/BAI-Test-1-complete-fixed/app/src/main/java/com/sumon/bundleapp/installer/model/apksource/ZipBackedApkSource.java
/sdcard/BAI-Test-1-complete-fixed/app/src/main/java/com/sumon/bundleapp/installer/model/apksource/ZipExtractorApkSource.java
/sdcard/BAI-Test-1-complete-fixed/app/src/main/java/com/sumon/bundleapp/installer/model/apksource/ZipFileApkSource.java
/sdcard/BAI-Test-1-complete-fixed/app/src/main/java/com/sumon/bundleapp/installer/model/backup
/sdcard/BAI-Test-1-complete-fixed/app/src/main/java/com/sumon/bundleapp/installer/model/backup/BackupNameFormatBuilder.java
/sdcard/BAI-Test-1-complete-fixed/app/src/main/java/com/sumon/bundleapp/installer/model/backup/BackupPackagesFilterConfig.java
/sdcard/BAI-Test-1-complete-fixed/app/src/main/java/com/sumon/bundleapp/installer/model/backup/SaiExportedAppMeta.java
/sdcard/BAI-Test-1-complete-fixed/app/src/main/java/com/sumon/bundleapp/installer/model/backup/SaiExportedAppMeta2.java
/sdcard/BAI-Test-1-complete-fixed/app/src/main/java/com/sumon/bundleapp/installer/model/backup/SimpleAppFeature.java
/sdcard/BAI-Test-1-complete-fixed/app/src/main/java/com/sumon/bundleapp/installer/model/backup/SplitApkPart.java
/sdcard/BAI-Test-1-complete-fixed/app/src/main/java/com/sumon/bundleapp/installer/model/common
/sdcard/BAI-Test-1-complete-fixed/app/src/main/java/com/sumon/bundleapp/installer/model/common/AppFeature.java
/sdcard/BAI-Test-1-complete-fixed/app/src/main/java/com/sumon/bundleapp/installer/model/common/PackageMeta.java
/sdcard/BAI-Test-1-complete-fixed/app/src/main/java/com/sumon/bundleapp/installer/model/filedescriptor
/sdcard/BAI-Test-1-complete-fixed/app/src/main/java/com/sumon/bundleapp/installer/model/filedescriptor/ContentUriFileDescriptor.java
/sdcard/BAI-Test-1-complete-fixed/app/src/main/java/com/sumon/bundleapp/installer/model/filedescriptor/FileDescriptor.java
/sdcard/BAI-Test-1-complete-fixed/app/src/main/java/com/sumon/bundleapp/installer/model/filedescriptor/NormalFileDescriptor.java
/sdcard/BAI-Test-1-complete-fixed/app/src/main/java/com/sumon/bundleapp/installer/model/licenses
/sdcard/BAI-Test-1-complete-fixed/app/src/main/java/com/sumon/bundleapp/installer/model/licenses/License.java
/sdcard/BAI-Test-1-complete-fixed/app/src/main/java/com/sumon/bundleapp/installer/shell
/sdcard/BAI-Test-1-complete-fixed/app/src/main/java/com/sumon/bundleapp/installer/shell/PersistentShellSession.java
/sdcard/BAI-Test-1-complete-fixed/app/src/main/java/com/sumon/bundleapp/installer/shell/Shell.java
/sdcard/BAI-Test-1-complete-fixed/app/src/main/java/com/sumon/bundleapp/installer/shell/ShizukuShell.java
/sdcard/BAI-Test-1-complete-fixed/app/src/main/java/com/sumon/bundleapp/installer/shell/SuShell.java
/sdcard/BAI-Test-1-complete-fixed/app/src/main/java/com/sumon/bundleapp/installer/shizuku
/sdcard/BAI-Test-1-complete-fixed/app/src/main/java/com/sumon/bundleapp/installer/shizuku/SuiInitProvider.java
/sdcard/BAI-Test-1-complete-fixed/app/src/main/java/com/sumon/bundleapp/installer/ui
/sdcard/BAI-Test-1-complete-fixed/app/src/main/java/com/sumon/bundleapp/installer/ui/activities
/sdcard/BAI-Test-1-complete-fixed/app/src/main/java/com/sumon/bundleapp/installer/ui/activities/AboutActivity.java
/sdcard/BAI-Test-1-complete-fixed/app/src/main/java/com/sumon/bundleapp/installer/ui/activities/ApkActionViewProxyActivity.java
/sdcard/BAI-Test-1-complete-fixed/app/src/main/java/com/sumon/bundleapp/installer/ui/activities/BackupManageAppActivity.java
/sdcard/BAI-Test-1-complete-fixed/app/src/main/java/com/sumon/bundleapp/installer/ui/activities/BackupSettingsActivity.java
/sdcard/BAI-Test-1-complete-fixed/app/src/main/java/com/sumon/bundleapp/installer/ui/activities/ConfirmationIntentWrapperActivity.java
/sdcard/BAI-Test-1-complete-fixed/app/src/main/java/com/sumon/bundleapp/installer/ui/activities/EulaActivity.java
/sdcard/BAI-Test-1-complete-fixed/app/src/main/java/com/sumon/bundleapp/installer/ui/activities/LicensesActivity.java
/sdcard/BAI-Test-1-complete-fixed/app/src/main/java/com/sumon/bundleapp/installer/ui/activities/MainActivity.java
/sdcard/BAI-Test-1-complete-fixed/app/src/main/java/com/sumon/bundleapp/installer/ui/activities/MiActivity.java
/sdcard/BAI-Test-1-complete-fixed/app/src/main/java/com/sumon/bundleapp/installer/ui/activities/PreferencesActivity.java
/sdcard/BAI-Test-1-complete-fixed/app/src/main/java/com/sumon/bundleapp/installer/ui/activities/ThemedActivity.java
/sdcard/BAI-Test-1-complete-fixed/app/src/main/java/com/sumon/bundleapp/installer/ui/dialogs
/sdcard/BAI-Test-1-complete-fixed/app/src/main/java/com/sumon/bundleapp/installer/ui/dialogs/AppInstalledDialogFragment.java
/sdcard/BAI-Test-1-complete-fixed/app/src/main/java/com/sumon/bundleapp/installer/ui/dialogs/BackupDialogFragment.java
/sdcard/BAI-Test-1-complete-fixed/app/src/main/java/com/sumon/bundleapp/installer/ui/dialogs/base
/sdcard/BAI-Test-1-complete-fixed/app/src/main/java/com/sumon/bundleapp/installer/ui/dialogs/base/BaseBottomSheetDialogFragment.java
/sdcard/BAI-Test-1-complete-fixed/app/src/main/java/com/sumon/bundleapp/installer/ui/dialogs/BatchBackupDialogFragment.java
/sdcard/BAI-Test-1-complete-fixed/app/src/main/java/com/sumon/bundleapp/installer/ui/dialogs/DarkLightThemeSelectionDialogFragment.java
/sdcard/BAI-Test-1-complete-fixed/app/src/main/java/com/sumon/bundleapp/installer/ui/dialogs/DeleteBackupConfirmationDialog.java
/sdcard/BAI-Test-1-complete-fixed/app/src/main/java/com/sumon/bundleapp/installer/ui/dialogs/ErrorLogDialogFragment.java
/sdcard/BAI-Test-1-complete-fixed/app/src/main/java/com/sumon/bundleapp/installer/ui/dialogs/ErrorLogDialogFragment2.java
/sdcard/BAI-Test-1-complete-fixed/app/src/main/java/com/sumon/bundleapp/installer/ui/dialogs/FilePickerDialogFragment.java
/sdcard/BAI-Test-1-complete-fixed/app/src/main/java/com/sumon/bundleapp/installer/ui/dialogs/InstallationConfirmationDialogFragment.java
/sdcard/BAI-Test-1-complete-fixed/app/src/main/java/com/sumon/bundleapp/installer/ui/dialogs/InstallerXDialogFragment.java
/sdcard/BAI-Test-1-complete-fixed/app/src/main/java/com/sumon/bundleapp/installer/ui/dialogs/MiuiWarningDialogFragment.java
/sdcard/BAI-Test-1-complete-fixed/app/src/main/java/com/sumon/bundleapp/installer/ui/dialogs/NameFormatBuilderDialogFragment.java
/sdcard/BAI-Test-1-complete-fixed/app/src/main/java/com/sumon/bundleapp/installer/ui/dialogs/OneTimeWarningDialogFragment.java
/sdcard/BAI-Test-1-complete-fixed/app/src/main/java/com/sumon/bundleapp/installer/ui/dialogs/RestoreBackupDialogFragment.java
/sdcard/BAI-Test-1-complete-fixed/app/src/main/java/com/sumon/bundleapp/installer/ui/dialogs/SimpleAlertDialogFragment.java
/sdcard/BAI-Test-1-complete-fixed/app/src/main/java/com/sumon/bundleapp/installer/ui/dialogs/SingleChoiceListDialogFragment.java
/sdcard/BAI-Test-1-complete-fixed/app/src/main/java/com/sumon/bundleapp/installer/ui/dialogs/ThemeSelectionDialogFragment.java
/sdcard/BAI-Test-1-complete-fixed/app/src/main/java/com/sumon/bundleapp/installer/ui/dialogs/UriDirectoryPickerDialogFragment.java
/sdcard/BAI-Test-1-complete-fixed/app/src/main/java/com/sumon/bundleapp/installer/ui/fragments
/sdcard/BAI-Test-1-complete-fixed/app/src/main/java/com/sumon/bundleapp/installer/ui/fragments/BackupFragment.java
/sdcard/BAI-Test-1-complete-fixed/app/src/main/java/com/sumon/bundleapp/installer/ui/fragments/BackupManageAppFragment.java
/sdcard/BAI-Test-1-complete-fixed/app/src/main/java/com/sumon/bundleapp/installer/ui/fragments/Installer2Fragment.java
/sdcard/BAI-Test-1-complete-fixed/app/src/main/java/com/sumon/bundleapp/installer/ui/fragments/InstallerFragment.java
/sdcard/BAI-Test-1-complete-fixed/app/src/main/java/com/sumon/bundleapp/installer/ui/fragments/LegacyInstallerFragment.java
/sdcard/BAI-Test-1-complete-fixed/app/src/main/java/com/sumon/bundleapp/installer/ui/fragments/miui
/sdcard/BAI-Test-1-complete-fixed/app/src/main/java/com/sumon/bundleapp/installer/ui/fragments/miui/MiEntryFragment.java
/sdcard/BAI-Test-1-complete-fixed/app/src/main/java/com/sumon/bundleapp/installer/ui/fragments/PreferencesFragment.java
/sdcard/BAI-Test-1-complete-fixed/app/src/main/java/com/sumon/bundleapp/installer/ui/fragments/SaiBaseFragment.java
/sdcard/BAI-Test-1-complete-fixed/app/src/main/java/com/sumon/bundleapp/installer/ui/fragments/SuperSecretPreferencesFragment.java
/sdcard/BAI-Test-1-complete-fixed/app/src/main/java/com/sumon/bundleapp/installer/ui/recycler
/sdcard/BAI-Test-1-complete-fixed/app/src/main/java/com/sumon/bundleapp/installer/ui/recycler/InstallerXAdapterDividerItemDecoration.java
/sdcard/BAI-Test-1-complete-fixed/app/src/main/java/com/sumon/bundleapp/installer/ui/recycler/RecyclerPaddingDecoration.java
/sdcard/BAI-Test-1-complete-fixed/app/src/main/java/com/sumon/bundleapp/installer/utils
/sdcard/BAI-Test-1-complete-fixed/app/src/main/java/com/sumon/bundleapp/installer/utils/AlertsUtils.java
/sdcard/BAI-Test-1-complete-fixed/app/src/main/java/com/sumon/bundleapp/installer/utils/BackupNameFormat.java
/sdcard/BAI-Test-1-complete-fixed/app/src/main/java/com/sumon/bundleapp/installer/utils/BiConsumer.java
/sdcard/BAI-Test-1-complete-fixed/app/src/main/java/com/sumon/bundleapp/installer/utils/DbgPreferencesHelper.java
/sdcard/BAI-Test-1-complete-fixed/app/src/main/java/com/sumon/bundleapp/installer/utils/DbgPreferencesKeys.java
/sdcard/BAI-Test-1-complete-fixed/app/src/main/java/com/sumon/bundleapp/installer/utils/Event.java
/sdcard/BAI-Test-1-complete-fixed/app/src/main/java/com/sumon/bundleapp/installer/utils/Event2.java
/sdcard/BAI-Test-1-complete-fixed/app/src/main/java/com/sumon/bundleapp/installer/utils/FragmentNavigator.java
/sdcard/BAI-Test-1-complete-fixed/app/src/main/java/com/sumon/bundleapp/installer/utils/InsetsUtils.java
/sdcard/BAI-Test-1-complete-fixed/app/src/main/java/com/sumon/bundleapp/installer/utils/IOUtils.java
/sdcard/BAI-Test-1-complete-fixed/app/src/main/java/com/sumon/bundleapp/installer/utils/Locker.java
/sdcard/BAI-Test-1-complete-fixed/app/src/main/java/com/sumon/bundleapp/installer/utils/Logs.java
/sdcard/BAI-Test-1-complete-fixed/app/src/main/java/com/sumon/bundleapp/installer/utils/MapBackedLocker.java
/sdcard/BAI-Test-1-complete-fixed/app/src/main/java/com/sumon/bundleapp/installer/utils/MathUtils.java
/sdcard/BAI-Test-1-complete-fixed/app/src/main/java/com/sumon/bundleapp/installer/utils/MiuiUtils.java
/sdcard/BAI-Test-1-complete-fixed/app/src/main/java/com/sumon/bundleapp/installer/utils/NotificationHelper.java
/sdcard/BAI-Test-1-complete-fixed/app/src/main/java/com/sumon/bundleapp/installer/utils/PermissionsUtils.java
/sdcard/BAI-Test-1-complete-fixed/app/src/main/java/com/sumon/bundleapp/installer/utils/PreferencesHelper.java
/sdcard/BAI-Test-1-complete-fixed/app/src/main/java/com/sumon/bundleapp/installer/utils/PreferencesKeys.java
/sdcard/BAI-Test-1-complete-fixed/app/src/main/java/com/sumon/bundleapp/installer/utils/PreferencesValues.java
/sdcard/BAI-Test-1-complete-fixed/app/src/main/java/com/sumon/bundleapp/installer/utils/RwLock.java
/sdcard/BAI-Test-1-complete-fixed/app/src/main/java/com/sumon/bundleapp/installer/utils/saf
/sdcard/BAI-Test-1-complete-fixed/app/src/main/java/com/sumon/bundleapp/installer/utils/saf/FileUtils.java
/sdcard/BAI-Test-1-complete-fixed/app/src/main/java/com/sumon/bundleapp/installer/utils/saf/SafUtils.java
/sdcard/BAI-Test-1-complete-fixed/app/src/main/java/com/sumon/bundleapp/installer/utils/SimpleAsyncTask.java
/sdcard/BAI-Test-1-complete-fixed/app/src/main/java/com/sumon/bundleapp/installer/utils/Stopwatch.java
/sdcard/BAI-Test-1-complete-fixed/app/src/main/java/com/sumon/bundleapp/installer/utils/TextUtils.java
/sdcard/BAI-Test-1-complete-fixed/app/src/main/java/com/sumon/bundleapp/installer/utils/Theme.java
/sdcard/BAI-Test-1-complete-fixed/app/src/main/java/com/sumon/bundleapp/installer/utils/TriConsumer.java
/sdcard/BAI-Test-1-complete-fixed/app/src/main/java/com/sumon/bundleapp/installer/utils/Utils.java
/sdcard/BAI-Test-1-complete-fixed/app/src/main/java/com/sumon/bundleapp/installer/view
/sdcard/BAI-Test-1-complete-fixed/app/src/main/java/com/sumon/bundleapp/installer/view/coolbar
/sdcard/BAI-Test-1-complete-fixed/app/src/main/java/com/sumon/bundleapp/installer/view/coolbar/Coolbar.java
/sdcard/BAI-Test-1-complete-fixed/app/src/main/java/com/sumon/bundleapp/installer/view/NonInteractiveRecyclerView.java
/sdcard/BAI-Test-1-complete-fixed/app/src/main/java/com/sumon/bundleapp/installer/view/ThemeView.java
/sdcard/BAI-Test-1-complete-fixed/app/src/main/java/com/sumon/bundleapp/installer/view/ViewSwitcherLayout.java
/sdcard/BAI-Test-1-complete-fixed/app/src/main/java/com/sumon/bundleapp/installer/viewmodels
/sdcard/BAI-Test-1-complete-fixed/app/src/main/java/com/sumon/bundleapp/installer/viewmodels/BackupDialogViewModel.java
/sdcard/BAI-Test-1-complete-fixed/app/src/main/java/com/sumon/bundleapp/installer/viewmodels/BackupManageAppViewModel.java
/sdcard/BAI-Test-1-complete-fixed/app/src/main/java/com/sumon/bundleapp/installer/viewmodels/BackupViewModel.java
/sdcard/BAI-Test-1-complete-fixed/app/src/main/java/com/sumon/bundleapp/installer/viewmodels/BatchBackupDialogViewModel.java
/sdcard/BAI-Test-1-complete-fixed/app/src/main/java/com/sumon/bundleapp/installer/viewmodels/DarkLightThemeSelectionViewModel.java
/sdcard/BAI-Test-1-complete-fixed/app/src/main/java/com/sumon/bundleapp/installer/viewmodels/factory
/sdcard/BAI-Test-1-complete-fixed/app/src/main/java/com/sumon/bundleapp/installer/viewmodels/factory/BackupManageAppViewModelFactory.java
/sdcard/BAI-Test-1-complete-fixed/app/src/main/java/com/sumon/bundleapp/installer/viewmodels/factory/BatchBackupDialogViewModelFactory.java
/sdcard/BAI-Test-1-complete-fixed/app/src/main/java/com/sumon/bundleapp/installer/viewmodels/factory/InstallerXDialogViewModelFactory.java
/sdcard/BAI-Test-1-complete-fixed/app/src/main/java/com/sumon/bundleapp/installer/viewmodels/InstallerViewModel.java
/sdcard/BAI-Test-1-complete-fixed/app/src/main/java/com/sumon/bundleapp/installer/viewmodels/InstallerXDialogViewModel.java
/sdcard/BAI-Test-1-complete-fixed/app/src/main/java/com/sumon/bundleapp/installer/viewmodels/LegacyInstallerViewModel.java
/sdcard/BAI-Test-1-complete-fixed/app/src/main/java/com/sumon/bundleapp/installer/viewmodels/LicensesViewModel.java
/sdcard/BAI-Test-1-complete-fixed/app/src/main/java/com/sumon/bundleapp/installer/viewmodels/MiEntryViewModel.java
/sdcard/BAI-Test-1-complete-fixed/app/src/main/java/com/sumon/bundleapp/installer/viewmodels/NameFormatBuilderViewModel.java
/sdcard/BAI-Test-1-complete-fixed/app/src/main/res
/sdcard/BAI-Test-1-complete-fixed/app/src/main/res/anim
/sdcard/BAI-Test-1-complete-fixed/app/src/main/res/anim/alpha_in.xml
/sdcard/BAI-Test-1-complete-fixed/app/src/main/res/anim/alpha_out.xml
/sdcard/BAI-Test-1-complete-fixed/app/src/main/res/color
/sdcard/BAI-Test-1-complete-fixed/app/src/main/res/color/selector_bottom_navigation.xml
/sdcard/BAI-Test-1-complete-fixed/app/src/main/res/color/selector_chip_background_color_filter.xml
/sdcard/BAI-Test-1-complete-fixed/app/src/main/res/color/selector_chip_background_color_selection.xml
/sdcard/BAI-Test-1-complete-fixed/app/src/main/res/color/selector_chip_text_color_selection.xml
/sdcard/BAI-Test-1-complete-fixed/app/src/main/res/color/selector_fastscroll_thumb_color.xml
/sdcard/BAI-Test-1-complete-fixed/app/src/main/res/color/selector_outlined_button_outline_color.xml
/sdcard/BAI-Test-1-complete-fixed/app/src/main/res/color/selector_outlined_button_text_color.xml
/sdcard/BAI-Test-1-complete-fixed/app/src/main/res/color/selector_radio_button.xml
/sdcard/BAI-Test-1-complete-fixed/app/src/main/res/color/selector_theme_card_ripple.xml
/sdcard/BAI-Test-1-complete-fixed/app/src/main/res/color/textinputlayout_outline_color.xml
/sdcard/BAI-Test-1-complete-fixed/app/src/main/res/drawable
/sdcard/BAI-Test-1-complete-fixed/app/src/main/res/drawable/bg_outline_button.xml
/sdcard/BAI-Test-1-complete-fixed/app/src/main/res/drawable/bg_rounded_alert_dialog.xml
/sdcard/BAI-Test-1-complete-fixed/app/src/main/res/drawable/bg_rounded_popup.xml
/sdcard/BAI-Test-1-complete-fixed/app/src/main/res/drawable/fastscroll_thumb.xml
/sdcard/BAI-Test-1-complete-fixed/app/src/main/res/drawable/fastscroll_thumb_shape.xml
/sdcard/BAI-Test-1-complete-fixed/app/src/main/res/drawable/ic_backup_enqueue.xml
/sdcard/BAI-Test-1-complete-fixed/app/src/main/res/drawable/ic_backup_status_higher_version.xml
/sdcard/BAI-Test-1-complete-fixed/app/src/main/res/drawable/ic_backup_status_lower_version.xml
/sdcard/BAI-Test-1-complete-fixed/app/src/main/res/drawable/ic_backup_status_not_installed.xml
/sdcard/BAI-Test-1-complete-fixed/app/src/main/res/drawable/ic_backup_status_no_backup.xml
/sdcard/BAI-Test-1-complete-fixed/app/src/main/res/drawable/ic_backup_status_same_version.xml
/sdcard/BAI-Test-1-complete-fixed/app/src/main/res/drawable/ic_chip_checked.xml
/sdcard/BAI-Test-1-complete-fixed/app/src/main/res/drawable/ic_clear_selection.xml
/sdcard/BAI-Test-1-complete-fixed/app/src/main/res/drawable/ic_dark_theme_2.xml
/sdcard/BAI-Test-1-complete-fixed/app/src/main/res/drawable/ic_delete.xml
/sdcard/BAI-Test-1-complete-fixed/app/src/main/res/drawable/ic_error.xml
/sdcard/BAI-Test-1-complete-fixed/app/src/main/res/drawable/ic_filter.xml
/sdcard/BAI-Test-1-complete-fixed/app/src/main/res/drawable/ic_go_back.xml
/sdcard/BAI-Test-1-complete-fixed/app/src/main/res/drawable/ic_help.xml
/sdcard/BAI-Test-1-complete-fixed/app/src/main/res/drawable/ic_install_full.xml
/sdcard/BAI-Test-1-complete-fixed/app/src/main/res/drawable/ic_language.xml
/sdcard/BAI-Test-1-complete-fixed/app/src/main/res/drawable/ic_launch.xml
/sdcard/BAI-Test-1-complete-fixed/app/src/main/res/drawable/ic_light_theme.xml
/sdcard/BAI-Test-1-complete-fixed/app/src/main/res/drawable/ic_more.xml
/sdcard/BAI-Test-1-complete-fixed/app/src/main/res/drawable/ic_pref_analytics.xml
/sdcard/BAI-Test-1-complete-fixed/app/src/main/res/drawable/ic_pref_auto_theme.xml
/sdcard/BAI-Test-1-complete-fixed/app/src/main/res/drawable/ic_pref_backup_dir.xml
/sdcard/BAI-Test-1-complete-fixed/app/src/main/res/drawable/ic_pref_backup_name_format.xml
/sdcard/BAI-Test-1-complete-fixed/app/src/main/res/drawable/ic_pref_backup_settings.xml
/sdcard/BAI-Test-1-complete-fixed/app/src/main/res/drawable/ic_pref_enable_apk_action_view.xml
/sdcard/BAI-Test-1-complete-fixed/app/src/main/res/drawable/ic_pref_feature.xml
/sdcard/BAI-Test-1-complete-fixed/app/src/main/res/drawable/ic_pref_home.xml
/sdcard/BAI-Test-1-complete-fixed/app/src/main/res/drawable/ic_pref_info.xml
/sdcard/BAI-Test-1-complete-fixed/app/src/main/res/drawable/ic_pref_install_location.xml
/sdcard/BAI-Test-1-complete-fixed/app/src/main/res/drawable/ic_pref_key.xml
/sdcard/BAI-Test-1-complete-fixed/app/src/main/res/drawable/ic_pref_language.xml
/sdcard/BAI-Test-1-complete-fixed/app/src/main/res/drawable/ic_pref_old_installer.xml
/sdcard/BAI-Test-1-complete-fixed/app/src/main/res/drawable/ic_pref_pro_mode.xml
/sdcard/BAI-Test-1-complete-fixed/app/src/main/res/drawable/ic_pref_root.xml
/sdcard/BAI-Test-1-complete-fixed/app/src/main/res/drawable/ic_pref_show_dialogs.xml
/sdcard/BAI-Test-1-complete-fixed/app/src/main/res/drawable/ic_pref_sort.xml
/sdcard/BAI-Test-1-complete-fixed/app/src/main/res/drawable/ic_pref_theme.xml
/sdcard/BAI-Test-1-complete-fixed/app/src/main/res/drawable/ic_pref_unarchive.xml
/sdcard/BAI-Test-1-complete-fixed/app/src/main/res/drawable/ic_restore.xml
/sdcard/BAI-Test-1-complete-fixed/app/src/main/res/drawable/ic_search.xml
/sdcard/BAI-Test-1-complete-fixed/app/src/main/res/drawable/ic_select_all.xml
/sdcard/BAI-Test-1-complete-fixed/app/src/main/res/drawable/ic_warning.xml
/sdcard/BAI-Test-1-complete-fixed/app/src/main/res/drawable-v26
/sdcard/BAI-Test-1-complete-fixed/app/src/main/res/drawable-v26/icon_b.xml
/sdcard/BAI-Test-1-complete-fixed/app/src/main/res/drawable-xhdpi
/sdcard/BAI-Test-1-complete-fixed/app/src/main/res/drawable-xhdpi/tv_banner.png
/sdcard/BAI-Test-1-complete-fixed/app/src/main/res/drawable-xxhdpi
/sdcard/BAI-Test-1-complete-fixed/app/src/main/res/drawable-xxhdpi/tv_banner.png
/sdcard/BAI-Test-1-complete-fixed/app/src/main/res/drawable-xxxhdpi
/sdcard/BAI-Test-1-complete-fixed/app/src/main/res/drawable-xxxhdpi/ic_alert.png
/sdcard/BAI-Test-1-complete-fixed/app/src/main/res/drawable-xxxhdpi/ic_analytics.png
/sdcard/BAI-Test-1-complete-fixed/app/src/main/res/drawable-xxxhdpi/ic_auto_theme.png
/sdcard/BAI-Test-1-complete-fixed/app/src/main/res/drawable-xxxhdpi/ic_backup.png
/sdcard/BAI-Test-1-complete-fixed/app/src/main/res/drawable-xxxhdpi/ic_backup_dir.png
/sdcard/BAI-Test-1-complete-fixed/app/src/main/res/drawable-xxxhdpi/ic_backup_name_format.png
/sdcard/BAI-Test-1-complete-fixed/app/src/main/res/drawable-xxxhdpi/ic_dark_theme.png
/sdcard/BAI-Test-1-complete-fixed/app/src/main/res/drawable-xxxhdpi/ic_feature.png
/sdcard/BAI-Test-1-complete-fixed/app/src/main/res/drawable-xxxhdpi/ic_history.png
/sdcard/BAI-Test-1-complete-fixed/app/src/main/res/drawable-xxxhdpi/ic_home.png
/sdcard/BAI-Test-1-complete-fixed/app/src/main/res/drawable-xxxhdpi/ic_info.png
/sdcard/BAI-Test-1-complete-fixed/app/src/main/res/drawable-xxxhdpi/ic_install.png
/sdcard/BAI-Test-1-complete-fixed/app/src/main/res/drawable-xxxhdpi/ic_install_location.png
/sdcard/BAI-Test-1-complete-fixed/app/src/main/res/drawable-xxxhdpi/ic_key.png
/sdcard/BAI-Test-1-complete-fixed/app/src/main/res/drawable-xxxhdpi/ic_open_via.png
/sdcard/BAI-Test-1-complete-fixed/app/src/main/res/drawable-xxxhdpi/ic_pro_mode.png
/sdcard/BAI-Test-1-complete-fixed/app/src/main/res/drawable-xxxhdpi/ic_root.png
/sdcard/BAI-Test-1-complete-fixed/app/src/main/res/drawable-xxxhdpi/ic_settings.png
/sdcard/BAI-Test-1-complete-fixed/app/src/main/res/drawable-xxxhdpi/ic_sort.png
/sdcard/BAI-Test-1-complete-fixed/app/src/main/res/drawable-xxxhdpi/ic_unarchive.png
/sdcard/BAI-Test-1-complete-fixed/app/src/main/res/drawable-xxxhdpi/logo.png
/sdcard/BAI-Test-1-complete-fixed/app/src/main/res/drawable-xxxhdpi/placeholder_app_icon.png
/sdcard/BAI-Test-1-complete-fixed/app/src/main/res/drawable-xxxhdpi/tv_banner.png
/sdcard/BAI-Test-1-complete-fixed/app/src/main/res/drawable-xxxhdpi-v26
/sdcard/BAI-Test-1-complete-fixed/app/src/main/res/drawable-xxxhdpi-v26/icon_f.png
/sdcard/BAI-Test-1-complete-fixed/app/src/main/res/layout
/sdcard/BAI-Test-1-complete-fixed/app/src/main/res/layout/activity_about.xml
/sdcard/BAI-Test-1-complete-fixed/app/src/main/res/layout/activity_backup_manage_app.xml
/sdcard/BAI-Test-1-complete-fixed/app/src/main/res/layout/activity_backup_settings.xml
/sdcard/BAI-Test-1-complete-fixed/app/src/main/res/layout/activity_eula.xml
/sdcard/BAI-Test-1-complete-fixed/app/src/main/res/layout/activity_licenses.xml
/sdcard/BAI-Test-1-complete-fixed/app/src/main/res/layout/activity_main.xml
/sdcard/BAI-Test-1-complete-fixed/app/src/main/res/layout/activity_mi.xml
/sdcard/BAI-Test-1-complete-fixed/app/src/main/res/layout/activity_preferences.xml
/sdcard/BAI-Test-1-complete-fixed/app/src/main/res/layout/dialog_backup.xml
/sdcard/BAI-Test-1-complete-fixed/app/src/main/res/layout/dialog_bottom_sheet_base.xml
/sdcard/BAI-Test-1-complete-fixed/app/src/main/res/layout/dialog_dark_light_theme_selection.xml
/sdcard/BAI-Test-1-complete-fixed/app/src/main/res/layout/dialog_filter.xml
/sdcard/BAI-Test-1-complete-fixed/app/src/main/res/layout/dialog_installerx.xml
/sdcard/BAI-Test-1-complete-fixed/app/src/main/res/layout/dialog_name_format_builder.xml
/sdcard/BAI-Test-1-complete-fixed/app/src/main/res/layout/fragment_backup.xml
/sdcard/BAI-Test-1-complete-fixed/app/src/main/res/layout/fragment_backup_manage_app.xml
/sdcard/BAI-Test-1-complete-fixed/app/src/main/res/layout/fragment_installer.xml
/sdcard/BAI-Test-1-complete-fixed/app/src/main/res/layout/fragment_installer2.xml
/sdcard/BAI-Test-1-complete-fixed/app/src/main/res/layout/fragment_local_backup_storage_setup.xml
/sdcard/BAI-Test-1-complete-fixed/app/src/main/res/layout/fragment_mi_entry.xml
/sdcard/BAI-Test-1-complete-fixed/app/src/main/res/layout/item_backup_app_details_backup.xml
/sdcard/BAI-Test-1-complete-fixed/app/src/main/res/layout/item_backup_app_details_header.xml
/sdcard/BAI-Test-1-complete-fixed/app/src/main/res/layout/item_backup_app_feature.xml
/sdcard/BAI-Test-1-complete-fixed/app/src/main/res/layout/item_backup_component.xml
/sdcard/BAI-Test-1-complete-fixed/app/src/main/res/layout/item_backup_dialog_split_part.xml
/sdcard/BAI-Test-1-complete-fixed/app/src/main/res/layout/item_backup_package.xml
/sdcard/BAI-Test-1-complete-fixed/app/src/main/res/layout/item_installerx_header.xml
/sdcard/BAI-Test-1-complete-fixed/app/src/main/res/layout/item_installerx_notice.xml
/sdcard/BAI-Test-1-complete-fixed/app/src/main/res/layout/item_installerx_split_category.xml
/sdcard/BAI-Test-1-complete-fixed/app/src/main/res/layout/item_installerx_split_part.xml
/sdcard/BAI-Test-1-complete-fixed/app/src/main/res/layout/item_installer_session.xml
/sdcard/BAI-Test-1-complete-fixed/app/src/main/res/layout/item_license.xml
/sdcard/BAI-Test-1-complete-fixed/app/src/main/res/layout/item_name_format_builder_chip.xml
/sdcard/BAI-Test-1-complete-fixed/app/src/main/res/layout/item_single_choice_dialog.xml
/sdcard/BAI-Test-1-complete-fixed/app/src/main/res/layout/item_theme.xml
/sdcard/BAI-Test-1-complete-fixed/app/src/main/res/menu
/sdcard/BAI-Test-1-complete-fixed/app/src/main/res/menu/app_details.xml
/sdcard/BAI-Test-1-complete-fixed/app/src/main/res/menu/backup_fragment.xml
/sdcard/BAI-Test-1-complete-fixed/app/src/main/res/menu/bottom_navigation.xml
/sdcard/BAI-Test-1-complete-fixed/app/src/main/res/mipmap-anydpi-v26
/sdcard/BAI-Test-1-complete-fixed/app/src/main/res/mipmap-anydpi-v26/icon.xml
/sdcard/BAI-Test-1-complete-fixed/app/src/main/res/mipmap-xxxhdpi
/sdcard/BAI-Test-1-complete-fixed/app/src/main/res/mipmap-xxxhdpi/icon.png
/sdcard/BAI-Test-1-complete-fixed/app/src/main/res/values
/sdcard/BAI-Test-1-complete-fixed/app/src/main/res/values/arrays.xml
/sdcard/BAI-Test-1-complete-fixed/app/src/main/res/values/attrs.xml
/sdcard/BAI-Test-1-complete-fixed/app/src/main/res/values/colors.xml
/sdcard/BAI-Test-1-complete-fixed/app/src/main/res/values/dimens.xml
/sdcard/BAI-Test-1-complete-fixed/app/src/main/res/values/strings.xml
/sdcard/BAI-Test-1-complete-fixed/app/src/main/res/values/styles.xml
/sdcard/BAI-Test-1-complete-fixed/app/src/main/res/values-ar
/sdcard/BAI-Test-1-complete-fixed/app/src/main/res/values-ar/arrays.xml
/sdcard/BAI-Test-1-complete-fixed/app/src/main/res/values-ar/strings.xml
/sdcard/BAI-Test-1-complete-fixed/app/src/main/res/values-az
/sdcard/BAI-Test-1-complete-fixed/app/src/main/res/values-az/arrays.xml
/sdcard/BAI-Test-1-complete-fixed/app/src/main/res/values-az/strings.xml
/sdcard/BAI-Test-1-complete-fixed/app/src/main/res/values-bg
/sdcard/BAI-Test-1-complete-fixed/app/src/main/res/values-bg/arrays.xml
/sdcard/BAI-Test-1-complete-fixed/app/src/main/res/values-bg/strings.xml
/sdcard/BAI-Test-1-complete-fixed/app/src/main/res/values-de
/sdcard/BAI-Test-1-complete-fixed/app/src/main/res/values-de/arrays.xml
/sdcard/BAI-Test-1-complete-fixed/app/src/main/res/values-de/strings.xml
/sdcard/BAI-Test-1-complete-fixed/app/src/main/res/values-el
/sdcard/BAI-Test-1-complete-fixed/app/src/main/res/values-el/arrays.xml
/sdcard/BAI-Test-1-complete-fixed/app/src/main/res/values-el/strings.xml
/sdcard/BAI-Test-1-complete-fixed/app/src/main/res/values-es
/sdcard/BAI-Test-1-complete-fixed/app/src/main/res/values-es/arrays.xml
/sdcard/BAI-Test-1-complete-fixed/app/src/main/res/values-es/strings.xml
/sdcard/BAI-Test-1-complete-fixed/app/src/main/res/values-fr
/sdcard/BAI-Test-1-complete-fixed/app/src/main/res/values-fr/arrays.xml
/sdcard/BAI-Test-1-complete-fixed/app/src/main/res/values-fr/strings.xml
/sdcard/BAI-Test-1-complete-fixed/app/src/main/res/values-it
/sdcard/BAI-Test-1-complete-fixed/app/src/main/res/values-it/arrays.xml
/sdcard/BAI-Test-1-complete-fixed/app/src/main/res/values-it/strings.xml
/sdcard/BAI-Test-1-complete-fixed/app/src/main/res/values-ja
/sdcard/BAI-Test-1-complete-fixed/app/src/main/res/values-ja/arrays.xml
/sdcard/BAI-Test-1-complete-fixed/app/src/main/res/values-ja/strings.xml
/sdcard/BAI-Test-1-complete-fixed/app/src/main/res/values-ko
/sdcard/BAI-Test-1-complete-fixed/app/src/main/res/values-ko/arrays.xml
/sdcard/BAI-Test-1-complete-fixed/app/src/main/res/values-ko/strings.xml
/sdcard/BAI-Test-1-complete-fixed/app/src/main/res/values-pl
/sdcard/BAI-Test-1-complete-fixed/app/src/main/res/values-pl/arrays.xml
/sdcard/BAI-Test-1-complete-fixed/app/src/main/res/values-pl/strings.xml
/sdcard/BAI-Test-1-complete-fixed/app/src/main/res/values-pt-rBR
/sdcard/BAI-Test-1-complete-fixed/app/src/main/res/values-pt-rBR/arrays.xml
/sdcard/BAI-Test-1-complete-fixed/app/src/main/res/values-pt-rBR/strings.xml
/sdcard/BAI-Test-1-complete-fixed/app/src/main/res/values-ru
/sdcard/BAI-Test-1-complete-fixed/app/src/main/res/values-ru/arrays.xml
/sdcard/BAI-Test-1-complete-fixed/app/src/main/res/values-ru/strings.xml
/sdcard/BAI-Test-1-complete-fixed/app/src/main/res/values-sv-rSE
/sdcard/BAI-Test-1-complete-fixed/app/src/main/res/values-sv-rSE/arrays.xml
/sdcard/BAI-Test-1-complete-fixed/app/src/main/res/values-sv-rSE/strings.xml
/sdcard/BAI-Test-1-complete-fixed/app/src/main/res/values-tr
/sdcard/BAI-Test-1-complete-fixed/app/src/main/res/values-tr/arrays.xml
/sdcard/BAI-Test-1-complete-fixed/app/src/main/res/values-tr/strings.xml
/sdcard/BAI-Test-1-complete-fixed/app/src/main/res/values-uk
/sdcard/BAI-Test-1-complete-fixed/app/src/main/res/values-uk/arrays.xml
/sdcard/BAI-Test-1-complete-fixed/app/src/main/res/values-uk/strings.xml
/sdcard/BAI-Test-1-complete-fixed/app/src/main/res/values-v23
/sdcard/BAI-Test-1-complete-fixed/app/src/main/res/values-v23/styles.xml
/sdcard/BAI-Test-1-complete-fixed/app/src/main/res/values-v27
/sdcard/BAI-Test-1-complete-fixed/app/src/main/res/values-v27/styles.xml
/sdcard/BAI-Test-1-complete-fixed/app/src/main/res/values-vi
/sdcard/BAI-Test-1-complete-fixed/app/src/main/res/values-vi/arrays.xml
/sdcard/BAI-Test-1-complete-fixed/app/src/main/res/values-vi/strings.xml
/sdcard/BAI-Test-1-complete-fixed/app/src/main/res/values-zh-rCN
/sdcard/BAI-Test-1-complete-fixed/app/src/main/res/values-zh-rCN/arrays.xml
/sdcard/BAI-Test-1-complete-fixed/app/src/main/res/values-zh-rCN/strings.xml
/sdcard/BAI-Test-1-complete-fixed/app/src/main/res/values-zh-rTW
/sdcard/BAI-Test-1-complete-fixed/app/src/main/res/values-zh-rTW/arrays.xml
/sdcard/BAI-Test-1-complete-fixed/app/src/main/res/values-zh-rTW/strings.xml
/sdcard/BAI-Test-1-complete-fixed/app/src/main/res/xml
/sdcard/BAI-Test-1-complete-fixed/app/src/main/res/xml/locales_config.xml
/sdcard/BAI-Test-1-complete-fixed/app/src/main/res/xml/preferences_lbs.xml
/sdcard/BAI-Test-1-complete-fixed/app/src/main/res/xml/preferences_main.xml
/sdcard/BAI-Test-1-complete-fixed/app/src/main/res/xml/preferences_super_secret.xml
/sdcard/BAI-Test-1-complete-fixed/assets
/sdcard/BAI-Test-1-complete-fixed/assets/BAI Banner.png
/sdcard/BAI-Test-1-complete-fixed/build
/sdcard/BAI-Test-1-complete-fixed/build/reports
/sdcard/BAI-Test-1-complete-fixed/build/reports/problems
/sdcard/BAI-Test-1-complete-fixed/build/reports/problems/problems-report.html
/sdcard/BAI-Test-1-complete-fixed/build/generated
/sdcard/BAI-Test-1-complete-fixed/build/generated/ap_generated_sources
/sdcard/BAI-Test-1-complete-fixed/build/generated/ap_generated_sources/debug
/sdcard/BAI-Test-1-complete-fixed/build/generated/ap_generated_sources/debug/out
/sdcard/BAI-Test-1-complete-fixed/build/generated/ap_generated_sources/debug/out/com
/sdcard/BAI-Test-1-complete-fixed/build/generated/ap_generated_sources/debug/out/com/sumon
/sdcard/BAI-Test-1-complete-fixed/build/generated/ap_generated_sources/debug/out/com/sumon/bundleapp
/sdcard/BAI-Test-1-complete-fixed/build/generated/ap_generated_sources/debug/out/com/sumon/bundleapp/installer
/sdcard/BAI-Test-1-complete-fixed/build/generated/ap_generated_sources/debug/out/com/sumon/bundleapp/installer/backup2
/sdcard/BAI-Test-1-complete-fixed/build/generated/ap_generated_sources/debug/out/com/sumon/bundleapp/installer/backup2/impl
/sdcard/BAI-Test-1-complete-fixed/build/generated/ap_generated_sources/debug/out/com/sumon/bundleapp/installer/backup2/impl/db
/sdcard/BAI-Test-1-complete-fixed/build/generated/ap_generated_sources/debug/out/com/sumon/bundleapp/installer/backup2/impl/db/BackupDao_Impl.java
/sdcard/BAI-Test-1-complete-fixed/build/generated/ap_generated_sources/debug/out/com/sumon/bundleapp/installer/common
/sdcard/BAI-Test-1-complete-fixed/build/generated/ap_generated_sources/debug/out/com/sumon/bundleapp/installer/common/AppDatabase_Impl.java
/sdcard/BAI-Test-1-complete-fixed/build/generated/ap_generated_sources/debugAndroidTest
/sdcard/BAI-Test-1-complete-fixed/build/generated/ap_generated_sources/debugAndroidTest/out
/sdcard/BAI-Test-1-complete-fixed/build/generated/ap_generated_sources/release
/sdcard/BAI-Test-1-complete-fixed/build/generated/ap_generated_sources/release/out
/sdcard/BAI-Test-1-complete-fixed/build/generated/ap_generated_sources/release/out/com
/sdcard/BAI-Test-1-complete-fixed/build/generated/ap_generated_sources/release/out/com/sumon
/sdcard/BAI-Test-1-complete-fixed/build/generated/ap_generated_sources/release/out/com/sumon/bundleapp
/sdcard/BAI-Test-1-complete-fixed/build/generated/ap_generated_sources/release/out/com/sumon/bundleapp/installer
/sdcard/BAI-Test-1-complete-fixed/build/generated/ap_generated_sources/release/out/com/sumon/bundleapp/installer/backup2
/sdcard/BAI-Test-1-complete-fixed/build/generated/ap_generated_sources/release/out/com/sumon/bundleapp/installer/backup2/impl
/sdcard/BAI-Test-1-complete-fixed/build/generated/ap_generated_sources/release/out/com/sumon/bundleapp/installer/backup2/impl/db
/sdcard/BAI-Test-1-complete-fixed/build/generated/ap_generated_sources/release/out/com/sumon/bundleapp/installer/backup2/impl/db/BackupDao_Impl.java
/sdcard/BAI-Test-1-complete-fixed/build/generated/ap_generated_sources/release/out/com/sumon/bundleapp/installer/common
/sdcard/BAI-Test-1-complete-fixed/build/generated/ap_generated_sources/release/out/com/sumon/bundleapp/installer/common/AppDatabase_Impl.java
/sdcard/BAI-Test-1-complete-fixed/build/generated/assets
/sdcard/BAI-Test-1-complete-fixed/build/generated/assets/copyRoomSchemasToAndroidTestAssetsDebugAndroidTest
/sdcard/BAI-Test-1-complete-fixed/build/generated/assets/copyRoomSchemasToAndroidTestAssetsDebugAndroidTest/com.sumon.bundleapp.installer.common.AppDatabase
/sdcard/BAI-Test-1-complete-fixed/build/generated/assets/copyRoomSchemasToAndroidTestAssetsDebugAndroidTest/com.sumon.bundleapp.installer.common.AppDatabase/1.json
/sdcard/BAI-Test-1-complete-fixed/build/generated/res
/sdcard/BAI-Test-1-complete-fixed/build/generated/res/pngs
/sdcard/BAI-Test-1-complete-fixed/build/generated/res/pngs/debug
/sdcard/BAI-Test-1-complete-fixed/build/generated/res/pngs/release
/sdcard/BAI-Test-1-complete-fixed/build/generated/source
/sdcard/BAI-Test-1-complete-fixed/build/generated/source/buildConfig
/sdcard/BAI-Test-1-complete-fixed/build/generated/source/buildConfig/androidTest
/sdcard/BAI-Test-1-complete-fixed/build/generated/source/buildConfig/androidTest/debug
/sdcard/BAI-Test-1-complete-fixed/build/generated/source/buildConfig/androidTest/debug/com
/sdcard/BAI-Test-1-complete-fixed/build/generated/source/buildConfig/androidTest/debug/com/sumon
/sdcard/BAI-Test-1-complete-fixed/build/generated/source/buildConfig/androidTest/debug/com/sumon/bundleapp
/sdcard/BAI-Test-1-complete-fixed/build/generated/source/buildConfig/androidTest/debug/com/sumon/bundleapp/installer
/sdcard/BAI-Test-1-complete-fixed/build/generated/source/buildConfig/androidTest/debug/com/sumon/bundleapp/installer/test
/sdcard/BAI-Test-1-complete-fixed/build/generated/source/buildConfig/androidTest/debug/com/sumon/bundleapp/installer/test/BuildConfig.java
/sdcard/BAI-Test-1-complete-fixed/build/generated/source/buildConfig/debug
/sdcard/BAI-Test-1-complete-fixed/build/generated/source/buildConfig/debug/com
/sdcard/BAI-Test-1-complete-fixed/build/generated/source/buildConfig/debug/com/sumon
/sdcard/BAI-Test-1-complete-fixed/build/generated/source/buildConfig/debug/com/sumon/bundleapp
/sdcard/BAI-Test-1-complete-fixed/build/generated/source/buildConfig/debug/com/sumon/bundleapp/installer
/sdcard/BAI-Test-1-complete-fixed/build/generated/source/buildConfig/debug/com/sumon/bundleapp/installer/BuildConfig.java
/sdcard/BAI-Test-1-complete-fixed/build/generated/source/buildConfig/release
/sdcard/BAI-Test-1-complete-fixed/build/generated/source/buildConfig/release/com
/sdcard/BAI-Test-1-complete-fixed/build/generated/source/buildConfig/release/com/sumon
/sdcard/BAI-Test-1-complete-fixed/build/generated/source/buildConfig/release/com/sumon/bundleapp
/sdcard/BAI-Test-1-complete-fixed/build/generated/source/buildConfig/release/com/sumon/bundleapp/installer
/sdcard/BAI-Test-1-complete-fixed/build/generated/source/buildConfig/release/com/sumon/bundleapp/installer/BuildConfig.java
/sdcard/BAI-Test-1-complete-fixed/build/generated/updated_navigation_xml
/sdcard/BAI-Test-1-complete-fixed/build/generated/updated_navigation_xml/debug
/sdcard/BAI-Test-1-complete-fixed/build/generated/updated_navigation_xml/debugAndroidTest
/sdcard/BAI-Test-1-complete-fixed/build/generated/updated_navigation_xml/release
/sdcard/BAI-Test-1-complete-fixed/build/intermediates
/sdcard/BAI-Test-1-complete-fixed/build/intermediates/aar_metadata_check
/sdcard/BAI-Test-1-complete-fixed/build/intermediates/aar_metadata_check/debug
/sdcard/BAI-Test-1-complete-fixed/build/intermediates/aar_metadata_check/debug/checkDebugAarMetadata
/sdcard/BAI-Test-1-complete-fixed/build/intermediates/aar_metadata_check/debugAndroidTest
/sdcard/BAI-Test-1-complete-fixed/build/intermediates/aar_metadata_check/debugAndroidTest/checkDebugAndroidTestAarMetadata
/sdcard/BAI-Test-1-complete-fixed/build/intermediates/aar_metadata_check/release
/sdcard/BAI-Test-1-complete-fixed/build/intermediates/aar_metadata_check/release/checkReleaseAarMetadata
/sdcard/BAI-Test-1-complete-fixed/build/intermediates/android_res_source_set_path_map
/sdcard/BAI-Test-1-complete-fixed/build/intermediates/android_res_source_set_path_map/debug
/sdcard/BAI-Test-1-complete-fixed/build/intermediates/android_res_source_set_path_map/debug/mapDebugSourceSetPaths
/sdcard/BAI-Test-1-complete-fixed/build/intermediates/android_res_source_set_path_map/debug/mapDebugSourceSetPaths/file-map.txt
/sdcard/BAI-Test-1-complete-fixed/build/intermediates/android_res_source_set_path_map/debugAndroidTest
/sdcard/BAI-Test-1-complete-fixed/build/intermediates/android_res_source_set_path_map/debugAndroidTest/mapDebugAndroidTestSourceSetPaths
/sdcard/BAI-Test-1-complete-fixed/build/intermediates/android_res_source_set_path_map/debugAndroidTest/mapDebugAndroidTestSourceSetPaths/file-map.txt
/sdcard/BAI-Test-1-complete-fixed/build/intermediates/android_res_source_set_path_map/release
/sdcard/BAI-Test-1-complete-fixed/build/intermediates/android_res_source_set_path_map/release/mapReleaseSourceSetPaths
/sdcard/BAI-Test-1-complete-fixed/build/intermediates/android_res_source_set_path_map/release/mapReleaseSourceSetPaths/file-map.txt
/sdcard/BAI-Test-1-complete-fixed/build/intermediates/annotation_processor_list
/sdcard/BAI-Test-1-complete-fixed/build/intermediates/annotation_processor_list/debug
/sdcard/BAI-Test-1-complete-fixed/build/intermediates/annotation_processor_list/debug/javaPreCompileDebug
/sdcard/BAI-Test-1-complete-fixed/build/intermediates/annotation_processor_list/debug/javaPreCompileDebug/annotationProcessors.json
/sdcard/BAI-Test-1-complete-fixed/build/intermediates/annotation_processor_list/debugAndroidTest
/sdcard/BAI-Test-1-complete-fixed/build/intermediates/annotation_processor_list/debugAndroidTest/javaPreCompileDebugAndroidTest
/sdcard/BAI-Test-1-complete-fixed/build/intermediates/annotation_processor_list/debugAndroidTest/javaPreCompileDebugAndroidTest/annotationProcessors.json
/sdcard/BAI-Test-1-complete-fixed/build/intermediates/annotation_processor_list/debugUnitTest
/sdcard/BAI-Test-1-complete-fixed/build/intermediates/annotation_processor_list/debugUnitTest/javaPreCompileDebugUnitTest
/sdcard/BAI-Test-1-complete-fixed/build/intermediates/annotation_processor_list/debugUnitTest/javaPreCompileDebugUnitTest/annotationProcessors.json
/sdcard/BAI-Test-1-complete-fixed/build/intermediates/annotation_processor_list/release
/sdcard/BAI-Test-1-complete-fixed/build/intermediates/annotation_processor_list/release/javaPreCompileRelease
/sdcard/BAI-Test-1-complete-fixed/build/intermediates/annotation_processor_list/release/javaPreCompileRelease/annotationProcessors.json
/sdcard/BAI-Test-1-complete-fixed/build/intermediates/apk_ide_redirect_file
/sdcard/BAI-Test-1-complete-fixed/build/intermediates/apk_ide_redirect_file/debug
/sdcard/BAI-Test-1-complete-fixed/build/intermediates/apk_ide_redirect_file/debug/createDebugApkListingFileRedirect
/sdcard/BAI-Test-1-complete-fixed/build/intermediates/apk_ide_redirect_file/debug/createDebugApkListingFileRedirect/redirect.txt
/sdcard/BAI-Test-1-complete-fixed/build/intermediates/apk_ide_redirect_file/debugAndroidTest
/sdcard/BAI-Test-1-complete-fixed/build/intermediates/apk_ide_redirect_file/debugAndroidTest/createDebugAndroidTestApkListingFileRedirect
/sdcard/BAI-Test-1-complete-fixed/build/intermediates/apk_ide_redirect_file/debugAndroidTest/createDebugAndroidTestApkListingFileRedirect/redirect.txt
/sdcard/BAI-Test-1-complete-fixed/build/intermediates/app_metadata
/sdcard/BAI-Test-1-complete-fixed/build/intermediates/app_metadata/debug
/sdcard/BAI-Test-1-complete-fixed/build/intermediates/app_metadata/debug/writeDebugAppMetadata
/sdcard/BAI-Test-1-complete-fixed/build/intermediates/app_metadata/debug/writeDebugAppMetadata/app-metadata.properties
/sdcard/BAI-Test-1-complete-fixed/build/intermediates/assets
/sdcard/BAI-Test-1-complete-fixed/build/intermediates/assets/debug
/sdcard/BAI-Test-1-complete-fixed/build/intermediates/assets/debug/mergeDebugAssets
/sdcard/BAI-Test-1-complete-fixed/build/intermediates/assets/debug/mergeDebugAssets/EULA
/sdcard/BAI-Test-1-complete-fixed/build/intermediates/assets/debug/mergeDebugAssets/EULA/EULA.md
/sdcard/BAI-Test-1-complete-fixed/build/intermediates/assets/debug/mergeDebugAssets/licenses
/sdcard/BAI-Test-1-complete-fixed/build/intermediates/assets/debug/mergeDebugAssets/licenses/common
/sdcard/BAI-Test-1-complete-fixed/build/intermediates/assets/debug/mergeDebugAssets/licenses/common/Android AppCompat Library V7
/sdcard/BAI-Test-1-complete-fixed/build/intermediates/assets/debug/mergeDebugAssets/licenses/common/Android Lifecycle Extensions
/sdcard/BAI-Test-1-complete-fixed/build/intermediates/assets/debug/mergeDebugAssets/licenses/common/Android Support Library Document File
/sdcard/BAI-Test-1-complete-fixed/build/intermediates/assets/debug/mergeDebugAssets/licenses/common/Android Support Preference V7
/sdcard/BAI-Test-1-complete-fixed/build/intermediates/assets/debug/mergeDebugAssets/licenses/common/android-filepicker
/sdcard/BAI-Test-1-complete-fixed/build/intermediates/assets/debug/mergeDebugAssets/licenses/common/apksig
/sdcard/BAI-Test-1-complete-fixed/build/intermediates/assets/debug/mergeDebugAssets/licenses/common/FlexboxLayout
/sdcard/BAI-Test-1-complete-fixed/build/intermediates/assets/debug/mergeDebugAssets/licenses/common/FlexFilter
/sdcard/BAI-Test-1-complete-fixed/build/intermediates/assets/debug/mergeDebugAssets/licenses/common/Glide
/sdcard/BAI-Test-1-complete-fixed/build/intermediates/assets/debug/mergeDebugAssets/licenses/common/Gson
/sdcard/BAI-Test-1-complete-fixed/build/intermediates/assets/debug/mergeDebugAssets/licenses/common/Material Components for Android
/sdcard/BAI-Test-1-complete-fixed/build/intermediates/assets/debug/mergeDebugAssets/licenses/common/Material Design icons
/sdcard/BAI-Test-1-complete-fixed/build/intermediates/assets/debug/mergeDebugAssets/licenses/common/PseudoApkSigner
/sdcard/BAI-Test-1-complete-fixed/build/intermediates/assets/debug/mergeDebugAssets/licenses/common/Roboto Font
/sdcard/BAI-Test-1-complete-fixed/build/intermediates/assets/debug/mergeDebugAssets/licenses/common/Shimmer for Android
/sdcard/BAI-Test-1-complete-fixed/build/intermediates/assets/debug/mergeDebugAssets/licenses/common/Shizuku
/sdcard/BAI-Test-1-complete-fixed/build/intermediates/assets/debug/mergeDebugAssets/licenses/common/tooltips
/sdcard/BAI-Test-1-complete-fixed/build/intermediates/assets/debug/mergeDebugAssets/placeholder_app_icon.png
/sdcard/BAI-Test-1-complete-fixed/build/intermediates/assets/debug/mergeDebugAssets/testkey.past
/sdcard/BAI-Test-1-complete-fixed/build/intermediates/assets/debug/mergeDebugAssets/testkey.pk8
/sdcard/BAI-Test-1-complete-fixed/build/intermediates/assets/debugAndroidTest
/sdcard/BAI-Test-1-complete-fixed/build/intermediates/assets/debugAndroidTest/mergeDebugAndroidTestAssets
/sdcard/BAI-Test-1-complete-fixed/build/intermediates/assets/debugAndroidTest/mergeDebugAndroidTestAssets/com.sumon.bundleapp.installer.common.AppDatabase
/sdcard/BAI-Test-1-complete-fixed/build/intermediates/assets/debugAndroidTest/mergeDebugAndroidTestAssets/com.sumon.bundleapp.installer.common.AppDatabase/1.json
/sdcard/BAI-Test-1-complete-fixed/build/intermediates/assets/release
/sdcard/BAI-Test-1-complete-fixed/build/intermediates/assets/release/mergeReleaseAssets
/sdcard/BAI-Test-1-complete-fixed/build/intermediates/assets/release/mergeReleaseAssets/EULA
/sdcard/BAI-Test-1-complete-fixed/build/intermediates/assets/release/mergeReleaseAssets/EULA/EULA.md
/sdcard/BAI-Test-1-complete-fixed/build/intermediates/assets/release/mergeReleaseAssets/licenses
/sdcard/BAI-Test-1-complete-fixed/build/intermediates/assets/release/mergeReleaseAssets/licenses/common
/sdcard/BAI-Test-1-complete-fixed/build/intermediates/assets/release/mergeReleaseAssets/licenses/common/Android AppCompat Library V7
/sdcard/BAI-Test-1-complete-fixed/build/intermediates/assets/release/mergeReleaseAssets/licenses/common/Android Lifecycle Extensions
/sdcard/BAI-Test-1-complete-fixed/build/intermediates/assets/release/mergeReleaseAssets/licenses/common/Android Support Library Document File
/sdcard/BAI-Test-1-complete-fixed/build/intermediates/assets/release/mergeReleaseAssets/licenses/common/Android Support Preference V7
/sdcard/BAI-Test-1-complete-fixed/build/intermediates/assets/release/mergeReleaseAssets/licenses/common/android-filepicker
/sdcard/BAI-Test-1-complete-fixed/build/intermediates/assets/release/mergeReleaseAssets/licenses/common/apksig
/sdcard/BAI-Test-1-complete-fixed/build/intermediates/assets/release/mergeReleaseAssets/licenses/common/FlexboxLayout
/sdcard/BAI-Test-1-complete-fixed/build/intermediates/assets/release/mergeReleaseAssets/licenses/common/FlexFilter
/sdcard/BAI-Test-1-complete-fixed/build/intermediates/assets/release/mergeReleaseAssets/licenses/common/Glide
/sdcard/BAI-Test-1-complete-fixed/build/intermediates/assets/release/mergeReleaseAssets/licenses/common/Gson
/sdcard/BAI-Test-1-complete-fixed/build/intermediates/assets/release/mergeReleaseAssets/licenses/common/Material Components for Android
/sdcard/BAI-Test-1-complete-fixed/build/intermediates/assets/release/mergeReleaseAssets/licenses/common/Material Design icons
/sdcard/BAI-Test-1-complete-fixed/build/intermediates/assets/release/mergeReleaseAssets/licenses/common/PseudoApkSigner
/sdcard/BAI-Test-1-complete-fixed/build/intermediates/assets/release/mergeReleaseAssets/licenses/common/Roboto Font
/sdcard/BAI-Test-1-complete-fixed/build/intermediates/assets/release/mergeReleaseAssets/licenses/common/Shimmer for Android
/sdcard/BAI-Test-1-complete-fixed/build/intermediates/assets/release/mergeReleaseAssets/licenses/common/Shizuku
/sdcard/BAI-Test-1-complete-fixed/build/intermediates/assets/release/mergeReleaseAssets/licenses/common/tooltips
/sdcard/BAI-Test-1-complete-fixed/build/intermediates/assets/release/mergeReleaseAssets/placeholder_app_icon.png
/sdcard/BAI-Test-1-complete-fixed/build/intermediates/assets/release/mergeReleaseAssets/testkey.past
/sdcard/BAI-Test-1-complete-fixed/build/intermediates/assets/release/mergeReleaseAssets/testkey.pk8
/sdcard/BAI-Test-1-complete-fixed/build/intermediates/compatible_screen_manifest
/sdcard/BAI-Test-1-complete-fixed/build/intermediates/compatible_screen_manifest/debug
/sdcard/BAI-Test-1-complete-fixed/build/intermediates/compatible_screen_manifest/debug/createDebugCompatibleScreenManifests
/sdcard/BAI-Test-1-complete-fixed/build/intermediates/compatible_screen_manifest/debug/createDebugCompatibleScreenManifests/output-metadata.json
/sdcard/BAI-Test-1-complete-fixed/build/intermediates/compatible_screen_manifest/release
/sdcard/BAI-Test-1-complete-fixed/build/intermediates/compatible_screen_manifest/release/createReleaseCompatibleScreenManifests
/sdcard/BAI-Test-1-complete-fixed/build/intermediates/compatible_screen_manifest/release/createReleaseCompatibleScreenManifests/output-metadata.json
/sdcard/BAI-Test-1-complete-fixed/build/intermediates/compiled_navigation_res
/sdcard/BAI-Test-1-complete-fixed/build/intermediates/compiled_navigation_res/debug
/sdcard/BAI-Test-1-complete-fixed/build/intermediates/compiled_navigation_res/debug/compileDebugNavigationResources
/sdcard/BAI-Test-1-complete-fixed/build/intermediates/compiled_navigation_res/debugAndroidTest
/sdcard/BAI-Test-1-complete-fixed/build/intermediates/compiled_navigation_res/debugAndroidTest/compileDebugAndroidTestNavigationResources
/sdcard/BAI-Test-1-complete-fixed/build/intermediates/compiled_navigation_res/release
/sdcard/BAI-Test-1-complete-fixed/build/intermediates/compiled_navigation_res/release/compileReleaseNavigationResources
/sdcard/BAI-Test-1-complete-fixed/build/intermediates/compile_and_runtime_r_class_jar
/sdcard/BAI-Test-1-complete-fixed/build/intermediates/compile_and_runtime_r_class_jar/debug
/sdcard/BAI-Test-1-complete-fixed/build/intermediates/compile_and_runtime_r_class_jar/debug/processDebugResources
/sdcard/BAI-Test-1-complete-fixed/build/intermediates/compile_and_runtime_r_class_jar/debug/processDebugResources/R.jar
/sdcard/BAI-Test-1-complete-fixed/build/intermediates/compile_and_runtime_r_class_jar/debugAndroidTest
/sdcard/BAI-Test-1-complete-fixed/build/intermediates/compile_and_runtime_r_class_jar/debugAndroidTest/processDebugAndroidTestResources
/sdcard/BAI-Test-1-complete-fixed/build/intermediates/compile_and_runtime_r_class_jar/debugAndroidTest/processDebugAndroidTestResources/R.jar
/sdcard/BAI-Test-1-complete-fixed/build/intermediates/compile_and_runtime_r_class_jar/release
/sdcard/BAI-Test-1-complete-fixed/build/intermediates/compile_and_runtime_r_class_jar/release/processReleaseResources
/sdcard/BAI-Test-1-complete-fixed/build/intermediates/compile_and_runtime_r_class_jar/release/processReleaseResources/R.jar
/sdcard/BAI-Test-1-complete-fixed/build/intermediates/compile_app_classes_jar
/sdcard/BAI-Test-1-complete-fixed/build/intermediates/compile_app_classes_jar/debug
/sdcard/BAI-Test-1-complete-fixed/build/intermediates/compile_app_classes_jar/debug/bundleDebugClassesToCompileJar
/sdcard/BAI-Test-1-complete-fixed/build/intermediates/compile_app_classes_jar/debug/bundleDebugClassesToCompileJar/classes.jar
/sdcard/BAI-Test-1-complete-fixed/build/intermediates/compile_r_class_jar
/sdcard/BAI-Test-1-complete-fixed/build/intermediates/compile_r_class_jar/debug
/sdcard/BAI-Test-1-complete-fixed/build/intermediates/compile_r_class_jar/debug/generateDebugRFile
/sdcard/BAI-Test-1-complete-fixed/build/intermediates/compile_r_class_jar/debug/generateDebugRFile/R.jar
/sdcard/BAI-Test-1-complete-fixed/build/intermediates/compile_r_class_jar/debugAndroidTest
/sdcard/BAI-Test-1-complete-fixed/build/intermediates/compile_r_class_jar/debugAndroidTest/generateDebugAndroidTestRFile
/sdcard/BAI-Test-1-complete-fixed/build/intermediates/compile_r_class_jar/debugAndroidTest/generateDebugAndroidTestRFile/R.jar
/sdcard/BAI-Test-1-complete-fixed/build/intermediates/compile_r_class_jar/release
/sdcard/BAI-Test-1-complete-fixed/build/intermediates/compile_r_class_jar/release/generateReleaseRFile
/sdcard/BAI-Test-1-complete-fixed/build/intermediates/compile_r_class_jar/release/generateReleaseRFile/R.jar
/sdcard/BAI-Test-1-complete-fixed/build/intermediates/compile_symbol_list
/sdcard/BAI-Test-1-complete-fixed/build/intermediates/compile_symbol_list/debug
/sdcard/BAI-Test-1-complete-fixed/build/intermediates/compile_symbol_list/debug/generateDebugRFile
/sdcard/BAI-Test-1-complete-fixed/build/intermediates/compile_symbol_list/debug/generateDebugRFile/R.txt
/sdcard/BAI-Test-1-complete-fixed/build/intermediates/compile_symbol_list/debugAndroidTest
/sdcard/BAI-Test-1-complete-fixed/build/intermediates/compile_symbol_list/debugAndroidTest/generateDebugAndroidTestRFile
/sdcard/BAI-Test-1-complete-fixed/build/intermediates/compile_symbol_list/debugAndroidTest/generateDebugAndroidTestRFile/R.txt
/sdcard/BAI-Test-1-complete-fixed/build/intermediates/compile_symbol_list/release
/sdcard/BAI-Test-1-complete-fixed/build/intermediates/compile_symbol_list/release/generateReleaseRFile
/sdcard/BAI-Test-1-complete-fixed/build/intermediates/compile_symbol_list/release/generateReleaseRFile/R.txt
/sdcard/BAI-Test-1-complete-fixed/build/intermediates/compressed_assets
/sdcard/BAI-Test-1-complete-fixed/build/intermediates/compressed_assets/debug
/sdcard/BAI-Test-1-complete-fixed/build/intermediates/compressed_assets/debug/compressDebugAssets
/sdcard/BAI-Test-1-complete-fixed/build/intermediates/compressed_assets/debug/compressDebugAssets/out
/sdcard/BAI-Test-1-complete-fixed/build/intermediates/compressed_assets/debug/compressDebugAssets/out/assets
/sdcard/BAI-Test-1-complete-fixed/build/intermediates/compressed_assets/debug/compressDebugAssets/out/assets/EULA
/sdcard/BAI-Test-1-complete-fixed/build/intermediates/compressed_assets/debug/compressDebugAssets/out/assets/EULA/EULA.md.jar
/sdcard/BAI-Test-1-complete-fixed/build/intermediates/compressed_assets/debug/compressDebugAssets/out/assets/licenses
/sdcard/BAI-Test-1-complete-fixed/build/intermediates/compressed_assets/debug/compressDebugAssets/out/assets/licenses/common
/sdcard/BAI-Test-1-complete-fixed/build/intermediates/compressed_assets/debug/compressDebugAssets/out/assets/licenses/common/Android AppCompat Library V7.jar
/sdcard/BAI-Test-1-complete-fixed/build/intermediates/compressed_assets/debug/compressDebugAssets/out/assets/licenses/common/Android Lifecycle Extensions.jar
/sdcard/BAI-Test-1-complete-fixed/build/intermediates/compressed_assets/debug/compressDebugAssets/out/assets/licenses/common/Android Support Library Document File.jar
/sdcard/BAI-Test-1-complete-fixed/build/intermediates/compressed_assets/debug/compressDebugAssets/out/assets/licenses/common/Android Support Preference V7.jar
/sdcard/BAI-Test-1-complete-fixed/build/intermediates/compressed_assets/debug/compressDebugAssets/out/assets/licenses/common/android-filepicker.jar
/sdcard/BAI-Test-1-complete-fixed/build/intermediates/compressed_assets/debug/compressDebugAssets/out/assets/licenses/common/apksig.jar
/sdcard/BAI-Test-1-complete-fixed/build/intermediates/compressed_assets/debug/compressDebugAssets/out/assets/licenses/common/FlexboxLayout.jar
/sdcard/BAI-Test-1-complete-fixed/build/intermediates/compressed_assets/debug/compressDebugAssets/out/assets/licenses/common/FlexFilter.jar
/sdcard/BAI-Test-1-complete-fixed/build/intermediates/compressed_assets/debug/compressDebugAssets/out/assets/licenses/common/Glide.jar
/sdcard/BAI-Test-1-complete-fixed/build/intermediates/compressed_assets/debug/compressDebugAssets/out/assets/licenses/common/Gson.jar
/sdcard/BAI-Test-1-complete-fixed/build/intermediates/compressed_assets/debug/compressDebugAssets/out/assets/licenses/common/Material Components for Android.jar
/sdcard/BAI-Test-1-complete-fixed/build/intermediates/compressed_assets/debug/compressDebugAssets/out/assets/licenses/common/Material Design icons.jar
/sdcard/BAI-Test-1-complete-fixed/build/intermediates/compressed_assets/debug/compressDebugAssets/out/assets/licenses/common/PseudoApkSigner.jar
/sdcard/BAI-Test-1-complete-fixed/build/intermediates/compressed_assets/debug/compressDebugAssets/out/assets/licenses/common/Roboto Font.jar
/sdcard/BAI-Test-1-complete-fixed/build/intermediates/compressed_assets/debug/compressDebugAssets/out/assets/licenses/common/Shimmer for Android.jar
/sdcard/BAI-Test-1-complete-fixed/build/intermediates/compressed_assets/debug/compressDebugAssets/out/assets/licenses/common/Shizuku.jar
/sdcard/BAI-Test-1-complete-fixed/build/intermediates/compressed_assets/debug/compressDebugAssets/out/assets/licenses/common/tooltips.jar
/sdcard/BAI-Test-1-complete-fixed/build/intermediates/compressed_assets/debug/compressDebugAssets/out/assets/placeholder_app_icon.png.jar
/sdcard/BAI-Test-1-complete-fixed/build/intermediates/compressed_assets/debug/compressDebugAssets/out/assets/testkey.past.jar
/sdcard/BAI-Test-1-complete-fixed/build/intermediates/compressed_assets/debug/compressDebugAssets/out/assets/testkey.pk8.jar
/sdcard/BAI-Test-1-complete-fixed/build/intermediates/compressed_assets/debugAndroidTest
/sdcard/BAI-Test-1-complete-fixed/build/intermediates/compressed_assets/debugAndroidTest/compressDebugAndroidTestAssets
/sdcard/BAI-Test-1-complete-fixed/build/intermediates/compressed_assets/debugAndroidTest/compressDebugAndroidTestAssets/out
/sdcard/BAI-Test-1-complete-fixed/build/intermediates/compressed_assets/debugAndroidTest/compressDebugAndroidTestAssets/out/assets
/sdcard/BAI-Test-1-complete-fixed/build/intermediates/compressed_assets/debugAndroidTest/compressDebugAndroidTestAssets/out/assets/com.sumon.bundleapp.installer.common.AppDatabase
/sdcard/BAI-Test-1-complete-fixed/build/intermediates/compressed_assets/debugAndroidTest/compressDebugAndroidTestAssets/out/assets/com.sumon.bundleapp.installer.common.AppDatabase/1.json.jar
/sdcard/BAI-Test-1-complete-fixed/build/intermediates/compressed_assets/release
/sdcard/BAI-Test-1-complete-fixed/build/intermediates/compressed_assets/release/compressReleaseAssets
/sdcard/BAI-Test-1-complete-fixed/build/intermediates/compressed_assets/release/compressReleaseAssets/out
/sdcard/BAI-Test-1-complete-fixed/build/intermediates/compressed_assets/release/compressReleaseAssets/out/assets
/sdcard/BAI-Test-1-complete-fixed/build/intermediates/compressed_assets/release/compressReleaseAssets/out/assets/EULA
/sdcard/BAI-Test-1-complete-fixed/build/intermediates/compressed_assets/release/compressReleaseAssets/out/assets/EULA/EULA.md.jar
/sdcard/BAI-Test-1-complete-fixed/build/intermediates/compressed_assets/release/compressReleaseAssets/out/assets/licenses
/sdcard/BAI-Test-1-complete-fixed/build/intermediates/compressed_assets/release/compressReleaseAssets/out/assets/licenses/common
/sdcard/BAI-Test-1-complete-fixed/build/intermediates/compressed_assets/release/compressReleaseAssets/out/assets/licenses/common/Android AppCompat Library V7.jar
/sdcard/BAI-Test-1-complete-fixed/build/intermediates/compressed_assets/release/compressReleaseAssets/out/assets/licenses/common/Android Lifecycle Extensions.jar
/sdcard/BAI-Test-1-complete-fixed/build/intermediates/compressed_assets/release/compressReleaseAssets/out/assets/licenses/common/Android Support Library Document File.jar
/sdcard/BAI-Test-1-complete-fixed/build/intermediates/compressed_assets/release/compressReleaseAssets/out/assets/licenses/common/Android Support Preference V7.jar
/sdcard/BAI-Test-1-complete-fixed/build/intermediates/compressed_assets/release/compressReleaseAssets/out/assets/licenses/common/android-filepicker.jar
/sdcard/BAI-Test-1-complete-fixed/build/intermediates/compressed_assets/release/compressReleaseAssets/out/assets/licenses/common/apksig.jar
/sdcard/BAI-Test-1-complete-fixed/build/intermediates/compressed_assets/release/compressReleaseAssets/out/assets/licenses/common/FlexboxLayout.jar
/sdcard/BAI-Test-1-complete-fixed/build/intermediates/compressed_assets/release/compressReleaseAssets/out/assets/licenses/common/FlexFilter.jar
/sdcard/BAI-Test-1-complete-fixed/build/intermediates/compressed_assets/release/compressReleaseAssets/out/assets/licenses/common/Glide.jar
/sdcard/BAI-Test-1-complete-fixed/build/intermediates/compressed_assets/release/compressReleaseAssets/out/assets/licenses/common/Gson.jar
/sdcard/BAI-Test-1-complete-fixed/build/intermediates/compressed_assets/release/compressReleaseAssets/out/assets/licenses/common/Material Components for Android.jar
/sdcard/BAI-Test-1-complete-fixed/build/intermediates/compressed_assets/release/compressReleaseAssets/out/assets/licenses/common/Material Design icons.jar
/sdcard/BAI-Test-1-complete-fixed/build/intermediates/compressed_assets/release/compressReleaseAssets/out/assets/licenses/common/PseudoApkSigner.jar
/sdcard/BAI-Test-1-complete-fixed/build/intermediates/compressed_assets/release/compressReleaseAssets/out/assets/licenses/common/Roboto Font.jar
/sdcard/BAI-Test-1-complete-fixed/build/intermediates/compressed_assets/release/compressReleaseAssets/out/assets/licenses/common/Shimmer for Android.jar
/sdcard/BAI-Test-1-complete-fixed/build/intermediates/compressed_assets/release/compressReleaseAssets/out/assets/licenses/common/Shizuku.jar
/sdcard/BAI-Test-1-complete-fixed/build/intermediates/compressed_assets/release/compressReleaseAssets/out/assets/licenses/common/tooltips.jar
/sdcard/BAI-Test-1-complete-fixed/build/intermediates/compressed_assets/release/compressReleaseAssets/out/assets/placeholder_app_icon.png.jar
/sdcard/BAI-Test-1-complete-fixed/build/intermediates/compressed_assets/release/compressReleaseAssets/out/assets/testkey.past.jar
/sdcard/BAI-Test-1-complete-fixed/build/intermediates/compressed_assets/release/compressReleaseAssets/out/assets/testkey.pk8.jar
/sdcard/BAI-Test-1-complete-fixed/build/intermediates/d8_metadata
/sdcard/BAI-Test-1-complete-fixed/build/intermediates/d8_metadata/release
/sdcard/BAI-Test-1-complete-fixed/build/intermediates/d8_metadata/release/mergeDexRelease
/sdcard/BAI-Test-1-complete-fixed/build/intermediates/d8_metadata/release/mergeDexRelease/d8-metadata.dat
/sdcard/BAI-Test-1-complete-fixed/build/intermediates/data_binding_layout_info_type_merge
/sdcard/BAI-Test-1-complete-fixed/build/intermediates/data_binding_layout_info_type_merge/debug
/sdcard/BAI-Test-1-complete-fixed/build/intermediates/data_binding_layout_info_type_merge/debug/mergeDebugResources
/sdcard/BAI-Test-1-complete-fixed/build/intermediates/data_binding_layout_info_type_merge/debug/mergeDebugResources/out
/sdcard/BAI-Test-1-complete-fixed/build/intermediates/data_binding_layout_info_type_merge/debugAndroidTest
/sdcard/BAI-Test-1-complete-fixed/build/intermediates/data_binding_layout_info_type_merge/debugAndroidTest/mergeDebugAndroidTestResources
/sdcard/BAI-Test-1-complete-fixed/build/intermediates/data_binding_layout_info_type_merge/debugAndroidTest/mergeDebugAndroidTestResources/out
/sdcard/BAI-Test-1-complete-fixed/build/intermediates/data_binding_layout_info_type_merge/release
/sdcard/BAI-Test-1-complete-fixed/build/intermediates/data_binding_layout_info_type_merge/release/mergeReleaseResources
/sdcard/BAI-Test-1-complete-fixed/build/intermediates/data_binding_layout_info_type_merge/release/mergeReleaseResources/out
/sdcard/BAI-Test-1-complete-fixed/build/intermediates/data_binding_layout_info_type_package
/sdcard/BAI-Test-1-complete-fixed/build/intermediates/data_binding_layout_info_type_package/debug
/sdcard/BAI-Test-1-complete-fixed/build/intermediates/data_binding_layout_info_type_package/debug/packageDebugResources
/sdcard/BAI-Test-1-complete-fixed/build/intermediates/data_binding_layout_info_type_package/debug/packageDebugResources/out
/sdcard/BAI-Test-1-complete-fixed/build/intermediates/data_binding_layout_info_type_package/debugAndroidTest
/sdcard/BAI-Test-1-complete-fixed/build/intermediates/data_binding_layout_info_type_package/debugAndroidTest/packageDebugAndroidTestResources
/sdcard/BAI-Test-1-complete-fixed/build/intermediates/data_binding_layout_info_type_package/debugAndroidTest/packageDebugAndroidTestResources/out
/sdcard/BAI-Test-1-complete-fixed/build/intermediates/data_binding_layout_info_type_package/release
/sdcard/BAI-Test-1-complete-fixed/build/intermediates/data_binding_layout_info_type_package/release/packageReleaseResources
/sdcard/BAI-Test-1-complete-fixed/build/intermediates/data_binding_layout_info_type_package/release/packageReleaseResources/out
/sdcard/BAI-Test-1-complete-fixed/build/intermediates/default_proguard_files
/sdcard/BAI-Test-1-complete-fixed/build/intermediates/default_proguard_files/global
/sdcard/BAI-Test-1-complete-fixed/build/intermediates/default_proguard_files/global/proguard-android-optimize.txt-9.3.2
/sdcard/BAI-Test-1-complete-fixed/build/intermediates/default_proguard_files/global/proguard-android.txt-9.3.2
/sdcard/BAI-Test-1-complete-fixed/build/intermediates/desugar_graph
/sdcard/BAI-Test-1-complete-fixed/build/intermediates/desugar_graph/debug
/sdcard/BAI-Test-1-complete-fixed/build/intermediates/desugar_graph/debug/dexBuilderDebug
/sdcard/BAI-Test-1-complete-fixed/build/intermediates/desugar_graph/debug/dexBuilderDebug/out
/sdcard/BAI-Test-1-complete-fixed/build/intermediates/desugar_graph/debug/dexBuilderDebug/out/currentProject
/sdcard/BAI-Test-1-complete-fixed/build/intermediates/desugar_graph/debug/dexBuilderDebug/out/currentProject/dirs_bucket_0
/sdcard/BAI-Test-1-complete-fixed/build/intermediates/desugar_graph/debug/dexBuilderDebug/out/currentProject/dirs_bucket_0/graph.bin
/sdcard/BAI-Test-1-complete-fixed/build/intermediates/desugar_graph/debug/dexBuilderDebug/out/currentProject/dirs_bucket_1
/sdcard/BAI-Test-1-complete-fixed/build/intermediates/desugar_graph/debug/dexBuilderDebug/out/currentProject/dirs_bucket_1/graph.bin
/sdcard/BAI-Test-1-complete-fixed/build/intermediates/desugar_graph/debug/dexBuilderDebug/out/currentProject/jar_0ee3badab93de97873b2fb541ef8cf07f82a2c95af53e9fb1e2f3874d2e78fc9_bucket_0
/sdcard/BAI-Test-1-complete-fixed/build/intermediates/desugar_graph/debug/dexBuilderDebug/out/currentProject/jar_0ee3badab93de97873b2fb541ef8cf07f82a2c95af53e9fb1e2f3874d2e78fc9_bucket_0/graph.bin
/sdcard/BAI-Test-1-complete-fixed/build/intermediates/desugar_graph/debug/dexBuilderDebug/out/currentProject/jar_0ee3badab93de97873b2fb541ef8cf07f82a2c95af53e9fb1e2f3874d2e78fc9_bucket_1
/sdcard/BAI-Test-1-complete-fixed/build/intermediates/desugar_graph/debug/dexBuilderDebug/out/currentProject/jar_0ee3badab93de97873b2fb541ef8cf07f82a2c95af53e9fb1e2f3874d2e78fc9_bucket_1/graph.bin
/sdcard/BAI-Test-1-complete-fixed/build/intermediates/desugar_graph/debug/dexBuilderDebug/out/externalLibs
/sdcard/BAI-Test-1-complete-fixed/build/intermediates/desugar_graph/debug/dexBuilderDebug/out/externalLibs/dirs_bucket_0
/sdcard/BAI-Test-1-complete-fixed/build/intermediates/desugar_graph/debug/dexBuilderDebug/out/externalLibs/dirs_bucket_0/graph.bin
/sdcard/BAI-Test-1-complete-fixed/build/intermediates/desugar_graph/debug/dexBuilderDebug/out/externalLibs/dirs_bucket_1
/sdcard/BAI-Test-1-complete-fixed/build/intermediates/desugar_graph/debug/dexBuilderDebug/out/externalLibs/dirs_bucket_1/graph.bin
/sdcard/BAI-Test-1-complete-fixed/build/intermediates/desugar_graph/debug/dexBuilderDebug/out/mixedScopes
/sdcard/BAI-Test-1-complete-fixed/build/intermediates/desugar_graph/debug/dexBuilderDebug/out/mixedScopes/dirs_bucket_0
/sdcard/BAI-Test-1-complete-fixed/build/intermediates/desugar_graph/debug/dexBuilderDebug/out/mixedScopes/dirs_bucket_0/graph.bin
/sdcard/BAI-Test-1-complete-fixed/build/intermediates/desugar_graph/debug/dexBuilderDebug/out/mixedScopes/dirs_bucket_1
/sdcard/BAI-Test-1-complete-fixed/build/intermediates/desugar_graph/debug/dexBuilderDebug/out/mixedScopes/dirs_bucket_1/graph.bin
/sdcard/BAI-Test-1-complete-fixed/build/intermediates/desugar_graph/debug/dexBuilderDebug/out/otherProjects
/sdcard/BAI-Test-1-complete-fixed/build/intermediates/desugar_graph/debug/dexBuilderDebug/out/otherProjects/dirs_bucket_0
/sdcard/BAI-Test-1-complete-fixed/build/intermediates/desugar_graph/debug/dexBuilderDebug/out/otherProjects/dirs_bucket_0/graph.bin
/sdcard/BAI-Test-1-complete-fixed/build/intermediates/desugar_graph/debug/dexBuilderDebug/out/otherProjects/dirs_bucket_1
/sdcard/BAI-Test-1-complete-fixed/build/intermediates/desugar_graph/debug/dexBuilderDebug/out/otherProjects/dirs_bucket_1/graph.bin
/sdcard/BAI-Test-1-complete-fixed/build/intermediates/desugar_graph/debugAndroidTest
/sdcard/BAI-Test-1-complete-fixed/build/intermediates/desugar_graph/debugAndroidTest/dexBuilderDebugAndroidTest
/sdcard/BAI-Test-1-complete-fixed/build/intermediates/desugar_graph/debugAndroidTest/dexBuilderDebugAndroidTest/out
/sdcard/BAI-Test-1-complete-fixed/build/intermediates/desugar_graph/debugAndroidTest/dexBuilderDebugAndroidTest/out/currentProject
/sdcard/BAI-Test-1-complete-fixed/build/intermediates/desugar_graph/debugAndroidTest/dexBuilderDebugAndroidTest/out/currentProject/dirs_bucket_0
/sdcard/BAI-Test-1-complete-fixed/build/intermediates/desugar_graph/debugAndroidTest/dexBuilderDebugAndroidTest/out/currentProject/dirs_bucket_0/graph.bin
/sdcard/BAI-Test-1-complete-fixed/build/intermediates/desugar_graph/debugAndroidTest/dexBuilderDebugAndroidTest/out/currentProject/dirs_bucket_1
/sdcard/BAI-Test-1-complete-fixed/build/intermediates/desugar_graph/debugAndroidTest/dexBuilderDebugAndroidTest/out/currentProject/dirs_bucket_1/graph.bin
/sdcard/BAI-Test-1-complete-fixed/build/intermediates/desugar_graph/debugAndroidTest/dexBuilderDebugAndroidTest/out/currentProject/jar_650a194c33150abd7e4fd5d28440e893f1b04344b2984e8de43a691477ea0ebb_bucket_0
/sdcard/BAI-Test-1-complete-fixed/build/intermediates/desugar_graph/debugAndroidTest/dexBuilderDebugAndroidTest/out/currentProject/jar_650a194c33150abd7e4fd5d28440e893f1b04344b2984e8de43a691477ea0ebb_bucket_0/graph.bin
/sdcard/BAI-Test-1-complete-fixed/build/intermediates/desugar_graph/debugAndroidTest/dexBuilderDebugAndroidTest/out/currentProject/jar_650a194c33150abd7e4fd5d28440e893f1b04344b2984e8de43a691477ea0ebb_bucket_1
/sdcard/BAI-Test-1-complete-fixed/build/intermediates/desugar_graph/debugAndroidTest/dexBuilderDebugAndroidTest/out/currentProject/jar_650a194c33150abd7e4fd5d28440e893f1b04344b2984e8de43a691477ea0ebb_bucket_1/graph.bin
/sdcard/BAI-Test-1-complete-fixed/build/intermediates/desugar_graph/debugAndroidTest/dexBuilderDebugAndroidTest/out/externalLibs
/sdcard/BAI-Test-1-complete-fixed/build/intermediates/desugar_graph/debugAndroidTest/dexBuilderDebugAndroidTest/out/externalLibs/dirs_bucket_0
/sdcard/BAI-Test-1-complete-fixed/build/intermediates/desugar_graph/debugAndroidTest/dexBuilderDebugAndroidTest/out/externalLibs/dirs_bucket_0/graph.bin
/sdcard/BAI-Test-1-complete-fixed/build/intermediates/desugar_graph/debugAndroidTest/dexBuilderDebugAndroidTest/out/externalLibs/dirs_bucket_1
/sdcard/BAI-Test-1-complete-fixed/build/intermediates/desugar_graph/debugAndroidTest/dexBuilderDebugAndroidTest/out/externalLibs/dirs_bucket_1/graph.bin
/sdcard/BAI-Test-1-complete-fixed/build/intermediates/desugar_graph/debugAndroidTest/dexBuilderDebugAndroidTest/out/mixedScopes
/sdcard/BAI-Test-1-complete-fixed/build/intermediates/desugar_graph/debugAndroidTest/dexBuilderDebugAndroidTest/out/mixedScopes/dirs_bucket_0
/sdcard/BAI-Test-1-complete-fixed/build/intermediates/desugar_graph/debugAndroidTest/dexBuilderDebugAndroidTest/out/mixedScopes/dirs_bucket_0/graph.bin
/sdcard/BAI-Test-1-complete-fixed/build/intermediates/desugar_graph/debugAndroidTest/dexBuilderDebugAndroidTest/out/mixedScopes/dirs_bucket_1
/sdcard/BAI-Test-1-complete-fixed/build/intermediates/desugar_graph/debugAndroidTest/dexBuilderDebugAndroidTest/out/mixedScopes/dirs_bucket_1/graph.bin
/sdcard/BAI-Test-1-complete-fixed/build/intermediates/desugar_graph/debugAndroidTest/dexBuilderDebugAndroidTest/out/otherProjects
/sdcard/BAI-Test-1-complete-fixed/build/intermediates/desugar_graph/debugAndroidTest/dexBuilderDebugAndroidTest/out/otherProjects/dirs_bucket_0
/sdcard/BAI-Test-1-complete-fixed/build/intermediates/desugar_graph/debugAndroidTest/dexBuilderDebugAndroidTest/out/otherProjects/dirs_bucket_0/graph.bin
/sdcard/BAI-Test-1-complete-fixed/build/intermediates/desugar_graph/debugAndroidTest/dexBuilderDebugAndroidTest/out/otherProjects/dirs_bucket_1
/sdcard/BAI-Test-1-complete-fixed/build/intermediates/desugar_graph/debugAndroidTest/dexBuilderDebugAndroidTest/out/otherProjects/dirs_bucket_1/graph.bin
/sdcard/BAI-Test-1-complete-fixed/build/intermediates/desugar_graph/release
/sdcard/BAI-Test-1-complete-fixed/build/intermediates/desugar_graph/release/dexBuilderRelease
/sdcard/BAI-Test-1-complete-fixed/build/intermediates/desugar_graph/release/dexBuilderRelease/out
/sdcard/BAI-Test-1-complete-fixed/build/intermediates/desugar_graph/release/dexBuilderRelease/out/currentProject
/sdcard/BAI-Test-1-complete-fixed/build/intermediates/desugar_graph/release/dexBuilderRelease/out/currentProject/dirs_bucket_0
/sdcard/BAI-Test-1-complete-fixed/build/intermediates/desugar_graph/release/dexBuilderRelease/out/currentProject/dirs_bucket_0/graph.bin
/sdcard/BAI-Test-1-complete-fixed/build/intermediates/desugar_graph/release/dexBuilderRelease/out/currentProject/dirs_bucket_1
/sdcard/BAI-Test-1-complete-fixed/build/intermediates/desugar_graph/release/dexBuilderRelease/out/currentProject/dirs_bucket_1/graph.bin
/sdcard/BAI-Test-1-complete-fixed/build/intermediates/desugar_graph/release/dexBuilderRelease/out/currentProject/jar_d9c133826e4c53e2156fee7aa6244f73ee21fc6eeda5db34be08b0e184cb497b_bucket_0
/sdcard/BAI-Test-1-complete-fixed/build/intermediates/desugar_graph/release/dexBuilderRelease/out/currentProject/jar_d9c133826e4c53e2156fee7aa6244f73ee21fc6eeda5db34be08b0e184cb497b_bucket_0/graph.bin
/sdcard/BAI-Test-1-complete-fixed/build/intermediates/desugar_graph/release/dexBuilderRelease/out/currentProject/jar_d9c133826e4c53e2156fee7aa6244f73ee21fc6eeda5db34be08b0e184cb497b_bucket_1
/sdcard/BAI-Test-1-complete-fixed/build/intermediates/desugar_graph/release/dexBuilderRelease/out/currentProject/jar_d9c133826e4c53e2156fee7aa6244f73ee21fc6eeda5db34be08b0e184cb497b_bucket_1/graph.bin
/sdcard/BAI-Test-1-complete-fixed/build/intermediates/desugar_graph/release/dexBuilderRelease/out/externalLibs
/sdcard/BAI-Test-1-complete-fixed/build/intermediates/desugar_graph/release/dexBuilderRelease/out/externalLibs/dirs_bucket_0
/sdcard/BAI-Test-1-complete-fixed/build/intermediates/desugar_graph/release/dexBuilderRelease/out/externalLibs/dirs_bucket_0/graph.bin
/sdcard/BAI-Test-1-complete-fixed/build/intermediates/desugar_graph/release/dexBuilderRelease/out/externalLibs/dirs_bucket_1
/sdcard/BAI-Test-1-complete-fixed/build/intermediates/desugar_graph/release/dexBuilderRelease/out/externalLibs/dirs_bucket_1/graph.bin
/sdcard/BAI-Test-1-complete-fixed/build/intermediates/desugar_graph/release/dexBuilderRelease/out/mixedScopes
/sdcard/BAI-Test-1-complete-fixed/build/intermediates/desugar_graph/release/dexBuilderRelease/out/mixedScopes/dirs_bucket_0
/sdcard/BAI-Test-1-complete-fixed/build/intermediates/desugar_graph/release/dexBuilderRelease/out/mixedScopes/dirs_bucket_0/graph.bin
/sdcard/BAI-Test-1-complete-fixed/build/intermediates/desugar_graph/release/dexBuilderRelease/out/mixedScopes/dirs_bucket_1
/sdcard/BAI-Test-1-complete-fixed/build/intermediates/desugar_graph/release/dexBuilderRelease/out/mixedScopes/dirs_bucket_1/graph.bin
/sdcard/BAI-Test-1-complete-fixed/build/intermediates/desugar_graph/release/dexBuilderRelease/out/otherProjects
/sdcard/BAI-Test-1-complete-fixed/build/intermediates/desugar_graph/release/dexBuilderRelease/out/otherProjects/dirs_bucket_0
/sdcard/BAI-Test-1-complete-fixed/build/intermediates/desugar_graph/release/dexBuilderRelease/out/otherProjects/dirs_bucket_0/graph.bin
/sdcard/BAI-Test-1-complete-fixed/build/intermediates/desugar_graph/release/dexBuilderRelease/out/otherProjects/dirs_bucket_1
/sdcard/BAI-Test-1-complete-fixed/build/intermediates/desugar_graph/release/dexBuilderRelease/out/otherProjects/dirs_bucket_1/graph.bin
/sdcard/BAI-Test-1-complete-fixed/build/intermediates/dex
/sdcard/BAI-Test-1-complete-fixed/build/intermediates/dex/debug
/sdcard/BAI-Test-1-complete-fixed/build/intermediates/dex/debug/mergeExtDexDebug
/sdcard/BAI-Test-1-complete-fixed/build/intermediates/dex/debug/mergeExtDexDebug/classes.dex
/sdcard/BAI-Test-1-complete-fixed/build/intermediates/dex/debug/mergeExtDexDebug/classes2.dex
/sdcard/BAI-Test-1-complete-fixed/build/intermediates/dex/debug/mergeLibDexDebug
/sdcard/BAI-Test-1-complete-fixed/build/intermediates/dex/debug/mergeLibDexDebug/0
/sdcard/BAI-Test-1-complete-fixed/build/intermediates/dex/debug/mergeLibDexDebug/1
/sdcard/BAI-Test-1-complete-fixed/build/intermediates/dex/debug/mergeLibDexDebug/10
/sdcard/BAI-Test-1-complete-fixed/build/intermediates/dex/debug/mergeLibDexDebug/11
/sdcard/BAI-Test-1-complete-fixed/build/intermediates/dex/debug/mergeLibDexDebug/12
/sdcard/BAI-Test-1-complete-fixed/build/intermediates/dex/debug/mergeLibDexDebug/13
/sdcard/BAI-Test-1-complete-fixed/build/intermediates/dex/debug/mergeLibDexDebug/14
/sdcard/BAI-Test-1-complete-fixed/build/intermediates/dex/debug/mergeLibDexDebug/15
/sdcard/BAI-Test-1-complete-fixed/build/intermediates/dex/debug/mergeLibDexDebug/2
/sdcard/BAI-Test-1-complete-fixed/build/intermediates/dex/debug/mergeLibDexDebug/3
/sdcard/BAI-Test-1-complete-fixed/build/intermediates/dex/debug/mergeLibDexDebug/4
/sdcard/BAI-Test-1-complete-fixed/build/intermediates/dex/debug/mergeLibDexDebug/5
/sdcard/BAI-Test-1-complete-fixed/build/intermediates/dex/debug/mergeLibDexDebug/6
/sdcard/BAI-Test-1-complete-fixed/build/intermediates/dex/debug/mergeLibDexDebug/7
/sdcard/BAI-Test-1-complete-fixed/build/intermediates/dex/debug/mergeLibDexDebug/8
/sdcard/BAI-Test-1-complete-fixed/build/intermediates/dex/debug/mergeLibDexDebug/9
/sdcard/BAI-Test-1-complete-fixed/build/intermediates/dex/debug/mergeProjectDexDebug
/sdcard/BAI-Test-1-complete-fixed/build/intermediates/dex/debug/mergeProjectDexDebug/0
/sdcard/BAI-Test-1-complete-fixed/build/intermediates/dex/debug/mergeProjectDexDebug/0/classes.dex
/sdcard/BAI-Test-1-complete-fixed/build/intermediates/dex/debug/mergeProjectDexDebug/1
/sdcard/BAI-Test-1-complete-fixed/build/intermediates/dex/debug/mergeProjectDexDebug/1/classes.dex
/sdcard/BAI-Test-1-complete-fixed/build/intermediates/dex/debug/mergeProjectDexDebug/10
/sdcard/BAI-Test-1-complete-fixed/build/intermediates/dex/debug/mergeProjectDexDebug/10/classes.dex
/sdcard/BAI-Test-1-complete-fixed/build/intermediates/dex/debug/mergeProjectDexDebug/11
/sdcard/BAI-Test-1-complete-fixed/build/intermediates/dex/debug/mergeProjectDexDebug/11/classes.dex
/sdcard/BAI-Test-1-complete-fixed/build/intermediates/dex/debug/mergeProjectDexDebug/12
/sdcard/BAI-Test-1-complete-fixed/build/intermediates/dex/debug/mergeProjectDexDebug/12/classes.dex
/sdcard/BAI-Test-1-complete-fixed/build/intermediates/dex/debug/mergeProjectDexDebug/13
/sdcard/BAI-Test-1-complete-fixed/build/intermediates/dex/debug/mergeProjectDexDebug/13/classes.dex
/sdcard/BAI-Test-1-complete-fixed/build/intermediates/dex/debug/mergeProjectDexDebug/14
/sdcard/BAI-Test-1-complete-fixed/build/intermediates/dex/debug/mergeProjectDexDebug/14/classes.dex
/sdcard/BAI-Test-1-complete-fixed/build/intermediates/dex/debug/mergeProjectDexDebug/15
/sdcard/BAI-Test-1-complete-fixed/build/intermediates/dex/debug/mergeProjectDexDebug/15/classes.dex
/sdcard/BAI-Test-1-complete-fixed/build/intermediates/dex/debug/mergeProjectDexDebug/2
/sdcard/BAI-Test-1-complete-fixed/build/intermediates/dex/debug/mergeProjectDexDebug/2/classes.dex
/sdcard/BAI-Test-1-complete-fixed/build/intermediates/dex/debug/mergeProjectDexDebug/3
/sdcard/BAI-Test-1-complete-fixed/build/intermediates/dex/debug/mergeProjectDexDebug/3/classes.dex
/sdcard/BAI-Test-1-complete-fixed/build/intermediates/dex/debug/mergeProjectDexDebug/4
/sdcard/BAI-Test-1-complete-fixed/build/intermediates/dex/debug/mergeProjectDexDebug/4/classes.dex
/sdcard/BAI-Test-1-complete-fixed/build/intermediates/dex/debug/mergeProjectDexDebug/5
/sdcard/BAI-Test-1-complete-fixed/build/intermediates/dex/debug/mergeProjectDexDebug/5/classes.dex
/sdcard/BAI-Test-1-complete-fixed/build/intermediates/dex/debug/mergeProjectDexDebug/6
/sdcard/BAI-Test-1-complete-fixed/build/intermediates/dex/debug/mergeProjectDexDebug/6/classes.dex
/sdcard/BAI-Test-1-complete-fixed/build/intermediates/dex/debug/mergeProjectDexDebug/7
/sdcard/BAI-Test-1-complete-fixed/build/intermediates/dex/debug/mergeProjectDexDebug/7/classes.dex
/sdcard/BAI-Test-1-complete-fixed/build/intermediates/dex/debug/mergeProjectDexDebug/8
/sdcard/BAI-Test-1-complete-fixed/build/intermediates/dex/debug/mergeProjectDexDebug/8/classes.dex
/sdcard/BAI-Test-1-complete-fixed/build/intermediates/dex/debug/mergeProjectDexDebug/9
/sdcard/BAI-Test-1-complete-fixed/build/intermediates/dex/debug/mergeProjectDexDebug/9/classes.dex
/sdcard/BAI-Test-1-complete-fixed/build/intermediates/dex/debugAndroidTest
/sdcard/BAI-Test-1-complete-fixed/build/intermediates/dex/debugAndroidTest/mergeExtDexDebugAndroidTest
/sdcard/BAI-Test-1-complete-fixed/build/intermediates/dex/debugAndroidTest/mergeLibDexDebugAndroidTest
/sdcard/BAI-Test-1-complete-fixed/build/intermediates/dex/debugAndroidTest/mergeLibDexDebugAndroidTest/0
/sdcard/BAI-Test-1-complete-fixed/build/intermediates/dex/debugAndroidTest/mergeLibDexDebugAndroidTest/1
/sdcard/BAI-Test-1-complete-fixed/build/intermediates/dex/debugAndroidTest/mergeLibDexDebugAndroidTest/10
/sdcard/BAI-Test-1-complete-fixed/build/intermediates/dex/debugAndroidTest/mergeLibDexDebugAndroidTest/11
/sdcard/BAI-Test-1-complete-fixed/build/intermediates/dex/debugAndroidTest/mergeLibDexDebugAndroidTest/12
/sdcard/BAI-Test-1-complete-fixed/build/intermediates/dex/debugAndroidTest/mergeLibDexDebugAndroidTest/13
/sdcard/BAI-Test-1-complete-fixed/build/intermediates/dex/debugAndroidTest/mergeLibDexDebugAndroidTest/14
/sdcard/BAI-Test-1-complete-fixed/build/intermediates/dex/debugAndroidTest/mergeLibDexDebugAndroidTest/15
/sdcard/BAI-Test-1-complete-fixed/build/intermediates/dex/debugAndroidTest/mergeLibDexDebugAndroidTest/2
/sdcard/BAI-Test-1-complete-fixed/build/intermediates/dex/debugAndroidTest/mergeLibDexDebugAndroidTest/3
/sdcard/BAI-Test-1-complete-fixed/build/intermediates/dex/debugAndroidTest/mergeLibDexDebugAndroidTest/4
/sdcard/BAI-Test-1-complete-fixed/build/intermediates/dex/debugAndroidTest/mergeLibDexDebugAndroidTest/5
/sdcard/BAI-Test-1-complete-fixed/build/intermediates/dex/debugAndroidTest/mergeLibDexDebugAndroidTest/6
/sdcard/BAI-Test-1-complete-fixed/build/intermediates/dex/debugAndroidTest/mergeLibDexDebugAndroidTest/7
/sdcard/BAI-Test-1-complete-fixed/build/intermediates/dex/debugAndroidTest/mergeLibDexDebugAndroidTest/8
/sdcard/BAI-Test-1-complete-fixed/build/intermediates/dex/debugAndroidTest/mergeLibDexDebugAndroidTest/9
/sdcard/BAI-Test-1-complete-fixed/build/intermediates/dex/debugAndroidTest/mergeProjectDexDebugAndroidTest
/sdcard/BAI-Test-1-complete-fixed/build/intermediates/dex/debugAndroidTest/mergeProjectDexDebugAndroidTest/0
/sdcard/BAI-Test-1-complete-fixed/build/intermediates/dex/debugAndroidTest/mergeProjectDexDebugAndroidTest/0/classes.dex
/sdcard/BAI-Test-1-complete-fixed/build/intermediates/dex/debugAndroidTest/mergeProjectDexDebugAndroidTest/1
/sdcard/BAI-Test-1-complete-fixed/build/intermediates/dex/debugAndroidTest/mergeProjectDexDebugAndroidTest/10
/sdcard/BAI-Test-1-complete-fixed/build/intermediates/dex/debugAndroidTest/mergeProjectDexDebugAndroidTest/11
/sdcard/BAI-Test-1-complete-fixed/build/intermediates/dex/debugAndroidTest/mergeProjectDexDebugAndroidTest/12
/sdcard/BAI-Test-1-complete-fixed/build/intermediates/dex/debugAndroidTest/mergeProjectDexDebugAndroidTest/13
/sdcard/BAI-Test-1-complete-fixed/build/intermediates/dex/debugAndroidTest/mergeProjectDexDebugAndroidTest/14
/sdcard/BAI-Test-1-complete-fixed/build/intermediates/dex/debugAndroidTest/mergeProjectDexDebugAndroidTest/15
/sdcard/BAI-Test-1-complete-fixed/build/intermediates/dex/debugAndroidTest/mergeProjectDexDebugAndroidTest/2
/sdcard/BAI-Test-1-complete-fixed/build/intermediates/dex/debugAndroidTest/mergeProjectDexDebugAndroidTest/3
/sdcard/BAI-Test-1-complete-fixed/build/intermediates/dex/debugAndroidTest/mergeProjectDexDebugAndroidTest/4
/sdcard/BAI-Test-1-complete-fixed/build/intermediates/dex/debugAndroidTest/mergeProjectDexDebugAndroidTest/4/classes.dex
/sdcard/BAI-Test-1-complete-fixed/build/intermediates/dex/debugAndroidTest/mergeProjectDexDebugAndroidTest/5
/sdcard/BAI-Test-1-complete-fixed/build/intermediates/dex/debugAndroidTest/mergeProjectDexDebugAndroidTest/6
/sdcard/BAI-Test-1-complete-fixed/build/intermediates/dex/debugAndroidTest/mergeProjectDexDebugAndroidTest/7
/sdcard/BAI-Test-1-complete-fixed/build/intermediates/dex/debugAndroidTest/mergeProjectDexDebugAndroidTest/8
/sdcard/BAI-Test-1-complete-fixed/build/intermediates/dex/debugAndroidTest/mergeProjectDexDebugAndroidTest/9
/sdcard/BAI-Test-1-complete-fixed/build/intermediates/dex/release
/sdcard/BAI-Test-1-complete-fixed/build/intermediates/dex/release/mergeDexRelease
/sdcard/BAI-Test-1-complete-fixed/build/intermediates/dex/release/mergeDexRelease/classes.dex
/sdcard/BAI-Test-1-complete-fixed/build/intermediates/dex/release/mergeDexRelease/classes2.dex
/sdcard/BAI-Test-1-complete-fixed/build/intermediates/dex_archive_input_jar_hashes
/sdcard/BAI-Test-1-complete-fixed/build/intermediates/dex_archive_input_jar_hashes/debug
/sdcard/BAI-Test-1-complete-fixed/build/intermediates/dex_archive_input_jar_hashes/debug/dexBuilderDebug
/sdcard/BAI-Test-1-complete-fixed/build/intermediates/dex_archive_input_jar_hashes/debug/dexBuilderDebug/out
/sdcard/BAI-Test-1-complete-fixed/build/intermediates/dex_archive_input_jar_hashes/debugAndroidTest
/sdcard/BAI-Test-1-complete-fixed/build/intermediates/dex_archive_input_jar_hashes/debugAndroidTest/dexBuilderDebugAndroidTest
/sdcard/BAI-Test-1-complete-fixed/build/intermediates/dex_archive_input_jar_hashes/debugAndroidTest/dexBuilderDebugAndroidTest/out
/sdcard/BAI-Test-1-complete-fixed/build/intermediates/dex_archive_input_jar_hashes/release
/sdcard/BAI-Test-1-complete-fixed/build/intermediates/dex_archive_input_jar_hashes/release/dexBuilderRelease
/sdcard/BAI-Test-1-complete-fixed/build/intermediates/dex_archive_input_jar_hashes/release/dexBuilderRelease/out
/sdcard/BAI-Test-1-complete-fixed/build/intermediates/dex_number_of_buckets_file
/sdcard/BAI-Test-1-complete-fixed/build/intermediates/dex_number_of_buckets_file/debug
/sdcard/BAI-Test-1-complete-fixed/build/intermediates/dex_number_of_buckets_file/debug/dexBuilderDebug
/sdcard/BAI-Test-1-complete-fixed/build/intermediates/dex_number_of_buckets_file/debug/dexBuilderDebug/out
/sdcard/BAI-Test-1-complete-fixed/build/intermediates/dex_number_of_buckets_file/debugAndroidTest
/sdcard/BAI-Test-1-complete-fixed/build/intermediates/dex_number_of_buckets_file/debugAndroidTest/dexBuilderDebugAndroidTest
/sdcard/BAI-Test-1-complete-fixed/build/intermediates/dex_number_of_buckets_file/debugAndroidTest/dexBuilderDebugAndroidTest/out
/sdcard/BAI-Test-1-complete-fixed/build/intermediates/dex_number_of_buckets_file/release
/sdcard/BAI-Test-1-complete-fixed/build/intermediates/dex_number_of_buckets_file/release/dexBuilderRelease
/sdcard/BAI-Test-1-complete-fixed/build/intermediates/dex_number_of_buckets_file/release/dexBuilderRelease/out
/sdcard/BAI-Test-1-complete-fixed/build/intermediates/duplicate_classes_check
/sdcard/BAI-Test-1-complete-fixed/build/intermediates/duplicate_classes_check/debug
/sdcard/BAI-Test-1-complete-fixed/build/intermediates/duplicate_classes_check/debug/checkDebugDuplicateClasses
/sdcard/BAI-Test-1-complete-fixed/build/intermediates/duplicate_classes_check/debugAndroidTest
/sdcard/BAI-Test-1-complete-fixed/build/intermediates/duplicate_classes_check/debugAndroidTest/checkDebugAndroidTestDuplicateClasses
/sdcard/BAI-Test-1-complete-fixed/build/intermediates/duplicate_classes_check/release
/sdcard/BAI-Test-1-complete-fixed/build/intermediates/duplicate_classes_check/release/checkReleaseDuplicateClasses
/sdcard/BAI-Test-1-complete-fixed/build/intermediates/external_file_lib_dex_archives
/sdcard/BAI-Test-1-complete-fixed/build/intermediates/external_file_lib_dex_archives/debug
/sdcard/BAI-Test-1-complete-fixed/build/intermediates/external_file_lib_dex_archives/debug/desugarDebugFileDependencies
/sdcard/BAI-Test-1-complete-fixed/build/intermediates/external_file_lib_dex_archives/debug/desugarDebugFileDependencies/0_filepicker-release-runtime.jar
/sdcard/BAI-Test-1-complete-fixed/build/intermediates/external_file_lib_dex_archives/debugAndroidTest
/sdcard/BAI-Test-1-complete-fixed/build/intermediates/external_file_lib_dex_archives/debugAndroidTest/desugarDebugAndroidTestFileDependencies
/sdcard/BAI-Test-1-complete-fixed/build/intermediates/external_file_lib_dex_archives/release
/sdcard/BAI-Test-1-complete-fixed/build/intermediates/external_file_lib_dex_archives/release/desugarReleaseFileDependencies
/sdcard/BAI-Test-1-complete-fixed/build/intermediates/external_file_lib_dex_archives/release/desugarReleaseFileDependencies/0_filepicker-release-runtime.jar
/sdcard/BAI-Test-1-complete-fixed/build/intermediates/external_libs_dex
/sdcard/BAI-Test-1-complete-fixed/build/intermediates/external_libs_dex/release
/sdcard/BAI-Test-1-complete-fixed/build/intermediates/external_libs_dex/release/mergeExtDexRelease
/sdcard/BAI-Test-1-complete-fixed/build/intermediates/external_libs_dex/release/mergeExtDexRelease/classes.dex
/sdcard/BAI-Test-1-complete-fixed/build/intermediates/external_libs_dex/release/mergeExtDexRelease/classes2.dex
/sdcard/BAI-Test-1-complete-fixed/build/intermediates/external_libs_dex_archive
/sdcard/BAI-Test-1-complete-fixed/build/intermediates/external_libs_dex_archive/debug
/sdcard/BAI-Test-1-complete-fixed/build/intermediates/external_libs_dex_archive/debug/dexBuilderDebug
/sdcard/BAI-Test-1-complete-fixed/build/intermediates/external_libs_dex_archive/debug/dexBuilderDebug/out
/sdcard/BAI-Test-1-complete-fixed/build/intermediates/external_libs_dex_archive/debugAndroidTest
/sdcard/BAI-Test-1-complete-fixed/build/intermediates/external_libs_dex_archive/debugAndroidTest/dexBuilderDebugAndroidTest
/sdcard/BAI-Test-1-complete-fixed/build/intermediates/external_libs_dex_archive/debugAndroidTest/dexBuilderDebugAndroidTest/out
/sdcard/BAI-Test-1-complete-fixed/build/intermediates/external_libs_dex_archive/release
/sdcard/BAI-Test-1-complete-fixed/build/intermediates/external_libs_dex_archive/release/dexBuilderRelease
/sdcard/BAI-Test-1-complete-fixed/build/intermediates/external_libs_dex_archive/release/dexBuilderRelease/out
/sdcard/BAI-Test-1-complete-fixed/build/intermediates/external_libs_dex_archive_with_artifact_transforms
/sdcard/BAI-Test-1-complete-fixed/build/intermediates/external_libs_dex_archive_with_artifact_transforms/debug
/sdcard/BAI-Test-1-complete-fixed/build/intermediates/external_libs_dex_archive_with_artifact_transforms/debug/dexBuilderDebug
/sdcard/BAI-Test-1-complete-fixed/build/intermediates/external_libs_dex_archive_with_artifact_transforms/debug/dexBuilderDebug/out
/sdcard/BAI-Test-1-complete-fixed/build/intermediates/external_libs_dex_archive_with_artifact_transforms/debugAndroidTest
/sdcard/BAI-Test-1-complete-fixed/build/intermediates/external_libs_dex_archive_with_artifact_transforms/debugAndroidTest/dexBuilderDebugAndroidTest
/sdcard/BAI-Test-1-complete-fixed/build/intermediates/external_libs_dex_archive_with_artifact_transforms/debugAndroidTest/dexBuilderDebugAndroidTest/out
/sdcard/BAI-Test-1-complete-fixed/build/intermediates/external_libs_dex_archive_with_artifact_transforms/release
/sdcard/BAI-Test-1-complete-fixed/build/intermediates/external_libs_dex_archive_with_artifact_transforms/release/dexBuilderRelease
/sdcard/BAI-Test-1-complete-fixed/build/intermediates/external_libs_dex_archive_with_artifact_transforms/release/dexBuilderRelease/out
/sdcard/BAI-Test-1-complete-fixed/build/intermediates/global_synthetics_dex
/sdcard/BAI-Test-1-complete-fixed/build/intermediates/global_synthetics_dex/debug
/sdcard/BAI-Test-1-complete-fixed/build/intermediates/global_synthetics_dex/debug/generateDebugGlobalSynthetics
/sdcard/BAI-Test-1-complete-fixed/build/intermediates/global_synthetics_dex/debug/generateDebugGlobalSynthetics/classes.dex
/sdcard/BAI-Test-1-complete-fixed/build/intermediates/global_synthetics_dex/debugAndroidTest
/sdcard/BAI-Test-1-complete-fixed/build/intermediates/global_synthetics_dex/debugAndroidTest/generateDebugAndroidTestGlobalSynthetics
/sdcard/BAI-Test-1-complete-fixed/build/intermediates/global_synthetics_dex/debugAndroidTest/generateDebugAndroidTestGlobalSynthetics/classes.dex
/sdcard/BAI-Test-1-complete-fixed/build/intermediates/global_synthetics_dex/release
/sdcard/BAI-Test-1-complete-fixed/build/intermediates/global_synthetics_dex/release/mergeReleaseGlobalSynthetics
/sdcard/BAI-Test-1-complete-fixed/build/intermediates/global_synthetics_dex/release/mergeReleaseGlobalSynthetics/classes.dex
/sdcard/BAI-Test-1-complete-fixed/build/intermediates/global_synthetics_external_lib
/sdcard/BAI-Test-1-complete-fixed/build/intermediates/global_synthetics_external_lib/debug
/sdcard/BAI-Test-1-complete-fixed/build/intermediates/global_synthetics_external_lib/debug/dexBuilderDebug
/sdcard/BAI-Test-1-complete-fixed/build/intermediates/global_synthetics_external_lib/debug/dexBuilderDebug/out
/sdcard/BAI-Test-1-complete-fixed/build/intermediates/global_synthetics_external_lib/debugAndroidTest
/sdcard/BAI-Test-1-complete-fixed/build/intermediates/global_synthetics_external_lib/debugAndroidTest/dexBuilderDebugAndroidTest
/sdcard/BAI-Test-1-complete-fixed/build/intermediates/global_synthetics_external_lib/debugAndroidTest/dexBuilderDebugAndroidTest/out
/sdcard/BAI-Test-1-complete-fixed/build/intermediates/global_synthetics_external_lib/release
/sdcard/BAI-Test-1-complete-fixed/build/intermediates/global_synthetics_external_lib/release/dexBuilderRelease
/sdcard/BAI-Test-1-complete-fixed/build/intermediates/global_synthetics_external_lib/release/dexBuilderRelease/out
/sdcard/BAI-Test-1-complete-fixed/build/intermediates/global_synthetics_external_libs_artifact_transform
/sdcard/BAI-Test-1-complete-fixed/build/intermediates/global_synthetics_external_libs_artifact_transform/debug
/sdcard/BAI-Test-1-complete-fixed/build/intermediates/global_synthetics_external_libs_artifact_transform/debug/dexBuilderDebug
/sdcard/BAI-Test-1-complete-fixed/build/intermediates/global_synthetics_external_libs_artifact_transform/debug/dexBuilderDebug/out
/sdcard/BAI-Test-1-complete-fixed/build/intermediates/global_synthetics_external_libs_artifact_transform/debugAndroidTest
/sdcard/BAI-Test-1-complete-fixed/build/intermediates/global_synthetics_external_libs_artifact_transform/debugAndroidTest/dexBuilderDebugAndroidTest
/sdcard/BAI-Test-1-complete-fixed/build/intermediates/global_synthetics_external_libs_artifact_transform/debugAndroidTest/dexBuilderDebugAndroidTest/out
/sdcard/BAI-Test-1-complete-fixed/build/intermediates/global_synthetics_external_libs_artifact_transform/release
/sdcard/BAI-Test-1-complete-fixed/build/intermediates/global_synthetics_external_libs_artifact_transform/release/dexBuilderRelease
/sdcard/BAI-Test-1-complete-fixed/build/intermediates/global_synthetics_external_libs_artifact_transform/release/dexBuilderRelease/out
/sdcard/BAI-Test-1-complete-fixed/build/intermediates/global_synthetics_file_lib
/sdcard/BAI-Test-1-complete-fixed/build/intermediates/global_synthetics_file_lib/debug
/sdcard/BAI-Test-1-complete-fixed/build/intermediates/global_synthetics_file_lib/debug/desugarDebugFileDependencies
/sdcard/BAI-Test-1-complete-fixed/build/intermediates/global_synthetics_file_lib/debugAndroidTest
/sdcard/BAI-Test-1-complete-fixed/build/intermediates/global_synthetics_file_lib/debugAndroidTest/desugarDebugAndroidTestFileDependencies
/sdcard/BAI-Test-1-complete-fixed/build/intermediates/global_synthetics_file_lib/release
/sdcard/BAI-Test-1-complete-fixed/build/intermediates/global_synthetics_file_lib/release/desugarReleaseFileDependencies
/sdcard/BAI-Test-1-complete-fixed/build/intermediates/global_synthetics_mixed_scope
/sdcard/BAI-Test-1-complete-fixed/build/intermediates/global_synthetics_mixed_scope/debug
/sdcard/BAI-Test-1-complete-fixed/build/intermediates/global_synthetics_mixed_scope/debug/dexBuilderDebug
/sdcard/BAI-Test-1-complete-fixed/build/intermediates/global_synthetics_mixed_scope/debug/dexBuilderDebug/out
/sdcard/BAI-Test-1-complete-fixed/build/intermediates/global_synthetics_mixed_scope/debugAndroidTest
/sdcard/BAI-Test-1-complete-fixed/build/intermediates/global_synthetics_mixed_scope/debugAndroidTest/dexBuilderDebugAndroidTest
/sdcard/BAI-Test-1-complete-fixed/build/intermediates/global_synthetics_mixed_scope/debugAndroidTest/dexBuilderDebugAndroidTest/out
/sdcard/BAI-Test-1-complete-fixed/build/intermediates/global_synthetics_mixed_scope/release
/sdcard/BAI-Test-1-complete-fixed/build/intermediates/global_synthetics_mixed_scope/release/dexBuilderRelease
/sdcard/BAI-Test-1-complete-fixed/build/intermediates/global_synthetics_mixed_scope/release/dexBuilderRelease/out
/sdcard/BAI-Test-1-complete-fixed/build/intermediates/global_synthetics_project
/sdcard/BAI-Test-1-complete-fixed/build/intermediates/global_synthetics_project/debug
/sdcard/BAI-Test-1-complete-fixed/build/intermediates/global_synthetics_project/debug/dexBuilderDebug
/sdcard/BAI-Test-1-complete-fixed/build/intermediates/global_synthetics_project/debug/dexBuilderDebug/out
/sdcard/BAI-Test-1-complete-fixed/build/intermediates/global_synthetics_project/debugAndroidTest
/sdcard/BAI-Test-1-complete-fixed/build/intermediates/global_synthetics_project/debugAndroidTest/dexBuilderDebugAndroidTest
/sdcard/BAI-Test-1-complete-fixed/build/intermediates/global_synthetics_project/debugAndroidTest/dexBuilderDebugAndroidTest/out
/sdcard/BAI-Test-1-complete-fixed/build/intermediates/global_synthetics_project/release
/sdcard/BAI-Test-1-complete-fixed/build/intermediates/global_synthetics_project/release/dexBuilderRelease
/sdcard/BAI-Test-1-complete-fixed/build/intermediates/global_synthetics_project/release/dexBuilderRelease/out
/sdcard/BAI-Test-1-complete-fixed/build/intermediates/global_synthetics_project/release/dexBuilderRelease/out/com
/sdcard/BAI-Test-1-complete-fixed/build/intermediates/global_synthetics_project/release/dexBuilderRelease/out/com/sumon
/sdcard/BAI-Test-1-complete-fixed/build/intermediates/global_synthetics_project/release/dexBuilderRelease/out/com/sumon/bundleapp
/sdcard/BAI-Test-1-complete-fixed/build/intermediates/global_synthetics_project/release/dexBuilderRelease/out/com/sumon/bundleapp/installer
/sdcard/BAI-Test-1-complete-fixed/build/intermediates/global_synthetics_project/release/dexBuilderRelease/out/com/sumon/bundleapp/installer/installerx
/sdcard/BAI-Test-1-complete-fixed/build/intermediates/global_synthetics_project/release/dexBuilderRelease/out/com/sumon/bundleapp/installer/installerx/util
/sdcard/BAI-Test-1-complete-fixed/build/intermediates/global_synthetics_project/release/dexBuilderRelease/out/com/sumon/bundleapp/installer/installerx/util/AndroidBinXmlParser$Attribute.globals
/sdcard/BAI-Test-1-complete-fixed/build/intermediates/global_synthetics_project/release/dexBuilderRelease/out/com/sumon/bundleapp/installer/installerx/util/AndroidBinXmlParser$Chunk.globals
/sdcard/BAI-Test-1-complete-fixed/build/intermediates/global_synthetics_subproject
/sdcard/BAI-Test-1-complete-fixed/build/intermediates/global_synthetics_subproject/debug
/sdcard/BAI-Test-1-complete-fixed/build/intermediates/global_synthetics_subproject/debug/dexBuilderDebug
/sdcard/BAI-Test-1-complete-fixed/build/intermediates/global_synthetics_subproject/debug/dexBuilderDebug/out
/sdcard/BAI-Test-1-complete-fixed/build/intermediates/global_synthetics_subproject/debugAndroidTest
/sdcard/BAI-Test-1-complete-fixed/build/intermediates/global_synthetics_subproject/debugAndroidTest/dexBuilderDebugAndroidTest
/sdcard/BAI-Test-1-complete-fixed/build/intermediates/global_synthetics_subproject/debugAndroidTest/dexBuilderDebugAndroidTest/out
/sdcard/BAI-Test-1-complete-fixed/build/intermediates/global_synthetics_subproject/release
/sdcard/BAI-Test-1-complete-fixed/build/intermediates/global_synthetics_subproject/release/dexBuilderRelease
/sdcard/BAI-Test-1-complete-fixed/build/intermediates/global_synthetics_subproject/release/dexBuilderRelease/out
/sdcard/BAI-Test-1-complete-fixed/build/intermediates/incremental
/sdcard/BAI-Test-1-complete-fixed/build/intermediates/incremental/debug
/sdcard/BAI-Test-1-complete-fixed/build/intermediates/incremental/debug/mergeDebugResources
/sdcard/BAI-Test-1-complete-fixed/build/intermediates/incremental/debug/mergeDebugResources/compile-file-map.properties
/sdcard/BAI-Test-1-complete-fixed/build/intermediates/incremental/debug/mergeDebugResources/merged.dir
/sdcard/BAI-Test-1-complete-fixed/build/intermediates/incremental/debug/mergeDebugResources/merged.dir/values
/sdcard/BAI-Test-1-complete-fixed/build/intermediates/incremental/debug/mergeDebugResources/merged.dir/values/values.xml
/sdcard/BAI-Test-1-complete-fixed/build/intermediates/incremental/debug/mergeDebugResources/merged.dir/values-af
/sdcard/BAI-Test-1-complete-fixed/build/intermediates/incremental/debug/mergeDebugResources/merged.dir/values-af/values-af.xml
/sdcard/BAI-Test-1-complete-fixed/build/intermediates/incremental/debug/mergeDebugResources/merged.dir/values-am
/sdcard/BAI-Test-1-complete-fixed/build/intermediates/incremental/debug/mergeDebugResources/merged.dir/values-am/values-am.xml
/sdcard/BAI-Test-1-complete-fixed/build/intermediates/incremental/debug/mergeDebugResources/merged.dir/values-ar
/sdcard/BAI-Test-1-complete-fixed/build/intermediates/incremental/debug/mergeDebugResources/merged.dir/values-ar/values-ar.xml
/sdcard/BAI-Test-1-complete-fixed/build/intermediates/incremental/debug/mergeDebugResources/merged.dir/values-as
/sdcard/BAI-Test-1-complete-fixed/build/intermediates/incremental/debug/mergeDebugResources/merged.dir/values-as/values-as.xml
/sdcard/BAI-Test-1-complete-fixed/build/intermediates/incremental/debug/mergeDebugResources/merged.dir/values-az
/sdcard/BAI-Test-1-complete-fixed/build/intermediates/incremental/debug/mergeDebugResources/merged.dir/values-az/values-az.xml
/sdcard/BAI-Test-1-complete-fixed/build/intermediates/incremental/debug/mergeDebugResources/merged.dir/values-b+es+419
/sdcard/BAI-Test-1-complete-fixed/build/intermediates/incremental/debug/mergeDebugResources/merged.dir/values-b+es+419/values-b+es+419.xml
/sdcard/BAI-Test-1-complete-fixed/build/intermediates/incremental/debug/mergeDebugResources/merged.dir/values-b+sr+Latn
/sdcard/BAI-Test-1-complete-fixed/build/intermediates/incremental/debug/mergeDebugResources/merged.dir/values-b+sr+Latn/values-b+sr+Latn.xml
/sdcard/BAI-Test-1-complete-fixed/build/intermediates/incremental/debug/mergeDebugResources/merged.dir/values-be
/sdcard/BAI-Test-1-complete-fixed/build/intermediates/incremental/debug/mergeDebugResources/merged.dir/values-be/values-be.xml
/sdcard/BAI-Test-1-complete-fixed/build/intermediates/incremental/debug/mergeDebugResources/merged.dir/values-bg
/sdcard/BAI-Test-1-complete-fixed/build/intermediates/incremental/debug/mergeDebugResources/merged.dir/values-bg/values-bg.xml
/sdcard/BAI-Test-1-complete-fixed/build/intermediates/incremental/debug/mergeDebugResources/merged.dir/values-bn
/sdcard/BAI-Test-1-complete-fixed/build/intermediates/incremental/debug/mergeDebugResources/merged.dir/values-bn/values-bn.xml
/sdcard/BAI-Test-1-complete-fixed/build/intermediates/incremental/debug/mergeDebugResources/merged.dir/values-bs
/sdcard/BAI-Test-1-complete-fixed/build/intermediates/incremental/debug/mergeDebugResources/merged.dir/values-bs/values-bs.xml
/sdcard/BAI-Test-1-complete-fixed/build/intermediates/incremental/debug/mergeDebugResources/merged.dir/values-ca
/sdcard/BAI-Test-1-complete-fixed/build/intermediates/incremental/debug/mergeDebugResources/merged.dir/values-ca/values-ca.xml
/sdcard/BAI-Test-1-complete-fixed/build/intermediates/incremental/debug/mergeDebugResources/merged.dir/values-cs
/sdcard/BAI-Test-1-complete-fixed/build/intermediates/incremental/debug/mergeDebugResources/merged.dir/values-cs/values-cs.xml
/sdcard/BAI-Test-1-complete-fixed/build/intermediates/incremental/debug/mergeDebugResources/merged.dir/values-da
/sdcard/BAI-Test-1-complete-fixed/build/intermediates/incremental/debug/mergeDebugResources/merged.dir/values-da/values-da.xml
/sdcard/BAI-Test-1-complete-fixed/build/intermediates/incremental/debug/mergeDebugResources/merged.dir/values-de
/sdcard/BAI-Test-1-complete-fixed/build/intermediates/incremental/debug/mergeDebugResources/merged.dir/values-de/values-de.xml
/sdcard/BAI-Test-1-complete-fixed/build/intermediates/incremental/debug/mergeDebugResources/merged.dir/values-el
/sdcard/BAI-Test-1-complete-fixed/build/intermediates/incremental/debug/mergeDebugResources/merged.dir/values-el/values-el.xml
/sdcard/BAI-Test-1-complete-fixed/build/intermediates/incremental/debug/mergeDebugResources/merged.dir/values-en-rAU
/sdcard/BAI-Test-1-complete-fixed/build/intermediates/incremental/debug/mergeDebugResources/merged.dir/values-en-rAU/values-en-rAU.xml
/sdcard/BAI-Test-1-complete-fixed/build/intermediates/incremental/debug/mergeDebugResources/merged.dir/values-en-rCA
/sdcard/BAI-Test-1-complete-fixed/build/intermediates/incremental/debug/mergeDebugResources/merged.dir/values-en-rCA/values-en-rCA.xml
/sdcard/BAI-Test-1-complete-fixed/build/intermediates/incremental/debug/mergeDebugResources/merged.dir/values-en-rGB
/sdcard/BAI-Test-1-complete-fixed/build/intermediates/incremental/debug/mergeDebugResources/merged.dir/values-en-rGB/values-en-rGB.xml
/sdcard/BAI-Test-1-complete-fixed/build/intermediates/incremental/debug/mergeDebugResources/merged.dir/values-en-rIN
/sdcard/BAI-Test-1-complete-fixed/build/intermediates/incremental/debug/mergeDebugResources/merged.dir/values-en-rIN/values-en-rIN.xml
/sdcard/BAI-Test-1-complete-fixed/build/intermediates/incremental/debug/mergeDebugResources/merged.dir/values-en-rXC
/sdcard/BAI-Test-1-complete-fixed/build/intermediates/incremental/debug/mergeDebugResources/merged.dir/values-en-rXC/values-en-rXC.xml
/sdcard/BAI-Test-1-complete-fixed/build/intermediates/incremental/debug/mergeDebugResources/merged.dir/values-es
/sdcard/BAI-Test-1-complete-fixed/build/intermediates/incremental/debug/mergeDebugResources/merged.dir/values-es/values-es.xml
/sdcard/BAI-Test-1-complete-fixed/build/intermediates/incremental/debug/mergeDebugResources/merged.dir/values-es-rUS
/sdcard/BAI-Test-1-complete-fixed/build/intermediates/incremental/debug/mergeDebugResources/merged.dir/values-es-rUS/values-es-rUS.xml
/sdcard/BAI-Test-1-complete-fixed/build/intermediates/incremental/debug/mergeDebugResources/merged.dir/values-et
/sdcard/BAI-Test-1-complete-fixed/build/intermediates/incremental/debug/mergeDebugResources/merged.dir/values-et/values-et.xml
/sdcard/BAI-Test-1-complete-fixed/build/intermediates/incremental/debug/mergeDebugResources/merged.dir/values-eu
/sdcard/BAI-Test-1-complete-fixed/build/intermediates/incremental/debug/mergeDebugResources/merged.dir/values-eu/values-eu.xml
/sdcard/BAI-Test-1-complete-fixed/build/intermediates/incremental/debug/mergeDebugResources/merged.dir/values-fa
/sdcard/BAI-Test-1-complete-fixed/build/intermediates/incremental/debug/mergeDebugResources/merged.dir/values-fa/values-fa.xml
/sdcard/BAI-Test-1-complete-fixed/build/intermediates/incremental/debug/mergeDebugResources/merged.dir/values-fi
/sdcard/BAI-Test-1-complete-fixed/build/intermediates/incremental/debug/mergeDebugResources/merged.dir/values-fi/values-fi.xml
/sdcard/BAI-Test-1-complete-fixed/build/intermediates/incremental/debug/mergeDebugResources/merged.dir/values-fr
/sdcard/BAI-Test-1-complete-fixed/build/intermediates/incremental/debug/mergeDebugResources/merged.dir/values-fr/values-fr.xml
/sdcard/BAI-Test-1-complete-fixed/build/intermediates/incremental/debug/mergeDebugResources/merged.dir/values-fr-rCA
/sdcard/BAI-Test-1-complete-fixed/build/intermediates/incremental/debug/mergeDebugResources/merged.dir/values-fr-rCA/values-fr-rCA.xml
/sdcard/BAI-Test-1-complete-fixed/build/intermediates/incremental/debug/mergeDebugResources/merged.dir/values-gl
/sdcard/BAI-Test-1-complete-fixed/build/intermediates/incremental/debug/mergeDebugResources/merged.dir/values-gl/values-gl.xml
/sdcard/BAI-Test-1-complete-fixed/build/intermediates/incremental/debug/mergeDebugResources/merged.dir/values-gu
/sdcard/BAI-Test-1-complete-fixed/build/intermediates/incremental/debug/mergeDebugResources/merged.dir/values-gu/values-gu.xml
/sdcard/BAI-Test-1-complete-fixed/build/intermediates/incremental/debug/mergeDebugResources/merged.dir/values-h320dp-port-v13
/sdcard/BAI-Test-1-complete-fixed/build/intermediates/incremental/debug/mergeDebugResources/merged.dir/values-h320dp-port-v13/values-h320dp-port-v13.xml
/sdcard/BAI-Test-1-complete-fixed/build/intermediates/incremental/debug/mergeDebugResources/merged.dir/values-h320dp-v13
/sdcard/BAI-Test-1-complete-fixed/build/intermediates/incremental/debug/mergeDebugResources/merged.dir/values-h320dp-v13/values-h320dp-v13.xml
/sdcard/BAI-Test-1-complete-fixed/build/intermediates/incremental/debug/mergeDebugResources/merged.dir/values-h360dp-land-v13
/sdcard/BAI-Test-1-complete-fixed/build/intermediates/incremental/debug/mergeDebugResources/merged.dir/values-h360dp-land-v13/values-h360dp-land-v13.xml
/sdcard/BAI-Test-1-complete-fixed/build/intermediates/incremental/debug/mergeDebugResources/merged.dir/values-h480dp-land-v13
/sdcard/BAI-Test-1-complete-fixed/build/intermediates/incremental/debug/mergeDebugResources/merged.dir/values-h480dp-land-v13/values-h480dp-land-v13.xml
/sdcard/BAI-Test-1-complete-fixed/build/intermediates/incremental/debug/mergeDebugResources/merged.dir/values-h480dp-v13
/sdcard/BAI-Test-1-complete-fixed/build/intermediates/incremental/debug/mergeDebugResources/merged.dir/values-h480dp-v13/values-h480dp-v13.xml
/sdcard/BAI-Test-1-complete-fixed/build/intermediates/incremental/debug/mergeDebugResources/merged.dir/values-h550dp-port-v13
/sdcard/BAI-Test-1-complete-fixed/build/intermediates/incremental/debug/mergeDebugResources/merged.dir/values-h550dp-port-v13/values-h550dp-port-v13.xml
/sdcard/BAI-Test-1-complete-fixed/build/intermediates/incremental/debug/mergeDebugResources/merged.dir/values-h720dp-v13
/sdcard/BAI-Test-1-complete-fixed/build/intermediates/incremental/debug/mergeDebugResources/merged.dir/values-h720dp-v13/values-h720dp-v13.xml
/sdcard/BAI-Test-1-complete-fixed/build/intermediates/incremental/debug/mergeDebugResources/merged.dir/values-hdpi-v4
/sdcard/BAI-Test-1-complete-fixed/build/intermediates/incremental/debug/mergeDebugResources/merged.dir/values-hdpi-v4/values-hdpi-v4.xml
/sdcard/BAI-Test-1-complete-fixed/build/intermediates/incremental/debug/mergeDebugResources/merged.dir/values-hi
/sdcard/BAI-Test-1-complete-fixed/build/intermediates/incremental/debug/mergeDebugResources/merged.dir/values-hi/values-hi.xml
/sdcard/BAI-Test-1-complete-fixed/build/intermediates/incremental/debug/mergeDebugResources/merged.dir/values-hr
/sdcard/BAI-Test-1-complete-fixed/build/intermediates/incremental/debug/mergeDebugResources/merged.dir/values-hr/values-hr.xml
/sdcard/BAI-Test-1-complete-fixed/build/intermediates/incremental/debug/mergeDebugResources/merged.dir/values-hu
/sdcard/BAI-Test-1-complete-fixed/build/intermediates/incremental/debug/mergeDebugResources/merged.dir/values-hu/values-hu.xml
/sdcard/BAI-Test-1-complete-fixed/build/intermediates/incremental/debug/mergeDebugResources/merged.dir/values-hy
/sdcard/BAI-Test-1-complete-fixed/build/intermediates/incremental/debug/mergeDebugResources/merged.dir/values-hy/values-hy.xml
/sdcard/BAI-Test-1-complete-fixed/build/intermediates/incremental/debug/mergeDebugResources/merged.dir/values-in
/sdcard/BAI-Test-1-complete-fixed/build/intermediates/incremental/debug/mergeDebugResources/merged.dir/values-in/values-in.xml
/sdcard/BAI-Test-1-complete-fixed/build/intermediates/incremental/debug/mergeDebugResources/merged.dir/values-is
/sdcard/BAI-Test-1-complete-fixed/build/intermediates/incremental/debug/mergeDebugResources/merged.dir/values-is/values-is.xml
/sdcard/BAI-Test-1-complete-fixed/build/intermediates/incremental/debug/mergeDebugResources/merged.dir/values-it
/sdcard/BAI-Test-1-complete-fixed/build/intermediates/incremental/debug/mergeDebugResources/merged.dir/values-it/values-it.xml
/sdcard/BAI-Test-1-complete-fixed/build/intermediates/incremental/debug/mergeDebugResources/merged.dir/values-iw
/sdcard/BAI-Test-1-complete-fixed/build/intermediates/incremental/debug/mergeDebugResources/merged.dir/values-iw/values-iw.xml
/sdcard/BAI-Test-1-complete-fixed/build/intermediates/incremental/debug/mergeDebugResources/merged.dir/values-ja
/sdcard/BAI-Test-1-complete-fixed/build/intermediates/incremental/debug/mergeDebugResources/merged.dir/values-ja/values-ja.xml
/sdcard/BAI-Test-1-complete-fixed/build/intermediates/incremental/debug/mergeDebugResources/merged.dir/values-ka
/sdcard/BAI-Test-1-complete-fixed/build/intermediates/incremental/debug/mergeDebugResources/merged.dir/values-ka/values-ka.xml
/sdcard/BAI-Test-1-complete-fixed/build/intermediates/incremental/debug/mergeDebugResources/merged.dir/values-kk
/sdcard/BAI-Test-1-complete-fixed/build/intermediates/incremental/debug/mergeDebugResources/merged.dir/values-kk/values-kk.xml
/sdcard/BAI-Test-1-complete-fixed/build/intermediates/incremental/debug/mergeDebugResources/merged.dir/values-km
/sdcard/BAI-Test-1-complete-fixed/build/intermediates/incremental/debug/mergeDebugResources/merged.dir/values-km/values-km.xml
/sdcard/BAI-Test-1-complete-fixed/build/intermediates/incremental/debug/mergeDebugResources/merged.dir/values-kn
/sdcard/BAI-Test-1-complete-fixed/build/intermediates/incremental/debug/mergeDebugResources/merged.dir/values-kn/values-kn.xml
/sdcard/BAI-Test-1-complete-fixed/build/intermediates/incremental/debug/mergeDebugResources/merged.dir/values-ko
/sdcard/BAI-Test-1-complete-fixed/build/intermediates/incremental/debug/mergeDebugResources/merged.dir/values-ko/values-ko.xml
/sdcard/BAI-Test-1-complete-fixed/build/intermediates/incremental/debug/mergeDebugResources/merged.dir/values-ky
/sdcard/BAI-Test-1-complete-fixed/build/intermediates/incremental/debug/mergeDebugResources/merged.dir/values-ky/values-ky.xml
/sdcard/BAI-Test-1-complete-fixed/build/intermediates/incremental/debug/mergeDebugResources/merged.dir/values-land
/sdcard/BAI-Test-1-complete-fixed/build/intermediates/incremental/debug/mergeDebugResources/merged.dir/values-land/values-land.xml
/sdcard/BAI-Test-1-complete-fixed/build/intermediates/incremental/debug/mergeDebugResources/merged.dir/values-large-v4
/sdcard/BAI-Test-1-complete-fixed/build/intermediates/incremental/debug/mergeDebugResources/merged.dir/values-large-v4/values-large-v4.xml
/sdcard/BAI-Test-1-complete-fixed/build/intermediates/incremental/debug/mergeDebugResources/merged.dir/values-ldltr-v21
/sdcard/BAI-Test-1-complete-fixed/build/intermediates/incremental/debug/mergeDebugResources/merged.dir/values-ldltr-v21/values-ldltr-v21.xml
/sdcard/BAI-Test-1-complete-fixed/build/intermediates/incremental/debug/mergeDebugResources/merged.dir/values-ldrtl-v17
/sdcard/BAI-Test-1-complete-fixed/build/intermediates/incremental/debug/mergeDebugResources/merged.dir/values-ldrtl-v17/values-ldrtl-v17.xml
/sdcard/BAI-Test-1-complete-fixed/build/intermediates/incremental/debug/mergeDebugResources/merged.dir/values-lo
/sdcard/BAI-Test-1-complete-fixed/build/intermediates/incremental/debug/mergeDebugResources/merged.dir/values-lo/values-lo.xml
/sdcard/BAI-Test-1-complete-fixed/build/intermediates/incremental/debug/mergeDebugResources/merged.dir/values-lt
/sdcard/BAI-Test-1-complete-fixed/build/intermediates/incremental/debug/mergeDebugResources/merged.dir/values-lt/values-lt.xml
/sdcard/BAI-Test-1-complete-fixed/build/intermediates/incremental/debug/mergeDebugResources/merged.dir/values-lv
/sdcard/BAI-Test-1-complete-fixed/build/intermediates/incremental/debug/mergeDebugResources/merged.dir/values-lv/values-lv.xml
/sdcard/BAI-Test-1-complete-fixed/build/intermediates/incremental/debug/mergeDebugResources/merged.dir/values-mk
/sdcard/BAI-Test-1-complete-fixed/build/intermediates/incremental/debug/mergeDebugResources/merged.dir/values-mk/values-mk.xml
/sdcard/BAI-Test-1-complete-fixed/build/intermediates/incremental/debug/mergeDebugResources/merged.dir/values-ml
/sdcard/BAI-Test-1-complete-fixed/build/intermediates/incremental/debug/mergeDebugResources/merged.dir/values-ml/values-ml.xml
/sdcard/BAI-Test-1-complete-fixed/build/intermediates/incremental/debug/mergeDebugResources/merged.dir/values-mn
/sdcard/BAI-Test-1-complete-fixed/build/intermediates/incremental/debug/mergeDebugResources/merged.dir/values-mn/values-mn.xml
/sdcard/BAI-Test-1-complete-fixed/build/intermediates/incremental/debug/mergeDebugResources/merged.dir/values-mr
/sdcard/BAI-Test-1-complete-fixed/build/intermediates/incremental/debug/mergeDebugResources/merged.dir/values-mr/values-mr.xml
/sdcard/BAI-Test-1-complete-fixed/build/intermediates/incremental/debug/mergeDebugResources/merged.dir/values-ms
/sdcard/BAI-Test-1-complete-fixed/build/intermediates/incremental/debug/mergeDebugResources/merged.dir/values-ms/values-ms.xml
/sdcard/BAI-Test-1-complete-fixed/build/intermediates/incremental/debug/mergeDebugResources/merged.dir/values-my
/sdcard/BAI-Test-1-complete-fixed/build/intermediates/incremental/debug/mergeDebugResources/merged.dir/values-my/values-my.xml
/sdcard/BAI-Test-1-complete-fixed/build/intermediates/incremental/debug/mergeDebugResources/merged.dir/values-nb
/sdcard/BAI-Test-1-complete-fixed/build/intermediates/incremental/debug/mergeDebugResources/merged.dir/values-nb/values-nb.xml
/sdcard/BAI-Test-1-complete-fixed/build/intermediates/incremental/debug/mergeDebugResources/merged.dir/values-ne
/sdcard/BAI-Test-1-complete-fixed/build/intermediates/incremental/debug/mergeDebugResources/merged.dir/values-ne/values-ne.xml
/sdcard/BAI-Test-1-complete-fixed/build/intermediates/incremental/debug/mergeDebugResources/merged.dir/values-night-v8
/sdcard/BAI-Test-1-complete-fixed/build/intermediates/incremental/debug/mergeDebugResources/merged.dir/values-night-v8/values-night-v8.xml
/sdcard/BAI-Test-1-complete-fixed/build/intermediates/incremental/debug/mergeDebugResources/merged.dir/values-nl
/sdcard/BAI-Test-1-complete-fixed/build/intermediates/incremental/debug/mergeDebugResources/merged.dir/values-nl/values-nl.xml
/sdcard/BAI-Test-1-complete-fixed/build/intermediates/incremental/debug/mergeDebugResources/merged.dir/values-or
/sdcard/BAI-Test-1-complete-fixed/build/intermediates/incremental/debug/mergeDebugResources/merged.dir/values-or/values-or.xml
/sdcard/BAI-Test-1-complete-fixed/build/intermediates/incremental/debug/mergeDebugResources/merged.dir/values-pa
/sdcard/BAI-Test-1-complete-fixed/build/intermediates/incremental/debug/mergeDebugResources/merged.dir/values-pa/values-pa.xml
/sdcard/BAI-Test-1-complete-fixed/build/intermediates/incremental/debug/mergeDebugResources/merged.dir/values-pl
/sdcard/BAI-Test-1-complete-fixed/build/intermediates/incremental/debug/mergeDebugResources/merged.dir/values-pl/values-pl.xml
/sdcard/BAI-Test-1-complete-fixed/build/intermediates/incremental/debug/mergeDebugResources/merged.dir/values-port
/sdcard/BAI-Test-1-complete-fixed/build/intermediates/incremental/debug/mergeDebugResources/merged.dir/values-port/values-port.xml
/sdcard/BAI-Test-1-complete-fixed/build/intermediates/incremental/debug/mergeDebugResources/merged.dir/values-pt
/sdcard/BAI-Test-1-complete-fixed/build/intermediates/incremental/debug/mergeDebugResources/merged.dir/values-pt/values-pt.xml
/sdcard/BAI-Test-1-complete-fixed/build/intermediates/incremental/debug/mergeDebugResources/merged.dir/values-pt-rBR
/sdcard/BAI-Test-1-complete-fixed/build/intermediates/incremental/debug/mergeDebugResources/merged.dir/values-pt-rBR/values-pt-rBR.xml
/sdcard/BAI-Test-1-complete-fixed/build/intermediates/incremental/debug/mergeDebugResources/merged.dir/values-pt-rPT
/sdcard/BAI-Test-1-complete-fixed/build/intermediates/incremental/debug/mergeDebugResources/merged.dir/values-pt-rPT/values-pt-rPT.xml
/sdcard/BAI-Test-1-complete-fixed/build/intermediates/incremental/debug/mergeDebugResources/merged.dir/values-ro
/sdcard/BAI-Test-1-complete-fixed/build/intermediates/incremental/debug/mergeDebugResources/merged.dir/values-ro/values-ro.xml
/sdcard/BAI-Test-1-complete-fixed/build/intermediates/incremental/debug/mergeDebugResources/merged.dir/values-ru
/sdcard/BAI-Test-1-complete-fixed/build/intermediates/incremental/debug/mergeDebugResources/merged.dir/values-ru/values-ru.xml
/sdcard/BAI-Test-1-complete-fixed/build/intermediates/incremental/debug/mergeDebugResources/merged.dir/values-si
/sdcard/BAI-Test-1-complete-fixed/build/intermediates/incremental/debug/mergeDebugResources/merged.dir/values-si/values-si.xml
/sdcard/BAI-Test-1-complete-fixed/build/intermediates/incremental/debug/mergeDebugResources/merged.dir/values-sk
/sdcard/BAI-Test-1-complete-fixed/build/intermediates/incremental/debug/mergeDebugResources/merged.dir/values-sk/values-sk.xml
/sdcard/BAI-Test-1-complete-fixed/build/intermediates/incremental/debug/mergeDebugResources/merged.dir/values-sl
/sdcard/BAI-Test-1-complete-fixed/build/intermediates/incremental/debug/mergeDebugResources/merged.dir/values-sl/values-sl.xml
/sdcard/BAI-Test-1-complete-fixed/build/intermediates/incremental/debug/mergeDebugResources/merged.dir/values-sq
/sdcard/BAI-Test-1-complete-fixed/build/intermediates/incremental/debug/mergeDebugResources/merged.dir/values-sq/values-sq.xml
/sdcard/BAI-Test-1-complete-fixed/build/intermediates/incremental/debug/mergeDebugResources/merged.dir/values-sr
/sdcard/BAI-Test-1-complete-fixed/build/intermediates/incremental/debug/mergeDebugResources/merged.dir/values-sr/values-sr.xml
/sdcard/BAI-Test-1-complete-fixed/build/intermediates/incremental/debug/mergeDebugResources/merged.dir/values-sv
/sdcard/BAI-Test-1-complete-fixed/build/intermediates/incremental/debug/mergeDebugResources/merged.dir/values-sv/values-sv.xml
/sdcard/BAI-Test-1-complete-fixed/build/intermediates/incremental/debug/mergeDebugResources/merged.dir/values-sv-rSE
/sdcard/BAI-Test-1-complete-fixed/build/intermediates/incremental/debug/mergeDebugResources/merged.dir/values-sv-rSE/values-sv-rSE.xml
/sdcard/BAI-Test-1-complete-fixed/build/intermediates/incremental/debug/mergeDebugResources/merged.dir/values-sw
/sdcard/BAI-Test-1-complete-fixed/build/intermediates/incremental/debug/mergeDebugResources/merged.dir/values-sw/values-sw.xml
/sdcard/BAI-Test-1-complete-fixed/build/intermediates/incremental/debug/mergeDebugResources/merged.dir/values-sw360dp-v13
/sdcard/BAI-Test-1-complete-fixed/build/intermediates/incremental/debug/mergeDebugResources/merged.dir/values-sw360dp-v13/values-sw360dp-v13.xml
/sdcard/BAI-Test-1-complete-fixed/build/intermediates/incremental/debug/mergeDebugResources/merged.dir/values-sw600dp-v13
/sdcard/BAI-Test-1-complete-fixed/build/intermediates/incremental/debug/mergeDebugResources/merged.dir/values-sw600dp-v13/values-sw600dp-v13.xml
/sdcard/BAI-Test-1-complete-fixed/build/intermediates/incremental/debug/mergeDebugResources/merged.dir/values-ta
/sdcard/BAI-Test-1-complete-fixed/build/intermediates/incremental/debug/mergeDebugResources/merged.dir/values-ta/values-ta.xml
/sdcard/BAI-Test-1-complete-fixed/build/intermediates/incremental/debug/mergeDebugResources/merged.dir/values-te
/sdcard/BAI-Test-1-complete-fixed/build/intermediates/incremental/debug/mergeDebugResources/merged.dir/values-te/values-te.xml
/sdcard/BAI-Test-1-complete-fixed/build/intermediates/incremental/debug/mergeDebugResources/merged.dir/values-th
/sdcard/BAI-Test-1-complete-fixed/build/intermediates/incremental/debug/mergeDebugResources/merged.dir/values-th/values-th.xml
/sdcard/BAI-Test-1-complete-fixed/build/intermediates/incremental/debug/mergeDebugResources/merged.dir/values-tl
/sdcard/BAI-Test-1-complete-fixed/build/intermediates/incremental/debug/mergeDebugResources/merged.dir/values-tl/values-tl.xml
/sdcard/BAI-Test-1-complete-fixed/build/intermediates/incremental/debug/mergeDebugResources/merged.dir/values-tr
/sdcard/BAI-Test-1-complete-fixed/build/intermediates/incremental/debug/mergeDebugResources/merged.dir/values-tr/values-tr.xml
/sdcard/BAI-Test-1-complete-fixed/build/intermediates/incremental/debug/mergeDebugResources/merged.dir/values-uk
/sdcard/BAI-Test-1-complete-fixed/build/intermediates/incremental/debug/mergeDebugResources/merged.dir/values-uk/values-uk.xml
/sdcard/BAI-Test-1-complete-fixed/build/intermediates/incremental/debug/mergeDebugResources/merged.dir/values-ur
/sdcard/BAI-Test-1-complete-fixed/build/intermediates/incremental/debug/mergeDebugResources/merged.dir/values-ur/values-ur.xml
/sdcard/BAI-Test-1-complete-fixed/build/intermediates/incremental/debug/mergeDebugResources/merged.dir/values-uz
/sdcard/BAI-Test-1-complete-fixed/build/intermediates/incremental/debug/mergeDebugResources/merged.dir/values-uz/values-uz.xml
/sdcard/BAI-Test-1-complete-fixed/build/intermediates/incremental/debug/mergeDebugResources/merged.dir/values-v16
/sdcard/BAI-Test-1-complete-fixed/build/intermediates/incremental/debug/mergeDebugResources/merged.dir/values-v16/values-v16.xml
/sdcard/BAI-Test-1-complete-fixed/build/intermediates/incremental/debug/mergeDebugResources/merged.dir/values-v17
/sdcard/BAI-Test-1-complete-fixed/build/intermediates/incremental/debug/mergeDebugResources/merged.dir/values-v17/values-v17.xml
/sdcard/BAI-Test-1-complete-fixed/build/intermediates/incremental/debug/mergeDebugResources/merged.dir/values-v18
/sdcard/BAI-Test-1-complete-fixed/build/intermediates/incremental/debug/mergeDebugResources/merged.dir/values-v18/values-v18.xml
/sdcard/BAI-Test-1-complete-fixed/build/intermediates/incremental/debug/mergeDebugResources/merged.dir/values-v21
/sdcard/BAI-Test-1-complete-fixed/build/intermediates/incremental/debug/mergeDebugResources/merged.dir/values-v21/values-v21.xml
/sdcard/BAI-Test-1-complete-fixed/build/intermediates/incremental/debug/mergeDebugResources/merged.dir/values-v22
/sdcard/BAI-Test-1-complete-fixed/build/intermediates/incremental/debug/mergeDebugResources/merged.dir/values-v22/values-v22.xml
/sdcard/BAI-Test-1-complete-fixed/build/intermediates/incremental/debug/mergeDebugResources/merged.dir/values-v23
/sdcard/BAI-Test-1-complete-fixed/build/intermediates/incremental/debug/mergeDebugResources/merged.dir/values-v23/values-v23.xml
/sdcard/BAI-Test-1-complete-fixed/build/intermediates/incremental/debug/mergeDebugResources/merged.dir/values-v24
/sdcard/BAI-Test-1-complete-fixed/build/intermediates/incremental/debug/mergeDebugResources/merged.dir/values-v24/values-v24.xml
/sdcard/BAI-Test-1-complete-fixed/build/intermediates/incremental/debug/mergeDebugResources/merged.dir/values-v25
/sdcard/BAI-Test-1-complete-fixed/build/intermediates/incremental/debug/mergeDebugResources/merged.dir/values-v25/values-v25.xml
/sdcard/BAI-Test-1-complete-fixed/build/intermediates/incremental/debug/mergeDebugResources/merged.dir/values-v26
/sdcard/BAI-Test-1-complete-fixed/build/intermediates/incremental/debug/mergeDebugResources/merged.dir/values-v26/values-v26.xml
/sdcard/BAI-Test-1-complete-fixed/build/intermediates/incremental/debug/mergeDebugResources/merged.dir/values-v27
/sdcard/BAI-Test-1-complete-fixed/build/intermediates/incremental/debug/mergeDebugResources/merged.dir/values-v27/values-v27.xml
/sdcard/BAI-Test-1-complete-fixed/build/intermediates/incremental/debug/mergeDebugResources/merged.dir/values-v28
/sdcard/BAI-Test-1-complete-fixed/build/intermediates/incremental/debug/mergeDebugResources/merged.dir/values-v28/values-v28.xml
/sdcard/BAI-Test-1-complete-fixed/build/intermediates/incremental/debug/mergeDebugResources/merged.dir/values-v31
/sdcard/BAI-Test-1-complete-fixed/build/intermediates/incremental/debug/mergeDebugResources/merged.dir/values-v31/values-v31.xml
/sdcard/BAI-Test-1-complete-fixed/build/intermediates/incremental/debug/mergeDebugResources/merged.dir/values-v33
/sdcard/BAI-Test-1-complete-fixed/build/intermediates/incremental/debug/mergeDebugResources/merged.dir/values-v33/values-v33.xml
/sdcard/BAI-Test-1-complete-fixed/build/intermediates/incremental/debug/mergeDebugResources/merged.dir/values-v34
/sdcard/BAI-Test-1-complete-fixed/build/intermediates/incremental/debug/mergeDebugResources/merged.dir/values-v34/values-v34.xml
/sdcard/BAI-Test-1-complete-fixed/build/intermediates/incremental/debug/mergeDebugResources/merged.dir/values-v35
/sdcard/BAI-Test-1-complete-fixed/build/intermediates/incremental/debug/mergeDebugResources/merged.dir/values-v35/values-v35.xml
/sdcard/BAI-Test-1-complete-fixed/build/intermediates/incremental/debug/mergeDebugResources/merged.dir/values-vi
/sdcard/BAI-Test-1-complete-fixed/build/intermediates/incremental/debug/mergeDebugResources/merged.dir/values-vi/values-vi.xml
/sdcard/BAI-Test-1-complete-fixed/build/intermediates/incremental/debug/mergeDebugResources/merged.dir/values-w320dp-land-v13
/sdcard/BAI-Test-1-complete-fixed/build/intermediates/incremental/debug/mergeDebugResources/merged.dir/values-w320dp-land-v13/values-w320dp-land-v13.xml
/sdcard/BAI-Test-1-complete-fixed/build/intermediates/incremental/debug/mergeDebugResources/merged.dir/values-w360dp-port-v13
/sdcard/BAI-Test-1-complete-fixed/build/intermediates/incremental/debug/mergeDebugResources/merged.dir/values-w360dp-port-v13/values-w360dp-port-v13.xml
/sdcard/BAI-Test-1-complete-fixed/build/intermediates/incremental/debug/mergeDebugResources/merged.dir/values-w400dp-port-v13
/sdcard/BAI-Test-1-complete-fixed/build/intermediates/incremental/debug/mergeDebugResources/merged.dir/values-w400dp-port-v13/values-w400dp-port-v13.xml
/sdcard/BAI-Test-1-complete-fixed/build/intermediates/incremental/debug/mergeDebugResources/merged.dir/values-w600dp-land-v13
/sdcard/BAI-Test-1-complete-fixed/build/intermediates/incremental/debug/mergeDebugResources/merged.dir/values-w600dp-land-v13/values-w600dp-land-v13.xml
/sdcard/BAI-Test-1-complete-fixed/build/intermediates/incremental/debug/mergeDebugResources/merged.dir/values-w600dp-v13
/sdcard/BAI-Test-1-complete-fixed/build/intermediates/incremental/debug/mergeDebugResources/merged.dir/values-w600dp-v13/values-w600dp-v13.xml
/sdcard/BAI-Test-1-complete-fixed/build/intermediates/incremental/debug/mergeDebugResources/merged.dir/values-w820dp-v13
/sdcard/BAI-Test-1-complete-fixed/build/intermediates/incremental/debug/mergeDebugResources/merged.dir/values-w820dp-v13/values-w820dp-v13.xml
/sdcard/BAI-Test-1-complete-fixed/build/intermediates/incremental/debug/mergeDebugResources/merged.dir/values-watch-v20
/sdcard/BAI-Test-1-complete-fixed/build/intermediates/incremental/debug/mergeDebugResources/merged.dir/values-watch-v20/values-watch-v20.xml
/sdcard/BAI-Test-1-complete-fixed/build/intermediates/incremental/debug/mergeDebugResources/merged.dir/values-watch-v21
/sdcard/BAI-Test-1-complete-fixed/build/intermediates/incremental/debug/mergeDebugResources/merged.dir/values-watch-v21/values-watch-v21.xml
/sdcard/BAI-Test-1-complete-fixed/build/intermediates/incremental/debug/mergeDebugResources/merged.dir/values-xlarge-v4
/sdcard/BAI-Test-1-complete-fixed/build/intermediates/incremental/debug/mergeDebugResources/merged.dir/values-xlarge-v4/values-xlarge-v4.xml
/sdcard/BAI-Test-1-complete-fixed/build/intermediates/incremental/debug/mergeDebugResources/merged.dir/values-zh-rCN
/sdcard/BAI-Test-1-complete-fixed/build/intermediates/incremental/debug/mergeDebugResources/merged.dir/values-zh-rCN/values-zh-rCN.xml
/sdcard/BAI-Test-1-complete-fixed/build/intermediates/incremental/debug/mergeDebugResources/merged.dir/values-zh-rHK
/sdcard/BAI-Test-1-complete-fixed/build/intermediates/incremental/debug/mergeDebugResources/merged.dir/values-zh-rHK/values-zh-rHK.xml
/sdcard/BAI-Test-1-complete-fixed/build/intermediates/incremental/debug/mergeDebugResources/merged.dir/values-zh-rTW
/sdcard/BAI-Test-1-complete-fixed/build/intermediates/incremental/debug/mergeDebugResources/merged.dir/values-zh-rTW/values-zh-rTW.xml
/sdcard/BAI-Test-1-complete-fixed/build/intermediates/incremental/debug/mergeDebugResources/merged.dir/values-zu
/sdcard/BAI-Test-1-complete-fixed/build/intermediates/incremental/debug/mergeDebugResources/merged.dir/values-zu/values-zu.xml
/sdcard/BAI-Test-1-complete-fixed/build/intermediates/incremental/debug/mergeDebugResources/merger.xml
/sdcard/BAI-Test-1-complete-fixed/build/intermediates/incremental/debug/mergeDebugResources/stripped.dir
/sdcard/BAI-Test-1-complete-fixed/build/intermediates/incremental/debug/packageDebugResources
/sdcard/BAI-Test-1-complete-fixed/build/intermediates/incremental/debug/packageDebugResources/compile-file-map.properties
/sdcard/BAI-Test-1-complete-fixed/build/intermediates/incremental/debug/packageDebugResources/merged.dir
/sdcard/BAI-Test-1-complete-fixed/build/intermediates/incremental/debug/packageDebugResources/merged.dir/values
/sdcard/BAI-Test-1-complete-fixed/build/intermediates/incremental/debug/packageDebugResources/merged.dir/values/values.xml
/sdcard/BAI-Test-1-complete-fixed/build/intermediates/incremental/debug/packageDebugResources/merged.dir/values-ar
/sdcard/BAI-Test-1-complete-fixed/build/intermediates/incremental/debug/packageDebugResources/merged.dir/values-ar/values-ar.xml
/sdcard/BAI-Test-1-complete-fixed/build/intermediates/incremental/debug/packageDebugResources/merged.dir/values-az
/sdcard/BAI-Test-1-complete-fixed/build/intermediates/incremental/debug/packageDebugResources/merged.dir/values-az/values-az.xml
/sdcard/BAI-Test-1-complete-fixed/build/intermediates/incremental/debug/packageDebugResources/merged.dir/values-bg
/sdcard/BAI-Test-1-complete-fixed/build/intermediates/incremental/debug/packageDebugResources/merged.dir/values-bg/values-bg.xml
/sdcard/BAI-Test-1-complete-fixed/build/intermediates/incremental/debug/packageDebugResources/merged.dir/values-de
/sdcard/BAI-Test-1-complete-fixed/build/intermediates/incremental/debug/packageDebugResources/merged.dir/values-de/values-de.xml
/sdcard/BAI-Test-1-complete-fixed/build/intermediates/incremental/debug/packageDebugResources/merged.dir/values-el
/sdcard/BAI-Test-1-complete-fixed/build/intermediates/incremental/debug/packageDebugResources/merged.dir/values-el/values-el.xml
/sdcard/BAI-Test-1-complete-fixed/build/intermediates/incremental/debug/packageDebugResources/merged.dir/values-es
/sdcard/BAI-Test-1-complete-fixed/build/intermediates/incremental/debug/packageDebugResources/merged.dir/values-es/values-es.xml
/sdcard/BAI-Test-1-complete-fixed/build/intermediates/incremental/debug/packageDebugResources/merged.dir/values-fr
/sdcard/BAI-Test-1-complete-fixed/build/intermediates/incremental/debug/packageDebugResources/merged.dir/values-fr/values-fr.xml
/sdcard/BAI-Test-1-complete-fixed/build/intermediates/incremental/debug/packageDebugResources/merged.dir/values-it
/sdcard/BAI-Test-1-complete-fixed/build/intermediates/incremental/debug/packageDebugResources/merged.dir/values-it/values-it.xml
/sdcard/BAI-Test-1-complete-fixed/build/intermediates/incremental/debug/packageDebugResources/merged.dir/values-ja
/sdcard/BAI-Test-1-complete-fixed/build/intermediates/incremental/debug/packageDebugResources/merged.dir/values-ja/values-ja.xml
/sdcard/BAI-Test-1-complete-fixed/build/intermediates/incremental/debug/packageDebugResources/merged.dir/values-ko
/sdcard/BAI-Test-1-complete-fixed/build/intermediates/incremental/debug/packageDebugResources/merged.dir/values-ko/values-ko.xml
/sdcard/BAI-Test-1-complete-fixed/build/intermediates/incremental/debug/packageDebugResources/merged.dir/values-pl
/sdcard/BAI-Test-1-complete-fixed/build/intermediates/incremental/debug/packageDebugResources/merged.dir/values-pl/values-pl.xml
/sdcard/BAI-Test-1-complete-fixed/build/intermediates/incremental/debug/packageDebugResources/merged.dir/values-pt-rBR
/sdcard/BAI-Test-1-complete-fixed/build/intermediates/incremental/debug/packageDebugResources/merged.dir/values-pt-rBR/values-pt-rBR.xml
/sdcard/BAI-Test-1-complete-fixed/build/intermediates/incremental/debug/packageDebugResources/merged.dir/values-ru
/sdcard/BAI-Test-1-complete-fixed/build/intermediates/incremental/debug/packageDebugResources/merged.dir/values-ru/values-ru.xml
/sdcard/BAI-Test-1-complete-fixed/build/intermediates/incremental/debug/packageDebugResources/merged.dir/values-sv-rSE
/sdcard/BAI-Test-1-complete-fixed/build/intermediates/incremental/debug/packageDebugResources/merged.dir/values-sv-rSE/values-sv-rSE.xml
/sdcard/BAI-Test-1-complete-fixed/build/intermediates/incremental/debug/packageDebugResources/merged.dir/values-tr
/sdcard/BAI-Test-1-complete-fixed/build/intermediates/incremental/debug/packageDebugResources/merged.dir/values-tr/values-tr.xml
/sdcard/BAI-Test-1-complete-fixed/build/intermediates/incremental/debug/packageDebugResources/merged.dir/values-uk
/sdcard/BAI-Test-1-complete-fixed/build/intermediates/incremental/debug/packageDebugResources/merged.dir/values-uk/values-uk.xml
/sdcard/BAI-Test-1-complete-fixed/build/intermediates/incremental/debug/packageDebugResources/merged.dir/values-v23
/sdcard/BAI-Test-1-complete-fixed/build/intermediates/incremental/debug/packageDebugResources/merged.dir/values-v23/values-v23.xml
/sdcard/BAI-Test-1-complete-fixed/build/intermediates/incremental/debug/packageDebugResources/merged.dir/values-v27
/sdcard/BAI-Test-1-complete-fixed/build/intermediates/incremental/debug/packageDebugResources/merged.dir/values-v27/values-v27.xml
/sdcard/BAI-Test-1-complete-fixed/build/intermediates/incremental/debug/packageDebugResources/merged.dir/values-vi
/sdcard/BAI-Test-1-complete-fixed/build/intermediates/incremental/debug/packageDebugResources/merged.dir/values-vi/values-vi.xml
/sdcard/BAI-Test-1-complete-fixed/build/intermediates/incremental/debug/packageDebugResources/merged.dir/values-zh-rCN
/sdcard/BAI-Test-1-complete-fixed/build/intermediates/incremental/debug/packageDebugResources/merged.dir/values-zh-rCN/values-zh-rCN.xml
/sdcard/BAI-Test-1-complete-fixed/build/intermediates/incremental/debug/packageDebugResources/merged.dir/values-zh-rTW
/sdcard/BAI-Test-1-complete-fixed/build/intermediates/incremental/debug/packageDebugResources/merged.dir/values-zh-rTW/values-zh-rTW.xml
/sdcard/BAI-Test-1-complete-fixed/build/intermediates/incremental/debug/packageDebugResources/merger.xml
/sdcard/BAI-Test-1-complete-fixed/build/intermediates/incremental/debug/packageDebugResources/stripped.dir
/sdcard/BAI-Test-1-complete-fixed/build/intermediates/incremental/debug-mergeJavaRes
/sdcard/BAI-Test-1-complete-fixed/build/intermediates/incremental/debug-mergeJavaRes/merge-state
/sdcard/BAI-Test-1-complete-fixed/build/intermediates/incremental/debug-mergeJavaRes/zip-cache
/sdcard/BAI-Test-1-complete-fixed/build/intermediates/incremental/debug-mergeJavaRes/zip-cache/1D6Ns_zb48+6RjfhgJuraw==
/sdcard/BAI-Test-1-complete-fixed/build/intermediates/incremental/debug-mergeJavaRes/zip-cache/2kqz9ZgTOjViid2TAKlnuQ==
/sdcard/BAI-Test-1-complete-fixed/build/intermediates/incremental/debug-mergeJavaRes/zip-cache/50h5QYhRYVZlpLeroin9TQ==
/sdcard/BAI-Test-1-complete-fixed/build/intermediates/incremental/debug-mergeJavaRes/zip-cache/5H2yNO4mGSqvrBGbSQKGww==
/sdcard/BAI-Test-1-complete-fixed/build/intermediates/incremental/debug-mergeJavaRes/zip-cache/5wcNUg4wPau3AjgJDCaAHQ==
/sdcard/BAI-Test-1-complete-fixed/build/intermediates/incremental/debug-mergeJavaRes/zip-cache/6FO7Fvec1YUNIotbFMsQgA==
/sdcard/BAI-Test-1-complete-fixed/build/intermediates/incremental/debug-mergeJavaRes/zip-cache/6UwPP+CsUcRPbJvI5mD4ew==
/sdcard/BAI-Test-1-complete-fixed/build/intermediates/incremental/debug-mergeJavaRes/zip-cache/6X451XEFW9dX1ruANK50Lw==
/sdcard/BAI-Test-1-complete-fixed/build/intermediates/incremental/debug-mergeJavaRes/zip-cache/7Xqfazp8eN0raMKdEINHmg==
/sdcard/BAI-Test-1-complete-fixed/build/intermediates/incremental/debug-mergeJavaRes/zip-cache/8ZaGrU5kZDa_NLb4Xwt_+w==
/sdcard/BAI-Test-1-complete-fixed/build/intermediates/incremental/debug-mergeJavaRes/zip-cache/9dDEZU_4t3s3hQqCjQSlHA==
/sdcard/BAI-Test-1-complete-fixed/build/intermediates/incremental/debug-mergeJavaRes/zip-cache/9iz0bYmuHGBRaGpJFoZ1mw==
/sdcard/BAI-Test-1-complete-fixed/build/intermediates/incremental/debug-mergeJavaRes/zip-cache/aVLcNH3LU48ug6On50aoMQ==
/sdcard/BAI-Test-1-complete-fixed/build/intermediates/incremental/debug-mergeJavaRes/zip-cache/AWDh1Cj8z_0XBzEdrsC4LA==
/sdcard/BAI-Test-1-complete-fixed/build/intermediates/incremental/debug-mergeJavaRes/zip-cache/Aydudadnc5sK5y9Gd5eVCg==
/sdcard/BAI-Test-1-complete-fixed/build/intermediates/incremental/debug-mergeJavaRes/zip-cache/A_jYqxKyV8xFcQQvauezlw==
/sdcard/BAI-Test-1-complete-fixed/build/intermediates/incremental/debug-mergeJavaRes/zip-cache/bbUrM3j3WqFbquln8O_xzQ==
/sdcard/BAI-Test-1-complete-fixed/build/intermediates/incremental/debug-mergeJavaRes/zip-cache/cDpQPMEhOKX7l3IrhTOApg==
/sdcard/BAI-Test-1-complete-fixed/build/intermediates/incremental/debug-mergeJavaRes/zip-cache/CrU0V3qNQqR9RHdxd5lG5Q==
/sdcard/BAI-Test-1-complete-fixed/build/intermediates/incremental/debug-mergeJavaRes/zip-cache/cYU9Nxer_xNv1uCCe8Pq9g==
/sdcard/BAI-Test-1-complete-fixed/build/intermediates/incremental/debug-mergeJavaRes/zip-cache/C_f5SP+dMLDz_tjKRi4TJQ==
/sdcard/BAI-Test-1-complete-fixed/build/intermediates/incremental/debug-mergeJavaRes/zip-cache/D1YBALnGK5EXAT4dFPl+tw==
/sdcard/BAI-Test-1-complete-fixed/build/intermediates/incremental/debug-mergeJavaRes/zip-cache/DbDYwlv6L7_lfmnFYGQ+tw==
/sdcard/BAI-Test-1-complete-fixed/build/intermediates/incremental/debug-mergeJavaRes/zip-cache/DEfn0c6eI+FkWGdDTneWHA==
/sdcard/BAI-Test-1-complete-fixed/build/intermediates/incremental/debug-mergeJavaRes/zip-cache/dJCWutA_XXvklKN7Q8S_mQ==
/sdcard/BAI-Test-1-complete-fixed/build/intermediates/incremental/debug-mergeJavaRes/zip-cache/dKR4bqXN3ClX_enSRVjAOg==
/sdcard/BAI-Test-1-complete-fixed/build/intermediates/incremental/debug-mergeJavaRes/zip-cache/dQFfE4kZDHmOJjAsT8kz4A==
/sdcard/BAI-Test-1-complete-fixed/build/intermediates/incremental/debug-mergeJavaRes/zip-cache/du2x+fsZCLyRYQKeEpkoCg==
/sdcard/BAI-Test-1-complete-fixed/build/intermediates/incremental/debug-mergeJavaRes/zip-cache/duF_L5DtIwrozEuRnsjYQA==
/sdcard/BAI-Test-1-complete-fixed/build/intermediates/incremental/debug-mergeJavaRes/zip-cache/emFhqu0z9_1PQK0hNJQvUQ==
/sdcard/BAI-Test-1-complete-fixed/build/intermediates/incremental/debug-mergeJavaRes/zip-cache/Eu8T+fD38RIZnI5bg5sISw==
/sdcard/BAI-Test-1-complete-fixed/build/intermediates/incremental/debug-mergeJavaRes/zip-cache/EUrDZduZjSWvW76sQE1Kog==
/sdcard/BAI-Test-1-complete-fixed/build/intermediates/incremental/debug-mergeJavaRes/zip-cache/EyOldyIsXHfUxElTQXf_wg==
/sdcard/BAI-Test-1-complete-fixed/build/intermediates/incremental/debug-mergeJavaRes/zip-cache/f2AIN83BA3LRfzRnKgyabA==
/sdcard/BAI-Test-1-complete-fixed/build/intermediates/incremental/debug-mergeJavaRes/zip-cache/FTDqr5b26+EfSNFlGrpdRA==
/sdcard/BAI-Test-1-complete-fixed/build/intermediates/incremental/debug-mergeJavaRes/zip-cache/G8_OtMzzvEQf8Oi+K0D+CQ==
/sdcard/BAI-Test-1-complete-fixed/build/intermediates/incremental/debug-mergeJavaRes/zip-cache/gagiCmoREHGZoSv0kLtgdA==
/sdcard/BAI-Test-1-complete-fixed/build/intermediates/incremental/debug-mergeJavaRes/zip-cache/GBgT28ETRIZZG8jBVq7Yjw==
/sdcard/BAI-Test-1-complete-fixed/build/intermediates/incremental/debug-mergeJavaRes/zip-cache/Gc6fdzloFBIuNYWhof50QQ==
/sdcard/BAI-Test-1-complete-fixed/build/intermediates/incremental/debug-mergeJavaRes/zip-cache/GyZQi+SH1+lo7WokuBKQ9g==
/sdcard/BAI-Test-1-complete-fixed/build/intermediates/incremental/debug-mergeJavaRes/zip-cache/h4EaarD5x3IJaX14+0xzOA==
/sdcard/BAI-Test-1-complete-fixed/build/intermediates/incremental/debug-mergeJavaRes/zip-cache/Ho7o5aHYLJKWuxaC_waMeQ==
/sdcard/BAI-Test-1-complete-fixed/build/intermediates/incremental/debug-mergeJavaRes/zip-cache/HzExUHHWj7EAt8yemzDFLg==
/sdcard/BAI-Test-1-complete-fixed/build/intermediates/incremental/debug-mergeJavaRes/zip-cache/I7bf0sY2B6Gxn3o3X2a8PA==
/sdcard/BAI-Test-1-complete-fixed/build/intermediates/incremental/debug-mergeJavaRes/zip-cache/I7xiaROkruTEE+3xuQeotg==
/sdcard/BAI-Test-1-complete-fixed/build/intermediates/incremental/debug-mergeJavaRes/zip-cache/IEu_U2t5ytlq477isKhHkQ==
/sdcard/BAI-Test-1-complete-fixed/build/intermediates/incremental/debug-mergeJavaRes/zip-cache/IOfQu6bgRrcfF754YFlChw==
/sdcard/BAI-Test-1-complete-fixed/build/intermediates/incremental/debug-mergeJavaRes/zip-cache/IQ1HHfYc4VrsxlqK69RO3Q==
/sdcard/BAI-Test-1-complete-fixed/build/intermediates/incremental/debug-mergeJavaRes/zip-cache/iR7CNvJQraZHdtW9czjopQ==
/sdcard/BAI-Test-1-complete-fixed/build/intermediates/incremental/debug-mergeJavaRes/zip-cache/jT5KgJj3fltUULRcWwKadw==
/sdcard/BAI-Test-1-complete-fixed/build/intermediates/incremental/debug-mergeJavaRes/zip-cache/kf3SkZ1b6Y1xIox4fhQORg==
/sdcard/BAI-Test-1-complete-fixed/build/intermediates/incremental/debug-mergeJavaRes/zip-cache/Kt5Z_qyfPnVSNTucelHf_w==
/sdcard/BAI-Test-1-complete-fixed/build/intermediates/incremental/debug-mergeJavaRes/zip-cache/L3n3UwetrWFHCa9p5Z4AXQ==
/sdcard/BAI-Test-1-complete-fixed/build/intermediates/incremental/debug-mergeJavaRes/zip-cache/l5biNKLPokopC5LgHcRGQg==
/sdcard/BAI-Test-1-complete-fixed/build/intermediates/incremental/debug-mergeJavaRes/zip-cache/LizQ8uOkJAznZZvlt3K2hw==
/sdcard/BAI-Test-1-complete-fixed/build/intermediates/incremental/debug-mergeJavaRes/zip-cache/LmSq5yQXGzMNZ7mrA1kFOg==
/sdcard/BAI-Test-1-complete-fixed/build/intermediates/incremental/debug-mergeJavaRes/zip-cache/lTqfx5IdGptFbEwAr1kSOQ==
/sdcard/BAI-Test-1-complete-fixed/build/intermediates/incremental/debug-mergeJavaRes/zip-cache/LwNlpot4iLp0+85wS8o0Qw==
/sdcard/BAI-Test-1-complete-fixed/build/intermediates/incremental/debug-mergeJavaRes/zip-cache/L_EJKdGFFo3nQN5daVnc7g==
/sdcard/BAI-Test-1-complete-fixed/build/intermediates/incremental/debug-mergeJavaRes/zip-cache/mapV6rju7YViEjnpRDoJIA==
/sdcard/BAI-Test-1-complete-fixed/build/intermediates/incremental/debug-mergeJavaRes/zip-cache/mQE+Ha78PH8G6wh2e7CruQ==
/sdcard/BAI-Test-1-complete-fixed/build/intermediates/incremental/debug-mergeJavaRes/zip-cache/Mupa6Y8gW3yRSCpokx1tnQ==
/sdcard/BAI-Test-1-complete-fixed/build/intermediates/incremental/debug-mergeJavaRes/zip-cache/Mw2N2H6MDFsTWXSTQ0KCwA==
/sdcard/BAI-Test-1-complete-fixed/build/intermediates/incremental/debug-mergeJavaRes/zip-cache/mzj1nNJX_EUjtv59Kr8EVQ==
/sdcard/BAI-Test-1-complete-fixed/build/intermediates/incremental/debug-mergeJavaRes/zip-cache/N5t4SHAgUTWCqX+4kcLPdA==
/sdcard/BAI-Test-1-complete-fixed/build/intermediates/incremental/debug-mergeJavaRes/zip-cache/NB3yXV8v3YMw_HssIp_rtg==
/sdcard/BAI-Test-1-complete-fixed/build/intermediates/incremental/debug-mergeJavaRes/zip-cache/NInuFpxR2yQBch5BTQhNug==
/sdcard/BAI-Test-1-complete-fixed/build/intermediates/incremental/debug-mergeJavaRes/zip-cache/nrEZuXadsFEem_xcXmOrFw==
/sdcard/BAI-Test-1-complete-fixed/build/intermediates/incremental/debug-mergeJavaRes/zip-cache/NVoCAAzQj_lWhAm7eYo33Q==
/sdcard/BAI-Test-1-complete-fixed/build/intermediates/incremental/debug-mergeJavaRes/zip-cache/O7XVBWRNfx6kokb2AJJ1KQ==
/sdcard/BAI-Test-1-complete-fixed/build/intermediates/incremental/debug-mergeJavaRes/zip-cache/O8EXYw90mSSo226spRISpA==
/sdcard/BAI-Test-1-complete-fixed/build/intermediates/incremental/debug-mergeJavaRes/zip-cache/oODXJBJr9+Wjc3TuwiR9Fw==
/sdcard/BAI-Test-1-complete-fixed/build/intermediates/incremental/debug-mergeJavaRes/zip-cache/Oosqmhrze16ccS6ifuFztw==
/sdcard/BAI-Test-1-complete-fixed/build/intermediates/incremental/debug-mergeJavaRes/zip-cache/pZbeNhHNR+VLpJyd7Hm+UQ==
/sdcard/BAI-Test-1-complete-fixed/build/intermediates/incremental/debug-mergeJavaRes/zip-cache/Q3LfWuO_RNXcvyl8fI3e2w==
/sdcard/BAI-Test-1-complete-fixed/build/intermediates/incremental/debug-mergeJavaRes/zip-cache/QJz606eue01j8X63osjCUw==
/sdcard/BAI-Test-1-complete-fixed/build/intermediates/incremental/debug-mergeJavaRes/zip-cache/Qkg_4PnR877ecUxWY6Ygkw==
/sdcard/BAI-Test-1-complete-fixed/build/intermediates/incremental/debug-mergeJavaRes/zip-cache/qKhgAogKhVgdAaJ6zsfVBQ==
/sdcard/BAI-Test-1-complete-fixed/build/intermediates/incremental/debug-mergeJavaRes/zip-cache/qlcelw6pDFAWup1hLiKZoQ==
/sdcard/BAI-Test-1-complete-fixed/build/intermediates/incremental/debug-mergeJavaRes/zip-cache/QTy_3YmdPdJWLYtNUsX6GQ==
/sdcard/BAI-Test-1-complete-fixed/build/intermediates/incremental/debug-mergeJavaRes/zip-cache/qyT8EFLMR4PwSTE6jWND0w==
/sdcard/BAI-Test-1-complete-fixed/build/intermediates/incremental/debug-mergeJavaRes/zip-cache/RKda+7hy8VN9MNMFTIRAHQ==
/sdcard/BAI-Test-1-complete-fixed/build/intermediates/incremental/debug-mergeJavaRes/zip-cache/rNoGTjgVFEopEaCPRkxVbA==
/sdcard/BAI-Test-1-complete-fixed/build/intermediates/incremental/debug-mergeJavaRes/zip-cache/s8OSgTRey6+1qMYdY75Wqg==
/sdcard/BAI-Test-1-complete-fixed/build/intermediates/incremental/debug-mergeJavaRes/zip-cache/SA66xwZHCc0ptExDnhihKA==
/sdcard/BAI-Test-1-complete-fixed/build/intermediates/incremental/debug-mergeJavaRes/zip-cache/SFFM6WdhtMPybe398qwDlQ==
/sdcard/BAI-Test-1-complete-fixed/build/intermediates/incremental/debug-mergeJavaRes/zip-cache/SKdIK0VvT9rB6aeLO1AxYA==
/sdcard/BAI-Test-1-complete-fixed/build/intermediates/incremental/debug-mergeJavaRes/zip-cache/SyIuTd1spgROCJhHLFkj4Q==
/sdcard/BAI-Test-1-complete-fixed/build/intermediates/incremental/debug-mergeJavaRes/zip-cache/T1OYNRksHFThOVZSPLgZ6g==
/sdcard/BAI-Test-1-complete-fixed/build/intermediates/incremental/debug-mergeJavaRes/zip-cache/t9N_Vfgl+ZlIcfN3PPtGMA==
/sdcard/BAI-Test-1-complete-fixed/build/intermediates/incremental/debug-mergeJavaRes/zip-cache/tDRNQ6EJRBi4sg4mah9cZw==
/sdcard/BAI-Test-1-complete-fixed/build/intermediates/incremental/debug-mergeJavaRes/zip-cache/tThokTVu+lCCHtwQTy_zKg==
/sdcard/BAI-Test-1-complete-fixed/build/intermediates/incremental/debug-mergeJavaRes/zip-cache/unzh5yGepzSz2m9mF1rbGA==
/sdcard/BAI-Test-1-complete-fixed/build/intermediates/incremental/debug-mergeJavaRes/zip-cache/vdNjnulmNhPPhAbYoqP9Aw==
/sdcard/BAI-Test-1-complete-fixed/build/intermediates/incremental/debug-mergeJavaRes/zip-cache/vxVrMaIQcN3VOwn9HLYoxg==
/sdcard/BAI-Test-1-complete-fixed/build/intermediates/incremental/debug-mergeJavaRes/zip-cache/w3TcFtONSdjWrkyJo6KH9g==
/sdcard/BAI-Test-1-complete-fixed/build/intermediates/incremental/debug-mergeJavaRes/zip-cache/w6ieAU98hT40iNjFLtVXzw==
/sdcard/BAI-Test-1-complete-fixed/build/intermediates/incremental/debug-mergeJavaRes/zip-cache/wpK1imGAvY9skVhoyyI22g==
/sdcard/BAI-Test-1-complete-fixed/build/intermediates/incremental/debug-mergeJavaRes/zip-cache/wQOUKnlG9+MHgfXCzSwxuw==
/sdcard/BAI-Test-1-complete-fixed/build/intermediates/incremental/debug-mergeJavaRes/zip-cache/xoq9vcVmzqHWGfzqG0ktFA==
/sdcard/BAI-Test-1-complete-fixed/build/intermediates/incremental/debug-mergeJavaRes/zip-cache/XXFbhie6GYLXb0K8Z92_TQ==
/sdcard/BAI-Test-1-complete-fixed/build/intermediates/incremental/debug-mergeJavaRes/zip-cache/yk7JJ0NUXEp1uk1Zd5zggg==
/sdcard/BAI-Test-1-complete-fixed/build/intermediates/incremental/debug-mergeJavaRes/zip-cache/YkItIUJraz+xR19WKUg9Tg==
/sdcard/BAI-Test-1-complete-fixed/build/intermediates/incremental/debug-mergeJavaRes/zip-cache/ZGbna_03najUTEZhpJP_3g==
/sdcard/BAI-Test-1-complete-fixed/build/intermediates/incremental/debug-mergeJavaRes/zip-cache/ZmbTsvAo4RMjuF8tf5kjhw==
/sdcard/BAI-Test-1-complete-fixed/build/intermediates/incremental/debug-mergeJavaRes/zip-cache/ZpVfjzdbhcaqcdBbnCjKIw==
/sdcard/BAI-Test-1-complete-fixed/build/intermediates/incremental/debug-mergeJavaRes/zip-cache/_UQvzq7h1zzuyFcWIyLrLw==
/sdcard/BAI-Test-1-complete-fixed/build/intermediates/incremental/debugAndroidTest
/sdcard/BAI-Test-1-complete-fixed/build/intermediates/incremental/debugAndroidTest/mergeDebugAndroidTestResources
/sdcard/BAI-Test-1-complete-fixed/build/intermediates/incremental/debugAndroidTest/mergeDebugAndroidTestResources/compile-file-map.properties
/sdcard/BAI-Test-1-complete-fixed/build/intermediates/incremental/debugAndroidTest/mergeDebugAndroidTestResources/merged.dir
/sdcard/BAI-Test-1-complete-fixed/build/intermediates/incremental/debugAndroidTest/mergeDebugAndroidTestResources/merger.xml
/sdcard/BAI-Test-1-complete-fixed/build/intermediates/incremental/debugAndroidTest/mergeDebugAndroidTestResources/stripped.dir
/sdcard/BAI-Test-1-complete-fixed/build/intermediates/incremental/debugAndroidTest/packageDebugAndroidTestResources
/sdcard/BAI-Test-1-complete-fixed/build/intermediates/incremental/debugAndroidTest/packageDebugAndroidTestResources/compile-file-map.properties
/sdcard/BAI-Test-1-complete-fixed/build/intermediates/incremental/debugAndroidTest/packageDebugAndroidTestResources/merged.dir
/sdcard/BAI-Test-1-complete-fixed/build/intermediates/incremental/debugAndroidTest/packageDebugAndroidTestResources/merger.xml
/sdcard/BAI-Test-1-complete-fixed/build/intermediates/incremental/debugAndroidTest/packageDebugAndroidTestResources/stripped.dir
/sdcard/BAI-Test-1-complete-fixed/build/intermediates/incremental/debugAndroidTest-mergeJavaRes
/sdcard/BAI-Test-1-complete-fixed/build/intermediates/incremental/debugAndroidTest-mergeJavaRes/merge-state
/sdcard/BAI-Test-1-complete-fixed/build/intermediates/incremental/debugAndroidTest-mergeJavaRes/zip-cache
/sdcard/BAI-Test-1-complete-fixed/build/intermediates/incremental/mergeDebugAndroidTestAssets
/sdcard/BAI-Test-1-complete-fixed/build/intermediates/incremental/mergeDebugAndroidTestAssets/merger.xml
/sdcard/BAI-Test-1-complete-fixed/build/intermediates/incremental/mergeDebugAndroidTestJniLibFolders
/sdcard/BAI-Test-1-complete-fixed/build/intermediates/incremental/mergeDebugAndroidTestJniLibFolders/merger.xml
/sdcard/BAI-Test-1-complete-fixed/build/intermediates/incremental/mergeDebugAssets
/sdcard/BAI-Test-1-complete-fixed/build/intermediates/incremental/mergeDebugAssets/merger.xml
/sdcard/BAI-Test-1-complete-fixed/build/intermediates/incremental/mergeDebugJniLibFolders
/sdcard/BAI-Test-1-complete-fixed/build/intermediates/incremental/mergeDebugJniLibFolders/merger.xml
/sdcard/BAI-Test-1-complete-fixed/build/intermediates/incremental/mergeReleaseAssets
/sdcard/BAI-Test-1-complete-fixed/build/intermediates/incremental/mergeReleaseAssets/merger.xml
/sdcard/BAI-Test-1-complete-fixed/build/intermediates/incremental/mergeReleaseJniLibFolders
/sdcard/BAI-Test-1-complete-fixed/build/intermediates/incremental/mergeReleaseJniLibFolders/merger.xml
/sdcard/BAI-Test-1-complete-fixed/build/intermediates/incremental/packageDebug
/sdcard/BAI-Test-1-complete-fixed/build/intermediates/incremental/packageDebug/tmp
/sdcard/BAI-Test-1-complete-fixed/build/intermediates/incremental/packageDebug/tmp/debug
/sdcard/BAI-Test-1-complete-fixed/build/intermediates/incremental/packageDebug/tmp/debug/dex-renamer-state.txt
/sdcard/BAI-Test-1-complete-fixed/build/intermediates/incremental/packageDebug/tmp/debug/zip-cache
/sdcard/BAI-Test-1-complete-fixed/build/intermediates/incremental/packageDebug/tmp/debug/zip-cache/androidResources
/sdcard/BAI-Test-1-complete-fixed/build/intermediates/incremental/packageDebug/tmp/debug/zip-cache/javaResources0
/sdcard/BAI-Test-1-complete-fixed/build/intermediates/incremental/packageDebugAndroidTest
/sdcard/BAI-Test-1-complete-fixed/build/intermediates/incremental/packageDebugAndroidTest/tmp
/sdcard/BAI-Test-1-complete-fixed/build/intermediates/incremental/packageDebugAndroidTest/tmp/debugAndroidTest
/sdcard/BAI-Test-1-complete-fixed/build/intermediates/incremental/packageDebugAndroidTest/tmp/debugAndroidTest/dex-renamer-state.txt
/sdcard/BAI-Test-1-complete-fixed/build/intermediates/incremental/packageDebugAndroidTest/tmp/debugAndroidTest/zip-cache
/sdcard/BAI-Test-1-complete-fixed/build/intermediates/incremental/packageDebugAndroidTest/tmp/debugAndroidTest/zip-cache/androidResources
/sdcard/BAI-Test-1-complete-fixed/build/intermediates/incremental/packageDebugAndroidTest/tmp/debugAndroidTest/zip-cache/javaResources0
/sdcard/BAI-Test-1-complete-fixed/build/intermediates/incremental/release
/sdcard/BAI-Test-1-complete-fixed/build/intermediates/incremental/release/mergeReleaseResources
/sdcard/BAI-Test-1-complete-fixed/build/intermediates/incremental/release/mergeReleaseResources/compile-file-map.properties
/sdcard/BAI-Test-1-complete-fixed/build/intermediates/incremental/release/mergeReleaseResources/merged.dir
/sdcard/BAI-Test-1-complete-fixed/build/intermediates/incremental/release/mergeReleaseResources/merged.dir/values
/sdcard/BAI-Test-1-complete-fixed/build/intermediates/incremental/release/mergeReleaseResources/merged.dir/values/values.xml
/sdcard/BAI-Test-1-complete-fixed/build/intermediates/incremental/release/mergeReleaseResources/merged.dir/values-af
/sdcard/BAI-Test-1-complete-fixed/build/intermediates/incremental/release/mergeReleaseResources/merged.dir/values-af/values-af.xml
/sdcard/BAI-Test-1-complete-fixed/build/intermediates/incremental/release/mergeReleaseResources/merged.dir/values-am
/sdcard/BAI-Test-1-complete-fixed/build/intermediates/incremental/release/mergeReleaseResources/merged.dir/values-am/values-am.xml
/sdcard/BAI-Test-1-complete-fixed/build/intermediates/incremental/release/mergeReleaseResources/merged.dir/values-ar
/sdcard/BAI-Test-1-complete-fixed/build/intermediates/incremental/release/mergeReleaseResources/merged.dir/values-ar/values-ar.xml
/sdcard/BAI-Test-1-complete-fixed/build/intermediates/incremental/release/mergeReleaseResources/merged.dir/values-as
/sdcard/BAI-Test-1-complete-fixed/build/intermediates/incremental/release/mergeReleaseResources/merged.dir/values-as/values-as.xml
/sdcard/BAI-Test-1-complete-fixed/build/intermediates/incremental/release/mergeReleaseResources/merged.dir/values-az
/sdcard/BAI-Test-1-complete-fixed/build/intermediates/incremental/release/mergeReleaseResources/merged.dir/values-az/values-az.xml
/sdcard/BAI-Test-1-complete-fixed/build/intermediates/incremental/release/mergeReleaseResources/merged.dir/values-b+es+419
/sdcard/BAI-Test-1-complete-fixed/build/intermediates/incremental/release/mergeReleaseResources/merged.dir/values-b+es+419/values-b+es+419.xml
/sdcard/BAI-Test-1-complete-fixed/build/intermediates/incremental/release/mergeReleaseResources/merged.dir/values-b+sr+Latn
/sdcard/BAI-Test-1-complete-fixed/build/intermediates/incremental/release/mergeReleaseResources/merged.dir/values-b+sr+Latn/values-b+sr+Latn.xml
/sdcard/BAI-Test-1-complete-fixed/build/intermediates/incremental/release/mergeReleaseResources/merged.dir/values-be
/sdcard/BAI-Test-1-complete-fixed/build/intermediates/incremental/release/mergeReleaseResources/merged.dir/values-be/values-be.xml
/sdcard/BAI-Test-1-complete-fixed/build/intermediates/incremental/release/mergeReleaseResources/merged.dir/values-bg
/sdcard/BAI-Test-1-complete-fixed/build/intermediates/incremental/release/mergeReleaseResources/merged.dir/values-bg/values-bg.xml
/sdcard/BAI-Test-1-complete-fixed/build/intermediates/incremental/release/mergeReleaseResources/merged.dir/values-bn
/sdcard/BAI-Test-1-complete-fixed/build/intermediates/incremental/release/mergeReleaseResources/merged.dir/values-bn/values-bn.xml
/sdcard/BAI-Test-1-complete-fixed/build/intermediates/incremental/release/mergeReleaseResources/merged.dir/values-bs
/sdcard/BAI-Test-1-complete-fixed/build/intermediates/incremental/release/mergeReleaseResources/merged.dir/values-bs/values-bs.xml
/sdcard/BAI-Test-1-complete-fixed/build/intermediates/incremental/release/mergeReleaseResources/merged.dir/values-ca
/sdcard/BAI-Test-1-complete-fixed/build/intermediates/incremental/release/mergeReleaseResources/merged.dir/values-ca/values-ca.xml
/sdcard/BAI-Test-1-complete-fixed/build/intermediates/incremental/release/mergeReleaseResources/merged.dir/values-cs
/sdcard/BAI-Test-1-complete-fixed/build/intermediates/incremental/release/mergeReleaseResources/merged.dir/values-cs/values-cs.xml
/sdcard/BAI-Test-1-complete-fixed/build/intermediates/incremental/release/mergeReleaseResources/merged.dir/values-da
/sdcard/BAI-Test-1-complete-fixed/build/intermediates/incremental/release/mergeReleaseResources/merged.dir/values-da/values-da.xml
/sdcard/BAI-Test-1-complete-fixed/build/intermediates/incremental/release/mergeReleaseResources/merged.dir/values-de
/sdcard/BAI-Test-1-complete-fixed/build/intermediates/incremental/release/mergeReleaseResources/merged.dir/values-de/values-de.xml
/sdcard/BAI-Test-1-complete-fixed/build/intermediates/incremental/release/mergeReleaseResources/merged.dir/values-el
/sdcard/BAI-Test-1-complete-fixed/build/intermediates/incremental/release/mergeReleaseResources/merged.dir/values-el/values-el.xml
/sdcard/BAI-Test-1-complete-fixed/build/intermediates/incremental/release/mergeReleaseResources/merged.dir/values-en-rAU
/sdcard/BAI-Test-1-complete-fixed/build/intermediates/incremental/release/mergeReleaseResources/merged.dir/values-en-rAU/values-en-rAU.xml
/sdcard/BAI-Test-1-complete-fixed/build/intermediates/incremental/release/mergeReleaseResources/merged.dir/values-en-rCA
/sdcard/BAI-Test-1-complete-fixed/build/intermediates/incremental/release/mergeReleaseResources/merged.dir/values-en-rCA/values-en-rCA.xml
/sdcard/BAI-Test-1-complete-fixed/build/intermediates/incremental/release/mergeReleaseResources/merged.dir/values-en-rGB
/sdcard/BAI-Test-1-complete-fixed/build/intermediates/incremental/release/mergeReleaseResources/merged.dir/values-en-rGB/values-en-rGB.xml
/sdcard/BAI-Test-1-complete-fixed/build/intermediates/incremental/release/mergeReleaseResources/merged.dir/values-en-rIN
/sdcard/BAI-Test-1-complete-fixed/build/intermediates/incremental/release/mergeReleaseResources/merged.dir/values-en-rIN/values-en-rIN.xml
/sdcard/BAI-Test-1-complete-fixed/build/intermediates/incremental/release/mergeReleaseResources/merged.dir/values-en-rXC
/sdcard/BAI-Test-1-complete-fixed/build/intermediates/incremental/release/mergeReleaseResources/merged.dir/values-en-rXC/values-en-rXC.xml
/sdcard/BAI-Test-1-complete-fixed/build/intermediates/incremental/release/mergeReleaseResources/merged.dir/values-es
/sdcard/BAI-Test-1-complete-fixed/build/intermediates/incremental/release/mergeReleaseResources/merged.dir/values-es/values-es.xml
/sdcard/BAI-Test-1-complete-fixed/build/intermediates/incremental/release/mergeReleaseResources/merged.dir/values-es-rUS
/sdcard/BAI-Test-1-complete-fixed/build/intermediates/incremental/release/mergeReleaseResources/merged.dir/values-es-rUS/values-es-rUS.xml
/sdcard/BAI-Test-1-complete-fixed/build/intermediates/incremental/release/mergeReleaseResources/merged.dir/values-et
/sdcard/BAI-Test-1-complete-fixed/build/intermediates/incremental/release/mergeReleaseResources/merged.dir/values-et/values-et.xml
/sdcard/BAI-Test-1-complete-fixed/build/intermediates/incremental/release/mergeReleaseResources/merged.dir/values-eu
/sdcard/BAI-Test-1-complete-fixed/build/intermediates/incremental/release/mergeReleaseResources/merged.dir/values-eu/values-eu.xml
/sdcard/BAI-Test-1-complete-fixed/build/intermediates/incremental/release/mergeReleaseResources/merged.dir/values-fa
/sdcard/BAI-Test-1-complete-fixed/build/intermediates/incremental/release/mergeReleaseResources/merged.dir/values-fa/values-fa.xml
/sdcard/BAI-Test-1-complete-fixed/build/intermediates/incremental/release/mergeReleaseResources/merged.dir/values-fi
/sdcard/BAI-Test-1-complete-fixed/build/intermediates/incremental/release/mergeReleaseResources/merged.dir/values-fi/values-fi.xml
/sdcard/BAI-Test-1-complete-fixed/build/intermediates/incremental/release/mergeReleaseResources/merged.dir/values-fr
/sdcard/BAI-Test-1-complete-fixed/build/intermediates/incremental/release/mergeReleaseResources/merged.dir/values-fr/values-fr.xml
/sdcard/BAI-Test-1-complete-fixed/build/intermediates/incremental/release/mergeReleaseResources/merged.dir/values-fr-rCA
/sdcard/BAI-Test-1-complete-fixed/build/intermediates/incremental/release/mergeReleaseResources/merged.dir/values-fr-rCA/values-fr-rCA.xml
/sdcard/BAI-Test-1-complete-fixed/build/intermediates/incremental/release/mergeReleaseResources/merged.dir/values-gl
/sdcard/BAI-Test-1-complete-fixed/build/intermediates/incremental/release/mergeReleaseResources/merged.dir/values-gl/values-gl.xml
/sdcard/BAI-Test-1-complete-fixed/build/intermediates/incremental/release/mergeReleaseResources/merged.dir/values-gu
/sdcard/BAI-Test-1-complete-fixed/build/intermediates/incremental/release/mergeReleaseResources/merged.dir/values-gu/values-gu.xml
/sdcard/BAI-Test-1-complete-fixed/build/intermediates/incremental/release/mergeReleaseResources/merged.dir/values-h320dp-port-v13
/sdcard/BAI-Test-1-complete-fixed/build/intermediates/incremental/release/mergeReleaseResources/merged.dir/values-h320dp-port-v13/values-h320dp-port-v13.xml
/sdcard/BAI-Test-1-complete-fixed/build/intermediates/incremental/release/mergeReleaseResources/merged.dir/values-h320dp-v13
/sdcard/BAI-Test-1-complete-fixed/build/intermediates/incremental/release/mergeReleaseResources/merged.dir/values-h320dp-v13/values-h320dp-v13.xml
/sdcard/BAI-Test-1-complete-fixed/build/intermediates/incremental/release/mergeReleaseResources/merged.dir/values-h360dp-land-v13
/sdcard/BAI-Test-1-complete-fixed/build/intermediates/incremental/release/mergeReleaseResources/merged.dir/values-h360dp-land-v13/values-h360dp-land-v13.xml
/sdcard/BAI-Test-1-complete-fixed/build/intermediates/incremental/release/mergeReleaseResources/merged.dir/values-h480dp-land-v13
/sdcard/BAI-Test-1-complete-fixed/build/intermediates/incremental/release/mergeReleaseResources/merged.dir/values-h480dp-land-v13/values-h480dp-land-v13.xml
/sdcard/BAI-Test-1-complete-fixed/build/intermediates/incremental/release/mergeReleaseResources/merged.dir/values-h480dp-v13
/sdcard/BAI-Test-1-complete-fixed/build/intermediates/incremental/release/mergeReleaseResources/merged.dir/values-h480dp-v13/values-h480dp-v13.xml
/sdcard/BAI-Test-1-complete-fixed/build/intermediates/incremental/release/mergeReleaseResources/merged.dir/values-h550dp-port-v13
/sdcard/BAI-Test-1-complete-fixed/build/intermediates/incremental/release/mergeReleaseResources/merged.dir/values-h550dp-port-v13/values-h550dp-port-v13.xml
/sdcard/BAI-Test-1-complete-fixed/build/intermediates/incremental/release/mergeReleaseResources/merged.dir/values-h720dp-v13
/sdcard/BAI-Test-1-complete-fixed/build/intermediates/incremental/release/mergeReleaseResources/merged.dir/values-h720dp-v13/values-h720dp-v13.xml
/sdcard/BAI-Test-1-complete-fixed/build/intermediates/incremental/release/mergeReleaseResources/merged.dir/values-hdpi-v4
/sdcard/BAI-Test-1-complete-fixed/build/intermediates/incremental/release/mergeReleaseResources/merged.dir/values-hdpi-v4/values-hdpi-v4.xml
/sdcard/BAI-Test-1-complete-fixed/build/intermediates/incremental/release/mergeReleaseResources/merged.dir/values-hi
/sdcard/BAI-Test-1-complete-fixed/build/intermediates/incremental/release/mergeReleaseResources/merged.dir/values-hi/values-hi.xml
/sdcard/BAI-Test-1-complete-fixed/build/intermediates/incremental/release/mergeReleaseResources/merged.dir/values-hr
/sdcard/BAI-Test-1-complete-fixed/build/intermediates/incremental/release/mergeReleaseResources/merged.dir/values-hr/values-hr.xml
/sdcard/BAI-Test-1-complete-fixed/build/intermediates/incremental/release/mergeReleaseResources/merged.dir/values-hu
/sdcard/BAI-Test-1-complete-fixed/build/intermediates/incremental/release/mergeReleaseResources/merged.dir/values-hu/values-hu.xml
/sdcard/BAI-Test-1-complete-fixed/build/intermediates/incremental/release/mergeReleaseResources/merged.dir/values-hy
/sdcard/BAI-Test-1-complete-fixed/build/intermediates/incremental/release/mergeReleaseResources/merged.dir/values-hy/values-hy.xml
/sdcard/BAI-Test-1-complete-fixed/build/intermediates/incremental/release/mergeReleaseResources/merged.dir/values-in
/sdcard/BAI-Test-1-complete-fixed/build/intermediates/incremental/release/mergeReleaseResources/merged.dir/values-in/values-in.xml
/sdcard/BAI-Test-1-complete-fixed/build/intermediates/incremental/release/mergeReleaseResources/merged.dir/values-is
/sdcard/BAI-Test-1-complete-fixed/build/intermediates/incremental/release/mergeReleaseResources/merged.dir/values-is/values-is.xml
/sdcard/BAI-Test-1-complete-fixed/build/intermediates/incremental/release/mergeReleaseResources/merged.dir/values-it
/sdcard/BAI-Test-1-complete-fixed/build/intermediates/incremental/release/mergeReleaseResources/merged.dir/values-it/values-it.xml
/sdcard/BAI-Test-1-complete-fixed/build/intermediates/incremental/release/mergeReleaseResources/merged.dir/values-iw
/sdcard/BAI-Test-1-complete-fixed/build/intermediates/incremental/release/mergeReleaseResources/merged.dir/values-iw/values-iw.xml
/sdcard/BAI-Test-1-complete-fixed/build/intermediates/incremental/release/mergeReleaseResources/merged.dir/values-ja
/sdcard/BAI-Test-1-complete-fixed/build/intermediates/incremental/release/mergeReleaseResources/merged.dir/values-ja/values-ja.xml
/sdcard/BAI-Test-1-complete-fixed/build/intermediates/incremental/release/mergeReleaseResources/merged.dir/values-ka
/sdcard/BAI-Test-1-complete-fixed/build/intermediates/incremental/release/mergeReleaseResources/merged.dir/values-ka/values-ka.xml
/sdcard/BAI-Test-1-complete-fixed/build/intermediates/incremental/release/mergeReleaseResources/merged.dir/values-kk
/sdcard/BAI-Test-1-complete-fixed/build/intermediates/incremental/release/mergeReleaseResources/merged.dir/values-kk/values-kk.xml
/sdcard/BAI-Test-1-complete-fixed/build/intermediates/incremental/release/mergeReleaseResources/merged.dir/values-km
/sdcard/BAI-Test-1-complete-fixed/build/intermediates/incremental/release/mergeReleaseResources/merged.dir/values-km/values-km.xml
/sdcard/BAI-Test-1-complete-fixed/build/intermediates/incremental/release/mergeReleaseResources/merged.dir/values-kn
/sdcard/BAI-Test-1-complete-fixed/build/intermediates/incremental/release/mergeReleaseResources/merged.dir/values-kn/values-kn.xml
/sdcard/BAI-Test-1-complete-fixed/build/intermediates/incremental/release/mergeReleaseResources/merged.dir/values-ko
/sdcard/BAI-Test-1-complete-fixed/build/intermediates/incremental/release/mergeReleaseResources/merged.dir/values-ko/values-ko.xml
/sdcard/BAI-Test-1-complete-fixed/build/intermediates/incremental/release/mergeReleaseResources/merged.dir/values-ky
/sdcard/BAI-Test-1-complete-fixed/build/intermediates/incremental/release/mergeReleaseResources/merged.dir/values-ky/values-ky.xml
/sdcard/BAI-Test-1-complete-fixed/build/intermediates/incremental/release/mergeReleaseResources/merged.dir/values-land
/sdcard/BAI-Test-1-complete-fixed/build/intermediates/incremental/release/mergeReleaseResources/merged.dir/values-land/values-land.xml
/sdcard/BAI-Test-1-complete-fixed/build/intermediates/incremental/release/mergeReleaseResources/merged.dir/values-large-v4
/sdcard/BAI-Test-1-complete-fixed/build/intermediates/incremental/release/mergeReleaseResources/merged.dir/values-large-v4/values-large-v4.xml
/sdcard/BAI-Test-1-complete-fixed/build/intermediates/incremental/release/mergeReleaseResources/merged.dir/values-ldltr-v21
/sdcard/BAI-Test-1-complete-fixed/build/intermediates/incremental/release/mergeReleaseResources/merged.dir/values-ldltr-v21/values-ldltr-v21.xml
/sdcard/BAI-Test-1-complete-fixed/build/intermediates/incremental/release/mergeReleaseResources/merged.dir/values-ldrtl-v17
/sdcard/BAI-Test-1-complete-fixed/build/intermediates/incremental/release/mergeReleaseResources/merged.dir/values-ldrtl-v17/values-ldrtl-v17.xml
/sdcard/BAI-Test-1-complete-fixed/build/intermediates/incremental/release/mergeReleaseResources/merged.dir/values-lo
/sdcard/BAI-Test-1-complete-fixed/build/intermediates/incremental/release/mergeReleaseResources/merged.dir/values-lo/values-lo.xml
/sdcard/BAI-Test-1-complete-fixed/build/intermediates/incremental/release/mergeReleaseResources/merged.dir/values-lt
/sdcard/BAI-Test-1-complete-fixed/build/intermediates/incremental/release/mergeReleaseResources/merged.dir/values-lt/values-lt.xml
/sdcard/BAI-Test-1-complete-fixed/build/intermediates/incremental/release/mergeReleaseResources/merged.dir/values-lv
/sdcard/BAI-Test-1-complete-fixed/build/intermediates/incremental/release/mergeReleaseResources/merged.dir/values-lv/values-lv.xml
/sdcard/BAI-Test-1-complete-fixed/build/intermediates/incremental/release/mergeReleaseResources/merged.dir/values-mk
/sdcard/BAI-Test-1-complete-fixed/build/intermediates/incremental/release/mergeReleaseResources/merged.dir/values-mk/values-mk.xml
/sdcard/BAI-Test-1-complete-fixed/build/intermediates/incremental/release/mergeReleaseResources/merged.dir/values-ml
/sdcard/BAI-Test-1-complete-fixed/build/intermediates/incremental/release/mergeReleaseResources/merged.dir/values-ml/values-ml.xml
/sdcard/BAI-Test-1-complete-fixed/build/intermediates/incremental/release/mergeReleaseResources/merged.dir/values-mn
/sdcard/BAI-Test-1-complete-fixed/build/intermediates/incremental/release/mergeReleaseResources/merged.dir/values-mn/values-mn.xml
/sdcard/BAI-Test-1-complete-fixed/build/intermediates/incremental/release/mergeReleaseResources/merged.dir/values-mr
/sdcard/BAI-Test-1-complete-fixed/build/intermediates/incremental/release/mergeReleaseResources/merged.dir/values-mr/values-mr.xml
/sdcard/BAI-Test-1-complete-fixed/build/intermediates/incremental/release/mergeReleaseResources/merged.dir/values-ms
/sdcard/BAI-Test-1-complete-fixed/build/intermediates/incremental/release/mergeReleaseResources/merged.dir/values-ms/values-ms.xml
/sdcard/BAI-Test-1-complete-fixed/build/intermediates/incremental/release/mergeReleaseResources/merged.dir/values-my
/sdcard/BAI-Test-1-complete-fixed/build/intermediates/incremental/release/mergeReleaseResources/merged.dir/values-my/values-my.xml
/sdcard/BAI-Test-1-complete-fixed/build/intermediates/incremental/release/mergeReleaseResources/merged.dir/values-nb
/sdcard/BAI-Test-1-complete-fixed/build/intermediates/incremental/release/mergeReleaseResources/merged.dir/values-nb/values-nb.xml
/sdcard/BAI-Test-1-complete-fixed/build/intermediates/incremental/release/mergeReleaseResources/merged.dir/values-ne
/sdcard/BAI-Test-1-complete-fixed/build/intermediates/incremental/release/mergeReleaseResources/merged.dir/values-ne/values-ne.xml
/sdcard/BAI-Test-1-complete-fixed/build/intermediates/incremental/release/mergeReleaseResources/merged.dir/values-night-v8
/sdcard/BAI-Test-1-complete-fixed/build/intermediates/incremental/release/mergeReleaseResources/merged.dir/values-night-v8/values-night-v8.xml
/sdcard/BAI-Test-1-complete-fixed/build/intermediates/incremental/release/mergeReleaseResources/merged.dir/values-nl
/sdcard/BAI-Test-1-complete-fixed/build/intermediates/incremental/release/mergeReleaseResources/merged.dir/values-nl/values-nl.xml
/sdcard/BAI-Test-1-complete-fixed/build/intermediates/incremental/release/mergeReleaseResources/merged.dir/values-or
/sdcard/BAI-Test-1-complete-fixed/build/intermediates/incremental/release/mergeReleaseResources/merged.dir/values-or/values-or.xml
/sdcard/BAI-Test-1-complete-fixed/build/intermediates/incremental/release/mergeReleaseResources/merged.dir/values-pa
/sdcard/BAI-Test-1-complete-fixed/build/intermediates/incremental/release/mergeReleaseResources/merged.dir/values-pa/values-pa.xml
/sdcard/BAI-Test-1-complete-fixed/build/intermediates/incremental/release/mergeReleaseResources/merged.dir/values-pl
/sdcard/BAI-Test-1-complete-fixed/build/intermediates/incremental/release/mergeReleaseResources/merged.dir/values-pl/values-pl.xml
/sdcard/BAI-Test-1-complete-fixed/build/intermediates/incremental/release/mergeReleaseResources/merged.dir/values-port
/sdcard/BAI-Test-1-complete-fixed/build/intermediates/incremental/release/mergeReleaseResources/merged.dir/values-port/values-port.xml
/sdcard/BAI-Test-1-complete-fixed/build/intermediates/incremental/release/mergeReleaseResources/merged.dir/values-pt
/sdcard/BAI-Test-1-complete-fixed/build/intermediates/incremental/release/mergeReleaseResources/merged.dir/values-pt/values-pt.xml
/sdcard/BAI-Test-1-complete-fixed/build/intermediates/incremental/release/mergeReleaseResources/merged.dir/values-pt-rBR
/sdcard/BAI-Test-1-complete-fixed/build/intermediates/incremental/release/mergeReleaseResources/merged.dir/values-pt-rBR/values-pt-rBR.xml
/sdcard/BAI-Test-1-complete-fixed/build/intermediates/incremental/release/mergeReleaseResources/merged.dir/values-pt-rPT
/sdcard/BAI-Test-1-complete-fixed/build/intermediates/incremental/release/mergeReleaseResources/merged.dir/values-pt-rPT/values-pt-rPT.xml
/sdcard/BAI-Test-1-complete-fixed/build/intermediates/incremental/release/mergeReleaseResources/merged.dir/values-ro
/sdcard/BAI-Test-1-complete-fixed/build/intermediates/incremental/release/mergeReleaseResources/merged.dir/values-ro/values-ro.xml
/sdcard/BAI-Test-1-complete-fixed/build/intermediates/incremental/release/mergeReleaseResources/merged.dir/values-ru
/sdcard/BAI-Test-1-complete-fixed/build/intermediates/incremental/release/mergeReleaseResources/merged.dir/values-ru/values-ru.xml
/sdcard/BAI-Test-1-complete-fixed/build/intermediates/incremental/release/mergeReleaseResources/merged.dir/values-si
/sdcard/BAI-Test-1-complete-fixed/build/intermediates/incremental/release/mergeReleaseResources/merged.dir/values-si/values-si.xml
/sdcard/BAI-Test-1-complete-fixed/build/intermediates/incremental/release/mergeReleaseResources/merged.dir/values-sk
/sdcard/BAI-Test-1-complete-fixed/build/intermediates/incremental/release/mergeReleaseResources/merged.dir/values-sk/values-sk.xml
/sdcard/BAI-Test-1-complete-fixed/build/intermediates/incremental/release/mergeReleaseResources/merged.dir/values-sl
/sdcard/BAI-Test-1-complete-fixed/build/intermediates/incremental/release/mergeReleaseResources/merged.dir/values-sl/values-sl.xml
/sdcard/BAI-Test-1-complete-fixed/build/intermediates/incremental/release/mergeReleaseResources/merged.dir/values-sq
/sdcard/BAI-Test-1-complete-fixed/build/intermediates/incremental/release/mergeReleaseResources/merged.dir/values-sq/values-sq.xml
/sdcard/BAI-Test-1-complete-fixed/build/intermediates/incremental/release/mergeReleaseResources/merged.dir/values-sr
/sdcard/BAI-Test-1-complete-fixed/build/intermediates/incremental/release/mergeReleaseResources/merged.dir/values-sr/values-sr.xml
/sdcard/BAI-Test-1-complete-fixed/build/intermediates/incremental/release/mergeReleaseResources/merged.dir/values-sv
/sdcard/BAI-Test-1-complete-fixed/build/intermediates/incremental/release/mergeReleaseResources/merged.dir/values-sv/values-sv.xml
/sdcard/BAI-Test-1-complete-fixed/build/intermediates/incremental/release/mergeReleaseResources/merged.dir/values-sv-rSE
/sdcard/BAI-Test-1-complete-fixed/build/intermediates/incremental/release/mergeReleaseResources/merged.dir/values-sv-rSE/values-sv-rSE.xml
/sdcard/BAI-Test-1-complete-fixed/build/intermediates/incremental/release/mergeReleaseResources/merged.dir/values-sw
/sdcard/BAI-Test-1-complete-fixed/build/intermediates/incremental/release/mergeReleaseResources/merged.dir/values-sw/values-sw.xml
/sdcard/BAI-Test-1-complete-fixed/build/intermediates/incremental/release/mergeReleaseResources/merged.dir/values-sw360dp-v13
/sdcard/BAI-Test-1-complete-fixed/build/intermediates/incremental/release/mergeReleaseResources/merged.dir/values-sw360dp-v13/values-sw360dp-v13.xml
/sdcard/BAI-Test-1-complete-fixed/build/intermediates/incremental/release/mergeReleaseResources/merged.dir/values-sw600dp-v13
/sdcard/BAI-Test-1-complete-fixed/build/intermediates/incremental/release/mergeReleaseResources/merged.dir/values-sw600dp-v13/values-sw600dp-v13.xml
/sdcard/BAI-Test-1-complete-fixed/build/intermediates/incremental/release/mergeReleaseResources/merged.dir/values-ta
/sdcard/BAI-Test-1-complete-fixed/build/intermediates/incremental/release/mergeReleaseResources/merged.dir/values-ta/values-ta.xml
/sdcard/BAI-Test-1-complete-fixed/build/intermediates/incremental/release/mergeReleaseResources/merged.dir/values-te
/sdcard/BAI-Test-1-complete-fixed/build/intermediates/incremental/release/mergeReleaseResources/merged.dir/values-te/values-te.xml
/sdcard/BAI-Test-1-complete-fixed/build/intermediates/incremental/release/mergeReleaseResources/merged.dir/values-th
/sdcard/BAI-Test-1-complete-fixed/build/intermediates/incremental/release/mergeReleaseResources/merged.dir/values-th/values-th.xml
/sdcard/BAI-Test-1-complete-fixed/build/intermediates/incremental/release/mergeReleaseResources/merged.dir/values-tl
/sdcard/BAI-Test-1-complete-fixed/build/intermediates/incremental/release/mergeReleaseResources/merged.dir/values-tl/values-tl.xml
/sdcard/BAI-Test-1-complete-fixed/build/intermediates/incremental/release/mergeReleaseResources/merged.dir/values-tr
/sdcard/BAI-Test-1-complete-fixed/build/intermediates/incremental/release/mergeReleaseResources/merged.dir/values-tr/values-tr.xml
/sdcard/BAI-Test-1-complete-fixed/build/intermediates/incremental/release/mergeReleaseResources/merged.dir/values-uk
/sdcard/BAI-Test-1-complete-fixed/build/intermediates/incremental/release/mergeReleaseResources/merged.dir/values-uk/values-uk.xml
/sdcard/BAI-Test-1-complete-fixed/build/intermediates/incremental/release/mergeReleaseResources/merged.dir/values-ur
/sdcard/BAI-Test-1-complete-fixed/build/intermediates/incremental/release/mergeReleaseResources/merged.dir/values-ur/values-ur.xml
/sdcard/BAI-Test-1-complete-fixed/build/intermediates/incremental/release/mergeReleaseResources/merged.dir/values-uz
/sdcard/BAI-Test-1-complete-fixed/build/intermediates/incremental/release/mergeReleaseResources/merged.dir/values-uz/values-uz.xml
/sdcard/BAI-Test-1-complete-fixed/build/intermediates/incremental/release/mergeReleaseResources/merged.dir/values-v16
/sdcard/BAI-Test-1-complete-fixed/build/intermediates/incremental/release/mergeReleaseResources/merged.dir/values-v16/values-v16.xml
/sdcard/BAI-Test-1-complete-fixed/build/intermediates/incremental/release/mergeReleaseResources/merged.dir/values-v17
/sdcard/BAI-Test-1-complete-fixed/build/intermediates/incremental/release/mergeReleaseResources/merged.dir/values-v17/values-v17.xml
/sdcard/BAI-Test-1-complete-fixed/build/intermediates/incremental/release/mergeReleaseResources/merged.dir/values-v18
/sdcard/BAI-Test-1-complete-fixed/build/intermediates/incremental/release/mergeReleaseResources/merged.dir/values-v18/values-v18.xml
/sdcard/BAI-Test-1-complete-fixed/build/intermediates/incremental/release/mergeReleaseResources/merged.dir/values-v21
/sdcard/BAI-Test-1-complete-fixed/build/intermediates/incremental/release/mergeReleaseResources/merged.dir/values-v21/values-v21.xml
/sdcard/BAI-Test-1-complete-fixed/build/intermediates/incremental/release/mergeReleaseResources/merged.dir/values-v22
/sdcard/BAI-Test-1-complete-fixed/build/intermediates/incremental/release/mergeReleaseResources/merged.dir/values-v22/values-v22.xml
/sdcard/BAI-Test-1-complete-fixed/build/intermediates/incremental/release/mergeReleaseResources/merged.dir/values-v23
/sdcard/BAI-Test-1-complete-fixed/build/intermediates/incremental/release/mergeReleaseResources/merged.dir/values-v23/values-v23.xml
/sdcard/BAI-Test-1-complete-fixed/build/intermediates/incremental/release/mergeReleaseResources/merged.dir/values-v24
/sdcard/BAI-Test-1-complete-fixed/build/intermediates/incremental/release/mergeReleaseResources/merged.dir/values-v24/values-v24.xml
/sdcard/BAI-Test-1-complete-fixed/build/intermediates/incremental/release/mergeReleaseResources/merged.dir/values-v25
/sdcard/BAI-Test-1-complete-fixed/build/intermediates/incremental/release/mergeReleaseResources/merged.dir/values-v25/values-v25.xml
/sdcard/BAI-Test-1-complete-fixed/build/intermediates/incremental/release/mergeReleaseResources/merged.dir/values-v26
/sdcard/BAI-Test-1-complete-fixed/build/intermediates/incremental/release/mergeReleaseResources/merged.dir/values-v26/values-v26.xml
/sdcard/BAI-Test-1-complete-fixed/build/intermediates/incremental/release/mergeReleaseResources/merged.dir/values-v27
/sdcard/BAI-Test-1-complete-fixed/build/intermediates/incremental/release/mergeReleaseResources/merged.dir/values-v27/values-v27.xml
/sdcard/BAI-Test-1-complete-fixed/build/intermediates/incremental/release/mergeReleaseResources/merged.dir/values-v28
/sdcard/BAI-Test-1-complete-fixed/build/intermediates/incremental/release/mergeReleaseResources/merged.dir/values-v28/values-v28.xml
/sdcard/BAI-Test-1-complete-fixed/build/intermediates/incremental/release/mergeReleaseResources/merged.dir/values-v31
/sdcard/BAI-Test-1-complete-fixed/build/intermediates/incremental/release/mergeReleaseResources/merged.dir/values-v31/values-v31.xml
/sdcard/BAI-Test-1-complete-fixed/build/intermediates/incremental/release/mergeReleaseResources/merged.dir/values-v33
/sdcard/BAI-Test-1-complete-fixed/build/intermediates/incremental/release/mergeReleaseResources/merged.dir/values-v33/values-v33.xml
/sdcard/BAI-Test-1-complete-fixed/build/intermediates/incremental/release/mergeReleaseResources/merged.dir/values-v34
/sdcard/BAI-Test-1-complete-fixed/build/intermediates/incremental/release/mergeReleaseResources/merged.dir/values-v34/values-v34.xml
/sdcard/BAI-Test-1-complete-fixed/build/intermediates/incremental/release/mergeReleaseResources/merged.dir/values-v35
/sdcard/BAI-Test-1-complete-fixed/build/intermediates/incremental/release/mergeReleaseResources/merged.dir/values-v35/values-v35.xml
/sdcard/BAI-Test-1-complete-fixed/build/intermediates/incremental/release/mergeReleaseResources/merged.dir/values-vi
/sdcard/BAI-Test-1-complete-fixed/build/intermediates/incremental/release/mergeReleaseResources/merged.dir/values-vi/values-vi.xml
/sdcard/BAI-Test-1-complete-fixed/build/intermediates/incremental/release/mergeReleaseResources/merged.dir/values-w320dp-land-v13
/sdcard/BAI-Test-1-complete-fixed/build/intermediates/incremental/release/mergeReleaseResources/merged.dir/values-w320dp-land-v13/values-w320dp-land-v13.xml
/sdcard/BAI-Test-1-complete-fixed/build/intermediates/incremental/release/mergeReleaseResources/merged.dir/values-w360dp-port-v13
/sdcard/BAI-Test-1-complete-fixed/build/intermediates/incremental/release/mergeReleaseResources/merged.dir/values-w360dp-port-v13/values-w360dp-port-v13.xml
/sdcard/BAI-Test-1-complete-fixed/build/intermediates/incremental/release/mergeReleaseResources/merged.dir/values-w400dp-port-v13
/sdcard/BAI-Test-1-complete-fixed/build/intermediates/incremental/release/mergeReleaseResources/merged.dir/values-w400dp-port-v13/values-w400dp-port-v13.xml
/sdcard/BAI-Test-1-complete-fixed/build/intermediates/incremental/release/mergeReleaseResources/merged.dir/values-w600dp-land-v13
/sdcard/BAI-Test-1-complete-fixed/build/intermediates/incremental/release/mergeReleaseResources/merged.dir/values-w600dp-land-v13/values-w600dp-land-v13.xml
/sdcard/BAI-Test-1-complete-fixed/build/intermediates/incremental/release/mergeReleaseResources/merged.dir/values-w600dp-v13
/sdcard/BAI-Test-1-complete-fixed/build/intermediates/incremental/release/mergeReleaseResources/merged.dir/values-w600dp-v13/values-w600dp-v13.xml
/sdcard/BAI-Test-1-complete-fixed/build/intermediates/incremental/release/mergeReleaseResources/merged.dir/values-w820dp-v13
/sdcard/BAI-Test-1-complete-fixed/build/intermediates/incremental/release/mergeReleaseResources/merged.dir/values-w820dp-v13/values-w820dp-v13.xml
/sdcard/BAI-Test-1-complete-fixed/build/intermediates/incremental/release/mergeReleaseResources/merged.dir/values-watch-v20
/sdcard/BAI-Test-1-complete-fixed/build/intermediates/incremental/release/mergeReleaseResources/merged.dir/values-watch-v20/values-watch-v20.xml
/sdcard/BAI-Test-1-complete-fixed/build/intermediates/incremental/release/mergeReleaseResources/merged.dir/values-watch-v21
/sdcard/BAI-Test-1-complete-fixed/build/intermediates/incremental/release/mergeReleaseResources/merged.dir/values-watch-v21/values-watch-v21.xml
/sdcard/BAI-Test-1-complete-fixed/build/intermediates/incremental/release/mergeReleaseResources/merged.dir/values-xlarge-v4
/sdcard/BAI-Test-1-complete-fixed/build/intermediates/incremental/release/mergeReleaseResources/merged.dir/values-xlarge-v4/values-xlarge-v4.xml
/sdcard/BAI-Test-1-complete-fixed/build/intermediates/incremental/release/mergeReleaseResources/merged.dir/values-zh-rCN
/sdcard/BAI-Test-1-complete-fixed/build/intermediates/incremental/release/mergeReleaseResources/merged.dir/values-zh-rCN/values-zh-rCN.xml
/sdcard/BAI-Test-1-complete-fixed/build/intermediates/incremental/release/mergeReleaseResources/merged.dir/values-zh-rHK
/sdcard/BAI-Test-1-complete-fixed/build/intermediates/incremental/release/mergeReleaseResources/merged.dir/values-zh-rHK/values-zh-rHK.xml
/sdcard/BAI-Test-1-complete-fixed/build/intermediates/incremental/release/mergeReleaseResources/merged.dir/values-zh-rTW
/sdcard/BAI-Test-1-complete-fixed/build/intermediates/incremental/release/mergeReleaseResources/merged.dir/values-zh-rTW/values-zh-rTW.xml
/sdcard/BAI-Test-1-complete-fixed/build/intermediates/incremental/release/mergeReleaseResources/merged.dir/values-zu
/sdcard/BAI-Test-1-complete-fixed/build/intermediates/incremental/release/mergeReleaseResources/merged.dir/values-zu/values-zu.xml
/sdcard/BAI-Test-1-complete-fixed/build/intermediates/incremental/release/mergeReleaseResources/merger.xml
/sdcard/BAI-Test-1-complete-fixed/build/intermediates/incremental/release/mergeReleaseResources/stripped.dir
/sdcard/BAI-Test-1-complete-fixed/build/intermediates/incremental/release/packageReleaseResources
/sdcard/BAI-Test-1-complete-fixed/build/intermediates/incremental/release/packageReleaseResources/compile-file-map.properties
/sdcard/BAI-Test-1-complete-fixed/build/intermediates/incremental/release/packageReleaseResources/merged.dir
/sdcard/BAI-Test-1-complete-fixed/build/intermediates/incremental/release/packageReleaseResources/merged.dir/values
/sdcard/BAI-Test-1-complete-fixed/build/intermediates/incremental/release/packageReleaseResources/merged.dir/values/values.xml
/sdcard/BAI-Test-1-complete-fixed/build/intermediates/incremental/release/packageReleaseResources/merged.dir/values-ar
/sdcard/BAI-Test-1-complete-fixed/build/intermediates/incremental/release/packageReleaseResources/merged.dir/values-ar/values-ar.xml
/sdcard/BAI-Test-1-complete-fixed/build/intermediates/incremental/release/packageReleaseResources/merged.dir/values-az
/sdcard/BAI-Test-1-complete-fixed/build/intermediates/incremental/release/packageReleaseResources/merged.dir/values-az/values-az.xml
/sdcard/BAI-Test-1-complete-fixed/build/intermediates/incremental/release/packageReleaseResources/merged.dir/values-bg
/sdcard/BAI-Test-1-complete-fixed/build/intermediates/incremental/release/packageReleaseResources/merged.dir/values-bg/values-bg.xml
/sdcard/BAI-Test-1-complete-fixed/build/intermediates/incremental/release/packageReleaseResources/merged.dir/values-de
/sdcard/BAI-Test-1-complete-fixed/build/intermediates/incremental/release/packageReleaseResources/merged.dir/values-de/values-de.xml
/sdcard/BAI-Test-1-complete-fixed/build/intermediates/incremental/release/packageReleaseResources/merged.dir/values-el
/sdcard/BAI-Test-1-complete-fixed/build/intermediates/incremental/release/packageReleaseResources/merged.dir/values-el/values-el.xml
/sdcard/BAI-Test-1-complete-fixed/build/intermediates/incremental/release/packageReleaseResources/merged.dir/values-es
/sdcard/BAI-Test-1-complete-fixed/build/intermediates/incremental/release/packageReleaseResources/merged.dir/values-es/values-es.xml
/sdcard/BAI-Test-1-complete-fixed/build/intermediates/incremental/release/packageReleaseResources/merged.dir/values-fr
/sdcard/BAI-Test-1-complete-fixed/build/intermediates/incremental/release/packageReleaseResources/merged.dir/values-fr/values-fr.xml
/sdcard/BAI-Test-1-complete-fixed/build/intermediates/incremental/release/packageReleaseResources/merged.dir/values-it
/sdcard/BAI-Test-1-complete-fixed/build/intermediates/incremental/release/packageReleaseResources/merged.dir/values-it/values-it.xml
/sdcard/BAI-Test-1-complete-fixed/build/intermediates/incremental/release/packageReleaseResources/merged.dir/values-ja
/sdcard/BAI-Test-1-complete-fixed/build/intermediates/incremental/release/packageReleaseResources/merged.dir/values-ja/values-ja.xml
/sdcard/BAI-Test-1-complete-fixed/build/intermediates/incremental/release/packageReleaseResources/merged.dir/values-ko
/sdcard/BAI-Test-1-complete-fixed/build/intermediates/incremental/release/packageReleaseResources/merged.dir/values-ko/values-ko.xml
/sdcard/BAI-Test-1-complete-fixed/build/intermediates/incremental/release/packageReleaseResources/merged.dir/values-pl
/sdcard/BAI-Test-1-complete-fixed/build/intermediates/incremental/release/packageReleaseResources/merged.dir/values-pl/values-pl.xml
/sdcard/BAI-Test-1-complete-fixed/build/intermediates/incremental/release/packageReleaseResources/merged.dir/values-pt-rBR
/sdcard/BAI-Test-1-complete-fixed/build/intermediates/incremental/release/packageReleaseResources/merged.dir/values-pt-rBR/values-pt-rBR.xml
/sdcard/BAI-Test-1-complete-fixed/build/intermediates/incremental/release/packageReleaseResources/merged.dir/values-ru
/sdcard/BAI-Test-1-complete-fixed/build/intermediates/incremental/release/packageReleaseResources/merged.dir/values-ru/values-ru.xml
/sdcard/BAI-Test-1-complete-fixed/build/intermediates/incremental/release/packageReleaseResources/merged.dir/values-sv-rSE
/sdcard/BAI-Test-1-complete-fixed/build/intermediates/incremental/release/packageReleaseResources/merged.dir/values-sv-rSE/values-sv-rSE.xml
/sdcard/BAI-Test-1-complete-fixed/build/intermediates/incremental/release/packageReleaseResources/merged.dir/values-tr
/sdcard/BAI-Test-1-complete-fixed/build/intermediates/incremental/release/packageReleaseResources/merged.dir/values-tr/values-tr.xml
/sdcard/BAI-Test-1-complete-fixed/build/intermediates/incremental/release/packageReleaseResources/merged.dir/values-uk
/sdcard/BAI-Test-1-complete-fixed/build/intermediates/incremental/release/packageReleaseResources/merged.dir/values-uk/values-uk.xml
/sdcard/BAI-Test-1-complete-fixed/build/intermediates/incremental/release/packageReleaseResources/merged.dir/values-v23
/sdcard/BAI-Test-1-complete-fixed/build/intermediates/incremental/release/packageReleaseResources/merged.dir/values-v23/values-v23.xml
/sdcard/BAI-Test-1-complete-fixed/build/intermediates/incremental/release/packageReleaseResources/merged.dir/values-v27
/sdcard/BAI-Test-1-complete-fixed/build/intermediates/incremental/release/packageReleaseResources/merged.dir/values-v27/values-v27.xml
/sdcard/BAI-Test-1-complete-fixed/build/intermediates/incremental/release/packageReleaseResources/merged.dir/values-vi
/sdcard/BAI-Test-1-complete-fixed/build/intermediates/incremental/release/packageReleaseResources/merged.dir/values-vi/values-vi.xml
/sdcard/BAI-Test-1-complete-fixed/build/intermediates/incremental/release/packageReleaseResources/merged.dir/values-zh-rCN
/sdcard/BAI-Test-1-complete-fixed/build/intermediates/incremental/release/packageReleaseResources/merged.dir/values-zh-rCN/values-zh-rCN.xml
/sdcard/BAI-Test-1-complete-fixed/build/intermediates/incremental/release/packageReleaseResources/merged.dir/values-zh-rTW
/sdcard/BAI-Test-1-complete-fixed/build/intermediates/incremental/release/packageReleaseResources/merged.dir/values-zh-rTW/values-zh-rTW.xml
/sdcard/BAI-Test-1-complete-fixed/build/intermediates/incremental/release/packageReleaseResources/merger.xml
/sdcard/BAI-Test-1-complete-fixed/build/intermediates/incremental/release/packageReleaseResources/stripped.dir
/sdcard/BAI-Test-1-complete-fixed/build/intermediates/javac
/sdcard/BAI-Test-1-complete-fixed/build/intermediates/javac/debug
/sdcard/BAI-Test-1-complete-fixed/build/intermediates/javac/debug/compileDebugJavaWithJavac
/sdcard/BAI-Test-1-complete-fixed/build/intermediates/javac/debug/compileDebugJavaWithJavac/classes
/sdcard/BAI-Test-1-complete-fixed/build/intermediates/javac/debug/compileDebugJavaWithJavac/classes/com
/sdcard/BAI-Test-1-complete-fixed/build/intermediates/javac/debug/compileDebugJavaWithJavac/classes/com/aefyr
/sdcard/BAI-Test-1-complete-fixed/build/intermediates/javac/debug/compileDebugJavaWithJavac/classes/com/aefyr/flexfilter
/sdcard/BAI-Test-1-complete-fixed/build/intermediates/javac/debug/compileDebugJavaWithJavac/classes/com/aefyr/flexfilter/applier
/sdcard/BAI-Test-1-complete-fixed/build/intermediates/javac/debug/compileDebugJavaWithJavac/classes/com/aefyr/flexfilter/applier/ComplexCustomFilter$Builder.class
/sdcard/BAI-Test-1-complete-fixed/build/intermediates/javac/debug/compileDebugJavaWithJavac/classes/com/aefyr/flexfilter/applier/ComplexCustomFilter.class
/sdcard/BAI-Test-1-complete-fixed/build/intermediates/javac/debug/compileDebugJavaWithJavac/classes/com/aefyr/flexfilter/applier/CustomFilter.class
/sdcard/BAI-Test-1-complete-fixed/build/intermediates/javac/debug/compileDebugJavaWithJavac/classes/com/aefyr/flexfilter/applier/LiveFilterApplier.class
/sdcard/BAI-Test-1-complete-fixed/build/intermediates/javac/debug/compileDebugJavaWithJavac/classes/com/aefyr/flexfilter/builtin
/sdcard/BAI-Test-1-complete-fixed/build/intermediates/javac/debug/compileDebugJavaWithJavac/classes/com/aefyr/flexfilter/builtin/DefaultCustomFilterFactory.class
/sdcard/BAI-Test-1-complete-fixed/build/intermediates/javac/debug/compileDebugJavaWithJavac/classes/com/aefyr/flexfilter/builtin/DefaultFilterConfigViewHolderFactory.class
/sdcard/BAI-Test-1-complete-fixed/build/intermediates/javac/debug/compileDebugJavaWithJavac/classes/com/aefyr/flexfilter/builtin/filter
/sdcard/BAI-Test-1-complete-fixed/build/intermediates/javac/debug/compileDebugJavaWithJavac/classes/com/aefyr/flexfilter/builtin/filter/singlechoice
/sdcard/BAI-Test-1-complete-fixed/build/intermediates/javac/debug/compileDebugJavaWithJavac/classes/com/aefyr/flexfilter/builtin/filter/singlechoice/SingleChoiceFilterConfig.class
/sdcard/BAI-Test-1-complete-fixed/build/intermediates/javac/debug/compileDebugJavaWithJavac/classes/com/aefyr/flexfilter/builtin/filter/singlechoice/SingleChoiceFilterConfigOption.class
/sdcard/BAI-Test-1-complete-fixed/build/intermediates/javac/debug/compileDebugJavaWithJavac/classes/com/aefyr/flexfilter/builtin/filter/sort
/sdcard/BAI-Test-1-complete-fixed/build/intermediates/javac/debug/compileDebugJavaWithJavac/classes/com/aefyr/flexfilter/builtin/filter/sort/SortFilterConfig.class
/sdcard/BAI-Test-1-complete-fixed/build/intermediates/javac/debug/compileDebugJavaWithJavac/classes/com/aefyr/flexfilter/builtin/filter/sort/SortFilterConfigOption.class
/sdcard/BAI-Test-1-complete-fixed/build/intermediates/javac/debug/compileDebugJavaWithJavac/classes/com/aefyr/flexfilter/config
/sdcard/BAI-Test-1-complete-fixed/build/intermediates/javac/debug/compileDebugJavaWithJavac/classes/com/aefyr/flexfilter/config/core
/sdcard/BAI-Test-1-complete-fixed/build/intermediates/javac/debug/compileDebugJavaWithJavac/classes/com/aefyr/flexfilter/config/core/ComplexFilterConfig.class
/sdcard/BAI-Test-1-complete-fixed/build/intermediates/javac/debug/compileDebugJavaWithJavac/classes/com/aefyr/flexfilter/config/core/FilterConfig.class
/sdcard/BAI-Test-1-complete-fixed/build/intermediates/javac/debug/compileDebugJavaWithJavac/classes/com/aefyr/flexfilter/ui
/sdcard/BAI-Test-1-complete-fixed/build/intermediates/javac/debug/compileDebugJavaWithJavac/classes/com/aefyr/flexfilter/ui/FilterDialog$OnApplyConfigListener.class
/sdcard/BAI-Test-1-complete-fixed/build/intermediates/javac/debug/compileDebugJavaWithJavac/classes/com/aefyr/flexfilter/ui/FilterDialog.class
/sdcard/BAI-Test-1-complete-fixed/build/intermediates/javac/debug/compileDebugJavaWithJavac/classes/com/aefyr/pseudoapksigner
/sdcard/BAI-Test-1-complete-fixed/build/intermediates/javac/debug/compileDebugJavaWithJavac/classes/com/aefyr/pseudoapksigner/PseudoApkSigner.class
/sdcard/BAI-Test-1-complete-fixed/build/intermediates/javac/debug/compileDebugJavaWithJavac/classes/com/sumon
/sdcard/BAI-Test-1-complete-fixed/build/intermediates/javac/debug/compileDebugJavaWithJavac/classes/com/sumon/bundleapp
/sdcard/BAI-Test-1-complete-fixed/build/intermediates/javac/debug/compileDebugJavaWithJavac/classes/com/sumon/bundleapp/installer
/sdcard/BAI-Test-1-complete-fixed/build/intermediates/javac/debug/compileDebugJavaWithJavac/classes/com/sumon/bundleapp/installer/adapters
/sdcard/BAI-Test-1-complete-fixed/build/intermediates/javac/debug/compileDebugJavaWithJavac/classes/com/sumon/bundleapp/installer/adapters/BackupAppDetailsAdapter$ActionDelegate.class
/sdcard/BAI-Test-1-complete-fixed/build/intermediates/javac/debug/compileDebugJavaWithJavac/classes/com/sumon/bundleapp/installer/adapters/BackupAppDetailsAdapter$BackupViewHolder.class
/sdcard/BAI-Test-1-complete-fixed/build/intermediates/javac/debug/compileDebugJavaWithJavac/classes/com/sumon/bundleapp/installer/adapters/BackupAppDetailsAdapter$BaseViewHolder.class
/sdcard/BAI-Test-1-complete-fixed/build/intermediates/javac/debug/compileDebugJavaWithJavac/classes/com/sumon/bundleapp/installer/adapters/BackupAppDetailsAdapter$HeaderViewHolder.class
/sdcard/BAI-Test-1-complete-fixed/build/intermediates/javac/debug/compileDebugJavaWithJavac/classes/com/sumon/bundleapp/installer/adapters/BackupAppDetailsAdapter.class
/sdcard/BAI-Test-1-complete-fixed/build/intermediates/javac/debug/compileDebugJavaWithJavac/classes/com/sumon/bundleapp/installer/adapters/BackupAppFeatureAdapter$ViewHolder.class
/sdcard/BAI-Test-1-complete-fixed/build/intermediates/javac/debug/compileDebugJavaWithJavac/classes/com/sumon/bundleapp/installer/adapters/BackupAppFeatureAdapter.class
/sdcard/BAI-Test-1-complete-fixed/build/intermediates/javac/debug/compileDebugJavaWithJavac/classes/com/sumon/bundleapp/installer/adapters/BackupComponentsAdapter$ComponentRenderer.class
/sdcard/BAI-Test-1-complete-fixed/build/intermediates/javac/debug/compileDebugJavaWithJavac/classes/com/sumon/bundleapp/installer/adapters/BackupComponentsAdapter$DefaultComponentRenderer.class
/sdcard/BAI-Test-1-complete-fixed/build/intermediates/javac/debug/compileDebugJavaWithJavac/classes/com/sumon/bundleapp/installer/adapters/BackupComponentsAdapter$ViewHolder.class
/sdcard/BAI-Test-1-complete-fixed/build/intermediates/javac/debug/compileDebugJavaWithJavac/classes/com/sumon/bundleapp/installer/adapters/BackupComponentsAdapter.class
/sdcard/BAI-Test-1-complete-fixed/build/intermediates/javac/debug/compileDebugJavaWithJavac/classes/com/sumon/bundleapp/installer/adapters/BackupNameFormatBuilderPartsAdapter$ViewHolder.class
/sdcard/BAI-Test-1-complete-fixed/build/intermediates/javac/debug/compileDebugJavaWithJavac/classes/com/sumon/bundleapp/installer/adapters/BackupNameFormatBuilderPartsAdapter.class
/sdcard/BAI-Test-1-complete-fixed/build/intermediates/javac/debug/compileDebugJavaWithJavac/classes/com/sumon/bundleapp/installer/adapters/BackupPackagesAdapter$1.class
/sdcard/BAI-Test-1-complete-fixed/build/intermediates/javac/debug/compileDebugJavaWithJavac/classes/com/sumon/bundleapp/installer/adapters/BackupPackagesAdapter$OnItemInteractionListener.class
/sdcard/BAI-Test-1-complete-fixed/build/intermediates/javac/debug/compileDebugJavaWithJavac/classes/com/sumon/bundleapp/installer/adapters/BackupPackagesAdapter$ViewHolder.class
/sdcard/BAI-Test-1-complete-fixed/build/intermediates/javac/debug/compileDebugJavaWithJavac/classes/com/sumon/bundleapp/installer/adapters/BackupPackagesAdapter.class
/sdcard/BAI-Test-1-complete-fixed/build/intermediates/javac/debug/compileDebugJavaWithJavac/classes/com/sumon/bundleapp/installer/adapters/BackupSplitPartsAdapter$ViewHolder.class
/sdcard/BAI-Test-1-complete-fixed/build/intermediates/javac/debug/compileDebugJavaWithJavac/classes/com/sumon/bundleapp/installer/adapters/BackupSplitPartsAdapter.class
/sdcard/BAI-Test-1-complete-fixed/build/intermediates/javac/debug/compileDebugJavaWithJavac/classes/com/sumon/bundleapp/installer/adapters/LicensesAdapter$ViewHolder.class
/sdcard/BAI-Test-1-complete-fixed/build/intermediates/javac/debug/compileDebugJavaWithJavac/classes/com/sumon/bundleapp/installer/adapters/LicensesAdapter.class
/sdcard/BAI-Test-1-complete-fixed/build/intermediates/javac/debug/compileDebugJavaWithJavac/classes/com/sumon/bundleapp/installer/adapters/SaiPiSessionsAdapter$1.class
/sdcard/BAI-Test-1-complete-fixed/build/intermediates/javac/debug/compileDebugJavaWithJavac/classes/com/sumon/bundleapp/installer/adapters/SaiPiSessionsAdapter$ActionDelegate.class
/sdcard/BAI-Test-1-complete-fixed/build/intermediates/javac/debug/compileDebugJavaWithJavac/classes/com/sumon/bundleapp/installer/adapters/SaiPiSessionsAdapter$ViewHolder.class
/sdcard/BAI-Test-1-complete-fixed/build/intermediates/javac/debug/compileDebugJavaWithJavac/classes/com/sumon/bundleapp/installer/adapters/SaiPiSessionsAdapter.class
/sdcard/BAI-Test-1-complete-fixed/build/intermediates/javac/debug/compileDebugJavaWithJavac/classes/com/sumon/bundleapp/installer/adapters/selection
/sdcard/BAI-Test-1-complete-fixed/build/intermediates/javac/debug/compileDebugJavaWithJavac/classes/com/sumon/bundleapp/installer/adapters/selection/SelectableAdapter$1.class
/sdcard/BAI-Test-1-complete-fixed/build/intermediates/javac/debug/compileDebugJavaWithJavac/classes/com/sumon/bundleapp/installer/adapters/selection/SelectableAdapter$2.class
/sdcard/BAI-Test-1-complete-fixed/build/intermediates/javac/debug/compileDebugJavaWithJavac/classes/com/sumon/bundleapp/installer/adapters/selection/SelectableAdapter$3.class
/sdcard/BAI-Test-1-complete-fixed/build/intermediates/javac/debug/compileDebugJavaWithJavac/classes/com/sumon/bundleapp/installer/adapters/selection/SelectableAdapter.class
/sdcard/BAI-Test-1-complete-fixed/build/intermediates/javac/debug/compileDebugJavaWithJavac/classes/com/sumon/bundleapp/installer/adapters/selection/Selection$1.class
/sdcard/BAI-Test-1-complete-fixed/build/intermediates/javac/debug/compileDebugJavaWithJavac/classes/com/sumon/bundleapp/installer/adapters/selection/Selection$KeyStorage.class
/sdcard/BAI-Test-1-complete-fixed/build/intermediates/javac/debug/compileDebugJavaWithJavac/classes/com/sumon/bundleapp/installer/adapters/selection/Selection$Observer.class
/sdcard/BAI-Test-1-complete-fixed/build/intermediates/javac/debug/compileDebugJavaWithJavac/classes/com/sumon/bundleapp/installer/adapters/selection/Selection.class
/sdcard/BAI-Test-1-complete-fixed/build/intermediates/javac/debug/compileDebugJavaWithJavac/classes/com/sumon/bundleapp/installer/adapters/selection/SimpleKeyStorage.class
/sdcard/BAI-Test-1-complete-fixed/build/intermediates/javac/debug/compileDebugJavaWithJavac/classes/com/sumon/bundleapp/installer/adapters/SplitApkSourceMetaAdapter$BaseViewHolder.class
/sdcard/BAI-Test-1-complete-fixed/build/intermediates/javac/debug/compileDebugJavaWithJavac/classes/com/sumon/bundleapp/installer/adapters/SplitApkSourceMetaAdapter$HeaderViewHolder.class
/sdcard/BAI-Test-1-complete-fixed/build/intermediates/javac/debug/compileDebugJavaWithJavac/classes/com/sumon/bundleapp/installer/adapters/SplitApkSourceMetaAdapter$NoticeViewHolder.class
/sdcard/BAI-Test-1-complete-fixed/build/intermediates/javac/debug/compileDebugJavaWithJavac/classes/com/sumon/bundleapp/installer/adapters/SplitApkSourceMetaAdapter$SplitCategoryViewHolder.class
/sdcard/BAI-Test-1-complete-fixed/build/intermediates/javac/debug/compileDebugJavaWithJavac/classes/com/sumon/bundleapp/installer/adapters/SplitApkSourceMetaAdapter$SplitPartViewHolder.class
/sdcard/BAI-Test-1-complete-fixed/build/intermediates/javac/debug/compileDebugJavaWithJavac/classes/com/sumon/bundleapp/installer/adapters/SplitApkSourceMetaAdapter.class
/sdcard/BAI-Test-1-complete-fixed/build/intermediates/javac/debug/compileDebugJavaWithJavac/classes/com/sumon/bundleapp/installer/adapters/ThemeAdapter$OnThemeInteractionListener.class
/sdcard/BAI-Test-1-complete-fixed/build/intermediates/javac/debug/compileDebugJavaWithJavac/classes/com/sumon/bundleapp/installer/adapters/ThemeAdapter$ViewHolder.class
/sdcard/BAI-Test-1-complete-fixed/build/intermediates/javac/debug/compileDebugJavaWithJavac/classes/com/sumon/bundleapp/installer/adapters/ThemeAdapter.class
/sdcard/BAI-Test-1-complete-fixed/build/intermediates/javac/debug/compileDebugJavaWithJavac/classes/com/sumon/bundleapp/installer/analytics
/sdcard/BAI-Test-1-complete-fixed/build/intermediates/javac/debug/compileDebugJavaWithJavac/classes/com/sumon/bundleapp/installer/analytics/AnalyticsProvider.class
/sdcard/BAI-Test-1-complete-fixed/build/intermediates/javac/debug/compileDebugJavaWithJavac/classes/com/sumon/bundleapp/installer/analytics/DefaultAnalyticsProvider.class
/sdcard/BAI-Test-1-complete-fixed/build/intermediates/javac/debug/compileDebugJavaWithJavac/classes/com/sumon/bundleapp/installer/backup2
/sdcard/BAI-Test-1-complete-fixed/build/intermediates/javac/debug/compileDebugJavaWithJavac/classes/com/sumon/bundleapp/installer/backup2/Backup.class
/sdcard/BAI-Test-1-complete-fixed/build/intermediates/javac/debug/compileDebugJavaWithJavac/classes/com/sumon/bundleapp/installer/backup2/BackupApp.class
/sdcard/BAI-Test-1-complete-fixed/build/intermediates/javac/debug/compileDebugJavaWithJavac/classes/com/sumon/bundleapp/installer/backup2/BackupAppDetails$State.class
/sdcard/BAI-Test-1-complete-fixed/build/intermediates/javac/debug/compileDebugJavaWithJavac/classes/com/sumon/bundleapp/installer/backup2/BackupAppDetails.class
/sdcard/BAI-Test-1-complete-fixed/build/intermediates/javac/debug/compileDebugJavaWithJavac/classes/com/sumon/bundleapp/installer/backup2/BackupComponent.class
/sdcard/BAI-Test-1-complete-fixed/build/intermediates/javac/debug/compileDebugJavaWithJavac/classes/com/sumon/bundleapp/installer/backup2/BackupIndex$BackupIconProvider.class
/sdcard/BAI-Test-1-complete-fixed/build/intermediates/javac/debug/compileDebugJavaWithJavac/classes/com/sumon/bundleapp/installer/backup2/BackupIndex.class
/sdcard/BAI-Test-1-complete-fixed/build/intermediates/javac/debug/compileDebugJavaWithJavac/classes/com/sumon/bundleapp/installer/backup2/BackupManager$BackupDeletionCallback.class
/sdcard/BAI-Test-1-complete-fixed/build/intermediates/javac/debug/compileDebugJavaWithJavac/classes/com/sumon/bundleapp/installer/backup2/BackupManager$IndexingStatus.class
/sdcard/BAI-Test-1-complete-fixed/build/intermediates/javac/debug/compileDebugJavaWithJavac/classes/com/sumon/bundleapp/installer/backup2/BackupManager.class
/sdcard/BAI-Test-1-complete-fixed/build/intermediates/javac/debug/compileDebugJavaWithJavac/classes/com/sumon/bundleapp/installer/backup2/BackupStatus.class
/sdcard/BAI-Test-1-complete-fixed/build/intermediates/javac/debug/compileDebugJavaWithJavac/classes/com/sumon/bundleapp/installer/backup2/BackupStorage$BackupProgressListener.class
/sdcard/BAI-Test-1-complete-fixed/build/intermediates/javac/debug/compileDebugJavaWithJavac/classes/com/sumon/bundleapp/installer/backup2/BackupStorage$BackupTaskState.class
/sdcard/BAI-Test-1-complete-fixed/build/intermediates/javac/debug/compileDebugJavaWithJavac/classes/com/sumon/bundleapp/installer/backup2/BackupStorage$BackupTaskStatus.class
/sdcard/BAI-Test-1-complete-fixed/build/intermediates/javac/debug/compileDebugJavaWithJavac/classes/com/sumon/bundleapp/installer/backup2/BackupStorage$BatchBackupTaskStatus.class
/sdcard/BAI-Test-1-complete-fixed/build/intermediates/javac/debug/compileDebugJavaWithJavac/classes/com/sumon/bundleapp/installer/backup2/BackupStorage$Observer.class
/sdcard/BAI-Test-1-complete-fixed/build/intermediates/javac/debug/compileDebugJavaWithJavac/classes/com/sumon/bundleapp/installer/backup2/BackupStorage.class
/sdcard/BAI-Test-1-complete-fixed/build/intermediates/javac/debug/compileDebugJavaWithJavac/classes/com/sumon/bundleapp/installer/backup2/BackupStorageProvider.class
/sdcard/BAI-Test-1-complete-fixed/build/intermediates/javac/debug/compileDebugJavaWithJavac/classes/com/sumon/bundleapp/installer/backup2/backuptask
/sdcard/BAI-Test-1-complete-fixed/build/intermediates/javac/debug/compileDebugJavaWithJavac/classes/com/sumon/bundleapp/installer/backup2/backuptask/config
/sdcard/BAI-Test-1-complete-fixed/build/intermediates/javac/debug/compileDebugJavaWithJavac/classes/com/sumon/bundleapp/installer/backup2/backuptask/config/BackupTaskConfig.class
/sdcard/BAI-Test-1-complete-fixed/build/intermediates/javac/debug/compileDebugJavaWithJavac/classes/com/sumon/bundleapp/installer/backup2/backuptask/config/BatchBackupTaskConfig.class
/sdcard/BAI-Test-1-complete-fixed/build/intermediates/javac/debug/compileDebugJavaWithJavac/classes/com/sumon/bundleapp/installer/backup2/backuptask/config/SingleBackupTaskConfig$1.class
/sdcard/BAI-Test-1-complete-fixed/build/intermediates/javac/debug/compileDebugJavaWithJavac/classes/com/sumon/bundleapp/installer/backup2/backuptask/config/SingleBackupTaskConfig$Builder.class
/sdcard/BAI-Test-1-complete-fixed/build/intermediates/javac/debug/compileDebugJavaWithJavac/classes/com/sumon/bundleapp/installer/backup2/backuptask/config/SingleBackupTaskConfig.class
/sdcard/BAI-Test-1-complete-fixed/build/intermediates/javac/debug/compileDebugJavaWithJavac/classes/com/sumon/bundleapp/installer/backup2/backuptask/executor
/sdcard/BAI-Test-1-complete-fixed/build/intermediates/javac/debug/compileDebugJavaWithJavac/classes/com/sumon/bundleapp/installer/backup2/backuptask/executor/BatchBackupTaskExecutor$1.class
/sdcard/BAI-Test-1-complete-fixed/build/intermediates/javac/debug/compileDebugJavaWithJavac/classes/com/sumon/bundleapp/installer/backup2/backuptask/executor/BatchBackupTaskExecutor$Listener.class
/sdcard/BAI-Test-1-complete-fixed/build/intermediates/javac/debug/compileDebugJavaWithJavac/classes/com/sumon/bundleapp/installer/backup2/backuptask/executor/BatchBackupTaskExecutor$SingleBackupTaskExecutorFactory.class
/sdcard/BAI-Test-1-complete-fixed/build/intermediates/javac/debug/compileDebugJavaWithJavac/classes/com/sumon/bundleapp/installer/backup2/backuptask/executor/BatchBackupTaskExecutor.class
/sdcard/BAI-Test-1-complete-fixed/build/intermediates/javac/debug/compileDebugJavaWithJavac/classes/com/sumon/bundleapp/installer/backup2/backuptask/executor/CancellableBackupTaskExecutor.class
/sdcard/BAI-Test-1-complete-fixed/build/intermediates/javac/debug/compileDebugJavaWithJavac/classes/com/sumon/bundleapp/installer/backup2/backuptask/executor/SingleBackupTaskExecutor$DelegatedFile.class
/sdcard/BAI-Test-1-complete-fixed/build/intermediates/javac/debug/compileDebugJavaWithJavac/classes/com/sumon/bundleapp/installer/backup2/backuptask/executor/SingleBackupTaskExecutor$Listener.class
/sdcard/BAI-Test-1-complete-fixed/build/intermediates/javac/debug/compileDebugJavaWithJavac/classes/com/sumon/bundleapp/installer/backup2/backuptask/executor/SingleBackupTaskExecutor$TaskCancelledException.class
/sdcard/BAI-Test-1-complete-fixed/build/intermediates/javac/debug/compileDebugJavaWithJavac/classes/com/sumon/bundleapp/installer/backup2/backuptask/executor/SingleBackupTaskExecutor.class
/sdcard/BAI-Test-1-complete-fixed/build/intermediates/javac/debug/compileDebugJavaWithJavac/classes/com/sumon/bundleapp/installer/backup2/impl
/sdcard/BAI-Test-1-complete-fixed/build/intermediates/javac/debug/compileDebugJavaWithJavac/classes/com/sumon/bundleapp/installer/backup2/impl/BackupService2$1.class
/sdcard/BAI-Test-1-complete-fixed/build/intermediates/javac/debug/compileDebugJavaWithJavac/classes/com/sumon/bundleapp/installer/backup2/impl/BackupService2$BackupTaskInfo.class
/sdcard/BAI-Test-1-complete-fixed/build/intermediates/javac/debug/compileDebugJavaWithJavac/classes/com/sumon/bundleapp/installer/backup2/impl/BackupService2$BatchBackupTaskInfo.class
/sdcard/BAI-Test-1-complete-fixed/build/intermediates/javac/debug/compileDebugJavaWithJavac/classes/com/sumon/bundleapp/installer/backup2/impl/BackupService2.class
/sdcard/BAI-Test-1-complete-fixed/build/intermediates/javac/debug/compileDebugJavaWithJavac/classes/com/sumon/bundleapp/installer/backup2/impl/components
/sdcard/BAI-Test-1-complete-fixed/build/intermediates/javac/debug/compileDebugJavaWithJavac/classes/com/sumon/bundleapp/installer/backup2/impl/components/SimpleBackupComponent.class
/sdcard/BAI-Test-1-complete-fixed/build/intermediates/javac/debug/compileDebugJavaWithJavac/classes/com/sumon/bundleapp/installer/backup2/impl/components/StandardComponentTypes.class
/sdcard/BAI-Test-1-complete-fixed/build/intermediates/javac/debug/compileDebugJavaWithJavac/classes/com/sumon/bundleapp/installer/backup2/impl/db
/sdcard/BAI-Test-1-complete-fixed/build/intermediates/javac/debug/compileDebugJavaWithJavac/classes/com/sumon/bundleapp/installer/backup2/impl/db/BackupComponentEntity.class
/sdcard/BAI-Test-1-complete-fixed/build/intermediates/javac/debug/compileDebugJavaWithJavac/classes/com/sumon/bundleapp/installer/backup2/impl/db/BackupDao.class
/sdcard/BAI-Test-1-complete-fixed/build/intermediates/javac/debug/compileDebugJavaWithJavac/classes/com/sumon/bundleapp/installer/backup2/impl/db/BackupDao_Impl$1.class
/sdcard/BAI-Test-1-complete-fixed/build/intermediates/javac/debug/compileDebugJavaWithJavac/classes/com/sumon/bundleapp/installer/backup2/impl/db/BackupDao_Impl$2.class
/sdcard/BAI-Test-1-complete-fixed/build/intermediates/javac/debug/compileDebugJavaWithJavac/classes/com/sumon/bundleapp/installer/backup2/impl/db/BackupDao_Impl.class
/sdcard/BAI-Test-1-complete-fixed/build/intermediates/javac/debug/compileDebugJavaWithJavac/classes/com/sumon/bundleapp/installer/backup2/impl/db/BackupEntity.class
/sdcard/BAI-Test-1-complete-fixed/build/intermediates/javac/debug/compileDebugJavaWithJavac/classes/com/sumon/bundleapp/installer/backup2/impl/db/BackupWithComponents.class
/sdcard/BAI-Test-1-complete-fixed/build/intermediates/javac/debug/compileDebugJavaWithJavac/classes/com/sumon/bundleapp/installer/backup2/impl/db/DaoBackedBackupIndex.class
/sdcard/BAI-Test-1-complete-fixed/build/intermediates/javac/debug/compileDebugJavaWithJavac/classes/com/sumon/bundleapp/installer/backup2/impl/DefaultBackupManager$1.class
/sdcard/BAI-Test-1-complete-fixed/build/intermediates/javac/debug/compileDebugJavaWithJavac/classes/com/sumon/bundleapp/installer/backup2/impl/DefaultBackupManager$AppsObserver.class
/sdcard/BAI-Test-1-complete-fixed/build/intermediates/javac/debug/compileDebugJavaWithJavac/classes/com/sumon/bundleapp/installer/backup2/impl/DefaultBackupManager$BackupAppDetailsImpl.class
/sdcard/BAI-Test-1-complete-fixed/build/intermediates/javac/debug/compileDebugJavaWithJavac/classes/com/sumon/bundleapp/installer/backup2/impl/DefaultBackupManager$BackupAppImpl.class
/sdcard/BAI-Test-1-complete-fixed/build/intermediates/javac/debug/compileDebugJavaWithJavac/classes/com/sumon/bundleapp/installer/backup2/impl/DefaultBackupManager$LiveAppDetails.class
/sdcard/BAI-Test-1-complete-fixed/build/intermediates/javac/debug/compileDebugJavaWithJavac/classes/com/sumon/bundleapp/installer/backup2/impl/DefaultBackupManager.class
/sdcard/BAI-Test-1-complete-fixed/build/intermediates/javac/debug/compileDebugJavaWithJavac/classes/com/sumon/bundleapp/installer/backup2/impl/local
/sdcard/BAI-Test-1-complete-fixed/build/intermediates/javac/debug/compileDebugJavaWithJavac/classes/com/sumon/bundleapp/installer/backup2/impl/local/LocalBackupStorage.class
/sdcard/BAI-Test-1-complete-fixed/build/intermediates/javac/debug/compileDebugJavaWithJavac/classes/com/sumon/bundleapp/installer/backup2/impl/local/LocalBackupStorageProvider$OnConfigChangeListener.class
/sdcard/BAI-Test-1-complete-fixed/build/intermediates/javac/debug/compileDebugJavaWithJavac/classes/com/sumon/bundleapp/installer/backup2/impl/local/LocalBackupStorageProvider$OnConfigChangeListenerHandlerWrapper.class
/sdcard/BAI-Test-1-complete-fixed/build/intermediates/javac/debug/compileDebugJavaWithJavac/classes/com/sumon/bundleapp/installer/backup2/impl/local/LocalBackupStorageProvider.class
/sdcard/BAI-Test-1-complete-fixed/build/intermediates/javac/debug/compileDebugJavaWithJavac/classes/com/sumon/bundleapp/installer/backup2/impl/local/LocalBackupUtils.class
/sdcard/BAI-Test-1-complete-fixed/build/intermediates/javac/debug/compileDebugJavaWithJavac/classes/com/sumon/bundleapp/installer/backup2/impl/local/prefs
/sdcard/BAI-Test-1-complete-fixed/build/intermediates/javac/debug/compileDebugJavaWithJavac/classes/com/sumon/bundleapp/installer/backup2/impl/local/prefs/LocalBackupStoragePrefConstants.class
/sdcard/BAI-Test-1-complete-fixed/build/intermediates/javac/debug/compileDebugJavaWithJavac/classes/com/sumon/bundleapp/installer/backup2/impl/local/ui
/sdcard/BAI-Test-1-complete-fixed/build/intermediates/javac/debug/compileDebugJavaWithJavac/classes/com/sumon/bundleapp/installer/backup2/impl/local/ui/fragments
/sdcard/BAI-Test-1-complete-fixed/build/intermediates/javac/debug/compileDebugJavaWithJavac/classes/com/sumon/bundleapp/installer/backup2/impl/local/ui/fragments/LocalBackupStorageSettingsFragment.class
/sdcard/BAI-Test-1-complete-fixed/build/intermediates/javac/debug/compileDebugJavaWithJavac/classes/com/sumon/bundleapp/installer/backup2/impl/local/ui/fragments/LocalBackupStorageSetupFragment.class
/sdcard/BAI-Test-1-complete-fixed/build/intermediates/javac/debug/compileDebugJavaWithJavac/classes/com/sumon/bundleapp/installer/backup2/impl/local/ui/viewmodels
/sdcard/BAI-Test-1-complete-fixed/build/intermediates/javac/debug/compileDebugJavaWithJavac/classes/com/sumon/bundleapp/installer/backup2/impl/local/ui/viewmodels/LocalBackupStorageSetupViewModel.class
/sdcard/BAI-Test-1-complete-fixed/build/intermediates/javac/debug/compileDebugJavaWithJavac/classes/com/sumon/bundleapp/installer/backup2/impl/MutableBackup.class
/sdcard/BAI-Test-1-complete-fixed/build/intermediates/javac/debug/compileDebugJavaWithJavac/classes/com/sumon/bundleapp/installer/backup2/impl/storage
/sdcard/BAI-Test-1-complete-fixed/build/intermediates/javac/debug/compileDebugJavaWithJavac/classes/com/sumon/bundleapp/installer/backup2/impl/storage/ApksBackupStorage$1.class
/sdcard/BAI-Test-1-complete-fixed/build/intermediates/javac/debug/compileDebugJavaWithJavac/classes/com/sumon/bundleapp/installer/backup2/impl/storage/ApksBackupStorage$2.class
/sdcard/BAI-Test-1-complete-fixed/build/intermediates/javac/debug/compileDebugJavaWithJavac/classes/com/sumon/bundleapp/installer/backup2/impl/storage/ApksBackupStorage$InternalDelegatedFile.class
/sdcard/BAI-Test-1-complete-fixed/build/intermediates/javac/debug/compileDebugJavaWithJavac/classes/com/sumon/bundleapp/installer/backup2/impl/storage/ApksBackupStorage$InternalSingleBackupTaskExecutorFactory.class
/sdcard/BAI-Test-1-complete-fixed/build/intermediates/javac/debug/compileDebugJavaWithJavac/classes/com/sumon/bundleapp/installer/backup2/impl/storage/ApksBackupStorage.class
/sdcard/BAI-Test-1-complete-fixed/build/intermediates/javac/debug/compileDebugJavaWithJavac/classes/com/sumon/bundleapp/installer/backup2/impl/storage/ApksSingleBackupTaskExecutor.class
/sdcard/BAI-Test-1-complete-fixed/build/intermediates/javac/debug/compileDebugJavaWithJavac/classes/com/sumon/bundleapp/installer/backup2/impl/storage/BaseBackupStorage$ObserverHandlerWrapper.class
/sdcard/BAI-Test-1-complete-fixed/build/intermediates/javac/debug/compileDebugJavaWithJavac/classes/com/sumon/bundleapp/installer/backup2/impl/storage/BaseBackupStorage$ProgressListenerHandlerWrapper.class
/sdcard/BAI-Test-1-complete-fixed/build/intermediates/javac/debug/compileDebugJavaWithJavac/classes/com/sumon/bundleapp/installer/backup2/impl/storage/BaseBackupStorage.class
/sdcard/BAI-Test-1-complete-fixed/build/intermediates/javac/debug/compileDebugJavaWithJavac/classes/com/sumon/bundleapp/installer/BuildConfig.class
/sdcard/BAI-Test-1-complete-fixed/build/intermediates/javac/debug/compileDebugJavaWithJavac/classes/com/sumon/bundleapp/installer/common
/sdcard/BAI-Test-1-complete-fixed/build/intermediates/javac/debug/compileDebugJavaWithJavac/classes/com/sumon/bundleapp/installer/common/AppDatabase.class
/sdcard/BAI-Test-1-complete-fixed/build/intermediates/javac/debug/compileDebugJavaWithJavac/classes/com/sumon/bundleapp/installer/common/AppDatabase_Impl$1.class
/sdcard/BAI-Test-1-complete-fixed/build/intermediates/javac/debug/compileDebugJavaWithJavac/classes/com/sumon/bundleapp/installer/common/AppDatabase_Impl.class
/sdcard/BAI-Test-1-complete-fixed/build/intermediates/javac/debug/compileDebugJavaWithJavac/classes/com/sumon/bundleapp/installer/flavor
/sdcard/BAI-Test-1-complete-fixed/build/intermediates/javac/debug/compileDebugJavaWithJavac/classes/com/sumon/bundleapp/installer/flavor/FlavorInitProvider.class
/sdcard/BAI-Test-1-complete-fixed/build/intermediates/javac/debug/compileDebugJavaWithJavac/classes/com/sumon/bundleapp/installer/installer
/sdcard/BAI-Test-1-complete-fixed/build/intermediates/javac/debug/compileDebugJavaWithJavac/classes/com/sumon/bundleapp/installer/installer/ApkSourceBuilder.class
/sdcard/BAI-Test-1-complete-fixed/build/intermediates/javac/debug/compileDebugJavaWithJavac/classes/com/sumon/bundleapp/installer/installer/PackageInstallerProvider.class
/sdcard/BAI-Test-1-complete-fixed/build/intermediates/javac/debug/compileDebugJavaWithJavac/classes/com/sumon/bundleapp/installer/installer/QueuedInstallation.class
/sdcard/BAI-Test-1-complete-fixed/build/intermediates/javac/debug/compileDebugJavaWithJavac/classes/com/sumon/bundleapp/installer/installer/rooted
/sdcard/BAI-Test-1-complete-fixed/build/intermediates/javac/debug/compileDebugJavaWithJavac/classes/com/sumon/bundleapp/installer/installer/rooted/RootedSAIPackageInstaller.class
/sdcard/BAI-Test-1-complete-fixed/build/intermediates/javac/debug/compileDebugJavaWithJavac/classes/com/sumon/bundleapp/installer/installer/rootless
/sdcard/BAI-Test-1-complete-fixed/build/intermediates/javac/debug/compileDebugJavaWithJavac/classes/com/sumon/bundleapp/installer/installer/rootless/RootlessSAIPackageInstaller$1.class
/sdcard/BAI-Test-1-complete-fixed/build/intermediates/javac/debug/compileDebugJavaWithJavac/classes/com/sumon/bundleapp/installer/installer/rootless/RootlessSAIPackageInstaller.class
/sdcard/BAI-Test-1-complete-fixed/build/intermediates/javac/debug/compileDebugJavaWithJavac/classes/com/sumon/bundleapp/installer/installer/rootless/RootlessSAIPIService.class
/sdcard/BAI-Test-1-complete-fixed/build/intermediates/javac/debug/compileDebugJavaWithJavac/classes/com/sumon/bundleapp/installer/installer/SAIPackageInstaller$InstallationStatus.class
/sdcard/BAI-Test-1-complete-fixed/build/intermediates/javac/debug/compileDebugJavaWithJavac/classes/com/sumon/bundleapp/installer/installer/SAIPackageInstaller$InstallationStatusListener.class
/sdcard/BAI-Test-1-complete-fixed/build/intermediates/javac/debug/compileDebugJavaWithJavac/classes/com/sumon/bundleapp/installer/installer/SAIPackageInstaller.class
/sdcard/BAI-Test-1-complete-fixed/build/intermediates/javac/debug/compileDebugJavaWithJavac/classes/com/sumon/bundleapp/installer/installer/ShellSAIPackageInstaller$1.class
/sdcard/BAI-Test-1-complete-fixed/build/intermediates/javac/debug/compileDebugJavaWithJavac/classes/com/sumon/bundleapp/installer/installer/ShellSAIPackageInstaller.class
/sdcard/BAI-Test-1-complete-fixed/build/intermediates/javac/debug/compileDebugJavaWithJavac/classes/com/sumon/bundleapp/installer/installer/shizuku
/sdcard/BAI-Test-1-complete-fixed/build/intermediates/javac/debug/compileDebugJavaWithJavac/classes/com/sumon/bundleapp/installer/installer/shizuku/ShizukuSAIPackageInstaller.class
/sdcard/BAI-Test-1-complete-fixed/build/intermediates/javac/debug/compileDebugJavaWithJavac/classes/com/sumon/bundleapp/installer/installer2
/sdcard/BAI-Test-1-complete-fixed/build/intermediates/javac/debug/compileDebugJavaWithJavac/classes/com/sumon/bundleapp/installer/installer2/base
/sdcard/BAI-Test-1-complete-fixed/build/intermediates/javac/debug/compileDebugJavaWithJavac/classes/com/sumon/bundleapp/installer/installer2/base/model
/sdcard/BAI-Test-1-complete-fixed/build/intermediates/javac/debug/compileDebugJavaWithJavac/classes/com/sumon/bundleapp/installer/installer2/base/model/AndroidPackageInstallerError.class
/sdcard/BAI-Test-1-complete-fixed/build/intermediates/javac/debug/compileDebugJavaWithJavac/classes/com/sumon/bundleapp/installer/installer2/base/model/SaiPiSessionParams.class
/sdcard/BAI-Test-1-complete-fixed/build/intermediates/javac/debug/compileDebugJavaWithJavac/classes/com/sumon/bundleapp/installer/installer2/base/model/SaiPiSessionState$Builder.class
/sdcard/BAI-Test-1-complete-fixed/build/intermediates/javac/debug/compileDebugJavaWithJavac/classes/com/sumon/bundleapp/installer/installer2/base/model/SaiPiSessionState.class
/sdcard/BAI-Test-1-complete-fixed/build/intermediates/javac/debug/compileDebugJavaWithJavac/classes/com/sumon/bundleapp/installer/installer2/base/model/SaiPiSessionStatus.class
/sdcard/BAI-Test-1-complete-fixed/build/intermediates/javac/debug/compileDebugJavaWithJavac/classes/com/sumon/bundleapp/installer/installer2/base/SaiPackageInstaller.class
/sdcard/BAI-Test-1-complete-fixed/build/intermediates/javac/debug/compileDebugJavaWithJavac/classes/com/sumon/bundleapp/installer/installer2/base/SaiPiSessionObserver.class
/sdcard/BAI-Test-1-complete-fixed/build/intermediates/javac/debug/compileDebugJavaWithJavac/classes/com/sumon/bundleapp/installer/installer2/impl
/sdcard/BAI-Test-1-complete-fixed/build/intermediates/javac/debug/compileDebugJavaWithJavac/classes/com/sumon/bundleapp/installer/installer2/impl/BaseSaiPackageInstaller.class
/sdcard/BAI-Test-1-complete-fixed/build/intermediates/javac/debug/compileDebugJavaWithJavac/classes/com/sumon/bundleapp/installer/installer2/impl/FlexSaiPackageInstaller.class
/sdcard/BAI-Test-1-complete-fixed/build/intermediates/javac/debug/compileDebugJavaWithJavac/classes/com/sumon/bundleapp/installer/installer2/impl/rootless
/sdcard/BAI-Test-1-complete-fixed/build/intermediates/javac/debug/compileDebugJavaWithJavac/classes/com/sumon/bundleapp/installer/installer2/impl/rootless/ConfirmationIntentWrapperActivity2.class
/sdcard/BAI-Test-1-complete-fixed/build/intermediates/javac/debug/compileDebugJavaWithJavac/classes/com/sumon/bundleapp/installer/installer2/impl/rootless/RootlessSaiPackageInstaller.class
/sdcard/BAI-Test-1-complete-fixed/build/intermediates/javac/debug/compileDebugJavaWithJavac/classes/com/sumon/bundleapp/installer/installer2/impl/rootless/RootlessSaiPiBroadcastReceiver$EventObserver.class
/sdcard/BAI-Test-1-complete-fixed/build/intermediates/javac/debug/compileDebugJavaWithJavac/classes/com/sumon/bundleapp/installer/installer2/impl/rootless/RootlessSaiPiBroadcastReceiver.class
/sdcard/BAI-Test-1-complete-fixed/build/intermediates/javac/debug/compileDebugJavaWithJavac/classes/com/sumon/bundleapp/installer/installer2/impl/shell
/sdcard/BAI-Test-1-complete-fixed/build/intermediates/javac/debug/compileDebugJavaWithJavac/classes/com/sumon/bundleapp/installer/installer2/impl/shell/RootedSaiPackageInstaller.class
/sdcard/BAI-Test-1-complete-fixed/build/intermediates/javac/debug/compileDebugJavaWithJavac/classes/com/sumon/bundleapp/installer/installer2/impl/shell/ShellSaiPackageInstaller$1.class
/sdcard/BAI-Test-1-complete-fixed/build/intermediates/javac/debug/compileDebugJavaWithJavac/classes/com/sumon/bundleapp/installer/installer2/impl/shell/ShellSaiPackageInstaller.class
/sdcard/BAI-Test-1-complete-fixed/build/intermediates/javac/debug/compileDebugJavaWithJavac/classes/com/sumon/bundleapp/installer/installer2/impl/shell/ShizukuSaiPackageInstaller.class
/sdcard/BAI-Test-1-complete-fixed/build/intermediates/javac/debug/compileDebugJavaWithJavac/classes/com/sumon/bundleapp/installer/installerx
/sdcard/BAI-Test-1-complete-fixed/build/intermediates/javac/debug/compileDebugJavaWithJavac/classes/com/sumon/bundleapp/installer/installerx/common
/sdcard/BAI-Test-1-complete-fixed/build/intermediates/javac/debug/compileDebugJavaWithJavac/classes/com/sumon/bundleapp/installer/installerx/common/Category.class
/sdcard/BAI-Test-1-complete-fixed/build/intermediates/javac/debug/compileDebugJavaWithJavac/classes/com/sumon/bundleapp/installer/installerx/common/MutableSplitCategory.class
/sdcard/BAI-Test-1-complete-fixed/build/intermediates/javac/debug/compileDebugJavaWithJavac/classes/com/sumon/bundleapp/installer/installerx/common/MutableSplitPart.class
/sdcard/BAI-Test-1-complete-fixed/build/intermediates/javac/debug/compileDebugJavaWithJavac/classes/com/sumon/bundleapp/installer/installerx/common/ParserContext.class
/sdcard/BAI-Test-1-complete-fixed/build/intermediates/javac/debug/compileDebugJavaWithJavac/classes/com/sumon/bundleapp/installer/installerx/common/SealedSplitCategory.class
/sdcard/BAI-Test-1-complete-fixed/build/intermediates/javac/debug/compileDebugJavaWithJavac/classes/com/sumon/bundleapp/installer/installerx/common/SealedSplitPart.class
/sdcard/BAI-Test-1-complete-fixed/build/intermediates/javac/debug/compileDebugJavaWithJavac/classes/com/sumon/bundleapp/installer/installerx/common/SplitApkSourceMeta.class
/sdcard/BAI-Test-1-complete-fixed/build/intermediates/javac/debug/compileDebugJavaWithJavac/classes/com/sumon/bundleapp/installer/installerx/common/SplitCategory.class
/sdcard/BAI-Test-1-complete-fixed/build/intermediates/javac/debug/compileDebugJavaWithJavac/classes/com/sumon/bundleapp/installer/installerx/common/SplitPart.class
/sdcard/BAI-Test-1-complete-fixed/build/intermediates/javac/debug/compileDebugJavaWithJavac/classes/com/sumon/bundleapp/installer/installerx/postprocessing
/sdcard/BAI-Test-1-complete-fixed/build/intermediates/javac/debug/compileDebugJavaWithJavac/classes/com/sumon/bundleapp/installer/installerx/postprocessing/DeviceInfoAwarePostprocessor.class
/sdcard/BAI-Test-1-complete-fixed/build/intermediates/javac/debug/compileDebugJavaWithJavac/classes/com/sumon/bundleapp/installer/installerx/postprocessing/HugeAppWarningPostprocessor.class
/sdcard/BAI-Test-1-complete-fixed/build/intermediates/javac/debug/compileDebugJavaWithJavac/classes/com/sumon/bundleapp/installer/installerx/postprocessing/Postprocessor.class
/sdcard/BAI-Test-1-complete-fixed/build/intermediates/javac/debug/compileDebugJavaWithJavac/classes/com/sumon/bundleapp/installer/installerx/postprocessing/SortPostprocessor.class
/sdcard/BAI-Test-1-complete-fixed/build/intermediates/javac/debug/compileDebugJavaWithJavac/classes/com/sumon/bundleapp/installer/installerx/resolver
/sdcard/BAI-Test-1-complete-fixed/build/intermediates/javac/debug/compileDebugJavaWithJavac/classes/com/sumon/bundleapp/installer/installerx/resolver/appmeta
/sdcard/BAI-Test-1-complete-fixed/build/intermediates/javac/debug/compileDebugJavaWithJavac/classes/com/sumon/bundleapp/installer/installerx/resolver/appmeta/apkm
/sdcard/BAI-Test-1-complete-fixed/build/intermediates/javac/debug/compileDebugJavaWithJavac/classes/com/sumon/bundleapp/installer/installerx/resolver/appmeta/apkm/ApkmAppMetaExtractor.class
/sdcard/BAI-Test-1-complete-fixed/build/intermediates/javac/debug/compileDebugJavaWithJavac/classes/com/sumon/bundleapp/installer/installerx/resolver/appmeta/apks
/sdcard/BAI-Test-1-complete-fixed/build/intermediates/javac/debug/compileDebugJavaWithJavac/classes/com/sumon/bundleapp/installer/installerx/resolver/appmeta/apks/SaiAppMetaExtractor.class
/sdcard/BAI-Test-1-complete-fixed/build/intermediates/javac/debug/compileDebugJavaWithJavac/classes/com/sumon/bundleapp/installer/installerx/resolver/appmeta/AppMeta$Builder.class
/sdcard/BAI-Test-1-complete-fixed/build/intermediates/javac/debug/compileDebugJavaWithJavac/classes/com/sumon/bundleapp/installer/installerx/resolver/appmeta/AppMeta.class
/sdcard/BAI-Test-1-complete-fixed/build/intermediates/javac/debug/compileDebugJavaWithJavac/classes/com/sumon/bundleapp/installer/installerx/resolver/appmeta/AppMetaExtractor.class
/sdcard/BAI-Test-1-complete-fixed/build/intermediates/javac/debug/compileDebugJavaWithJavac/classes/com/sumon/bundleapp/installer/installerx/resolver/appmeta/brute
/sdcard/BAI-Test-1-complete-fixed/build/intermediates/javac/debug/compileDebugJavaWithJavac/classes/com/sumon/bundleapp/installer/installerx/resolver/appmeta/brute/BruteAppMetaExtractor.class
/sdcard/BAI-Test-1-complete-fixed/build/intermediates/javac/debug/compileDebugJavaWithJavac/classes/com/sumon/bundleapp/installer/installerx/resolver/appmeta/DefaultAppMetaExtractor.class
/sdcard/BAI-Test-1-complete-fixed/build/intermediates/javac/debug/compileDebugJavaWithJavac/classes/com/sumon/bundleapp/installer/installerx/resolver/appmeta/installedapp
/sdcard/BAI-Test-1-complete-fixed/build/intermediates/javac/debug/compileDebugJavaWithJavac/classes/com/sumon/bundleapp/installer/installerx/resolver/appmeta/installedapp/InstalledAppAppMetaExtractor.class
/sdcard/BAI-Test-1-complete-fixed/build/intermediates/javac/debug/compileDebugJavaWithJavac/classes/com/sumon/bundleapp/installer/installerx/resolver/appmeta/xapk
/sdcard/BAI-Test-1-complete-fixed/build/intermediates/javac/debug/compileDebugJavaWithJavac/classes/com/sumon/bundleapp/installer/installerx/resolver/appmeta/xapk/XapkAppMetaExtractor.class
/sdcard/BAI-Test-1-complete-fixed/build/intermediates/javac/debug/compileDebugJavaWithJavac/classes/com/sumon/bundleapp/installer/installerx/resolver/meta
/sdcard/BAI-Test-1-complete-fixed/build/intermediates/javac/debug/compileDebugJavaWithJavac/classes/com/sumon/bundleapp/installer/installerx/resolver/meta/ApkSourceFile$Entry.class
/sdcard/BAI-Test-1-complete-fixed/build/intermediates/javac/debug/compileDebugJavaWithJavac/classes/com/sumon/bundleapp/installer/installerx/resolver/meta/ApkSourceFile.class
/sdcard/BAI-Test-1-complete-fixed/build/intermediates/javac/debug/compileDebugJavaWithJavac/classes/com/sumon/bundleapp/installer/installerx/resolver/meta/ApkSourceMetaResolutionError.class
/sdcard/BAI-Test-1-complete-fixed/build/intermediates/javac/debug/compileDebugJavaWithJavac/classes/com/sumon/bundleapp/installer/installerx/resolver/meta/ApkSourceMetaResolutionResult.class
/sdcard/BAI-Test-1-complete-fixed/build/intermediates/javac/debug/compileDebugJavaWithJavac/classes/com/sumon/bundleapp/installer/installerx/resolver/meta/impl
/sdcard/BAI-Test-1-complete-fixed/build/intermediates/javac/debug/compileDebugJavaWithJavac/classes/com/sumon/bundleapp/installer/installerx/resolver/meta/impl/DefaultSplitApkSourceMetaResolver.class
/sdcard/BAI-Test-1-complete-fixed/build/intermediates/javac/debug/compileDebugJavaWithJavac/classes/com/sumon/bundleapp/installer/installerx/resolver/meta/impl/InstalledAppApkSourceFile.class
/sdcard/BAI-Test-1-complete-fixed/build/intermediates/javac/debug/compileDebugJavaWithJavac/classes/com/sumon/bundleapp/installer/installerx/resolver/meta/impl/ZipFileApkSourceFile$InternalEntry.class
/sdcard/BAI-Test-1-complete-fixed/build/intermediates/javac/debug/compileDebugJavaWithJavac/classes/com/sumon/bundleapp/installer/installerx/resolver/meta/impl/ZipFileApkSourceFile.class
/sdcard/BAI-Test-1-complete-fixed/build/intermediates/javac/debug/compileDebugJavaWithJavac/classes/com/sumon/bundleapp/installer/installerx/resolver/meta/Notice.class
/sdcard/BAI-Test-1-complete-fixed/build/intermediates/javac/debug/compileDebugJavaWithJavac/classes/com/sumon/bundleapp/installer/installerx/resolver/meta/SplitApkSourceMetaResolver.class
/sdcard/BAI-Test-1-complete-fixed/build/intermediates/javac/debug/compileDebugJavaWithJavac/classes/com/sumon/bundleapp/installer/installerx/resolver/urimess
/sdcard/BAI-Test-1-complete-fixed/build/intermediates/javac/debug/compileDebugJavaWithJavac/classes/com/sumon/bundleapp/installer/installerx/resolver/urimess/impl
/sdcard/BAI-Test-1-complete-fixed/build/intermediates/javac/debug/compileDebugJavaWithJavac/classes/com/sumon/bundleapp/installer/installerx/resolver/urimess/impl/AndroidUriHost$CopyFileUriAsFile.class
/sdcard/BAI-Test-1-complete-fixed/build/intermediates/javac/debug/compileDebugJavaWithJavac/classes/com/sumon/bundleapp/installer/installerx/resolver/urimess/impl/AndroidUriHost$ProcSelfFdUriAsFile.class
/sdcard/BAI-Test-1-complete-fixed/build/intermediates/javac/debug/compileDebugJavaWithJavac/classes/com/sumon/bundleapp/installer/installerx/resolver/urimess/impl/AndroidUriHost.class
/sdcard/BAI-Test-1-complete-fixed/build/intermediates/javac/debug/compileDebugJavaWithJavac/classes/com/sumon/bundleapp/installer/installerx/resolver/urimess/impl/DefaultUriMessResolver$MultipleApkFilesApkSourceFile$InternalEntry.class
/sdcard/BAI-Test-1-complete-fixed/build/intermediates/javac/debug/compileDebugJavaWithJavac/classes/com/sumon/bundleapp/installer/installerx/resolver/urimess/impl/DefaultUriMessResolver$MultipleApkFilesApkSourceFile.class
/sdcard/BAI-Test-1-complete-fixed/build/intermediates/javac/debug/compileDebugJavaWithJavac/classes/com/sumon/bundleapp/installer/installerx/resolver/urimess/impl/DefaultUriMessResolver.class
/sdcard/BAI-Test-1-complete-fixed/build/intermediates/javac/debug/compileDebugJavaWithJavac/classes/com/sumon/bundleapp/installer/installerx/resolver/urimess/SourceType.class
/sdcard/BAI-Test-1-complete-fixed/build/intermediates/javac/debug/compileDebugJavaWithJavac/classes/com/sumon/bundleapp/installer/installerx/resolver/urimess/UriHost$UriAsFile.class
/sdcard/BAI-Test-1-complete-fixed/build/intermediates/javac/debug/compileDebugJavaWithJavac/classes/com/sumon/bundleapp/installer/installerx/resolver/urimess/UriHost.class
/sdcard/BAI-Test-1-complete-fixed/build/intermediates/javac/debug/compileDebugJavaWithJavac/classes/com/sumon/bundleapp/installer/installerx/resolver/urimess/UriHostFactory.class
/sdcard/BAI-Test-1-complete-fixed/build/intermediates/javac/debug/compileDebugJavaWithJavac/classes/com/sumon/bundleapp/installer/installerx/resolver/urimess/UriMessResolutionError.class
/sdcard/BAI-Test-1-complete-fixed/build/intermediates/javac/debug/compileDebugJavaWithJavac/classes/com/sumon/bundleapp/installer/installerx/resolver/urimess/UriMessResolutionResult.class
/sdcard/BAI-Test-1-complete-fixed/build/intermediates/javac/debug/compileDebugJavaWithJavac/classes/com/sumon/bundleapp/installer/installerx/resolver/urimess/UriMessResolver.class
/sdcard/BAI-Test-1-complete-fixed/build/intermediates/javac/debug/compileDebugJavaWithJavac/classes/com/sumon/bundleapp/installer/installerx/splitmeta
/sdcard/BAI-Test-1-complete-fixed/build/intermediates/javac/debug/compileDebugJavaWithJavac/classes/com/sumon/bundleapp/installer/installerx/splitmeta/BaseSplitMeta.class
/sdcard/BAI-Test-1-complete-fixed/build/intermediates/javac/debug/compileDebugJavaWithJavac/classes/com/sumon/bundleapp/installer/installerx/splitmeta/config
/sdcard/BAI-Test-1-complete-fixed/build/intermediates/javac/debug/compileDebugJavaWithJavac/classes/com/sumon/bundleapp/installer/installerx/splitmeta/config/AbiConfigSplitMeta.class
/sdcard/BAI-Test-1-complete-fixed/build/intermediates/javac/debug/compileDebugJavaWithJavac/classes/com/sumon/bundleapp/installer/installerx/splitmeta/config/ConfigSplitMeta.class
/sdcard/BAI-Test-1-complete-fixed/build/intermediates/javac/debug/compileDebugJavaWithJavac/classes/com/sumon/bundleapp/installer/installerx/splitmeta/config/LocaleConfigSplitMeta.class
/sdcard/BAI-Test-1-complete-fixed/build/intermediates/javac/debug/compileDebugJavaWithJavac/classes/com/sumon/bundleapp/installer/installerx/splitmeta/config/ScreenDestinyConfigSplitMeta.class
/sdcard/BAI-Test-1-complete-fixed/build/intermediates/javac/debug/compileDebugJavaWithJavac/classes/com/sumon/bundleapp/installer/installerx/splitmeta/config/UnknownConfigSplitMeta.class
/sdcard/BAI-Test-1-complete-fixed/build/intermediates/javac/debug/compileDebugJavaWithJavac/classes/com/sumon/bundleapp/installer/installerx/splitmeta/FeatureSplitMeta.class
/sdcard/BAI-Test-1-complete-fixed/build/intermediates/javac/debug/compileDebugJavaWithJavac/classes/com/sumon/bundleapp/installer/installerx/splitmeta/SplitMeta.class
/sdcard/BAI-Test-1-complete-fixed/build/intermediates/javac/debug/compileDebugJavaWithJavac/classes/com/sumon/bundleapp/installer/installerx/splitmeta/UnknownSplitMeta.class
/sdcard/BAI-Test-1-complete-fixed/build/intermediates/javac/debug/compileDebugJavaWithJavac/classes/com/sumon/bundleapp/installer/installerx/util
/sdcard/BAI-Test-1-complete-fixed/build/intermediates/javac/debug/compileDebugJavaWithJavac/classes/com/sumon/bundleapp/installer/installerx/util/AndroidBinXmlParser$Attribute.class
/sdcard/BAI-Test-1-complete-fixed/build/intermediates/javac/debug/compileDebugJavaWithJavac/classes/com/sumon/bundleapp/installer/installerx/util/AndroidBinXmlParser$Chunk.class
/sdcard/BAI-Test-1-complete-fixed/build/intermediates/javac/debug/compileDebugJavaWithJavac/classes/com/sumon/bundleapp/installer/installerx/util/AndroidBinXmlParser$ResourceMap.class
/sdcard/BAI-Test-1-complete-fixed/build/intermediates/javac/debug/compileDebugJavaWithJavac/classes/com/sumon/bundleapp/installer/installerx/util/AndroidBinXmlParser$StringPool.class
/sdcard/BAI-Test-1-complete-fixed/build/intermediates/javac/debug/compileDebugJavaWithJavac/classes/com/sumon/bundleapp/installer/installerx/util/AndroidBinXmlParser$XmlParserException.class
/sdcard/BAI-Test-1-complete-fixed/build/intermediates/javac/debug/compileDebugJavaWithJavac/classes/com/sumon/bundleapp/installer/installerx/util/AndroidBinXmlParser.class
/sdcard/BAI-Test-1-complete-fixed/build/intermediates/javac/debug/compileDebugJavaWithJavac/classes/com/sumon/bundleapp/installer/legal
/sdcard/BAI-Test-1-complete-fixed/build/intermediates/javac/debug/compileDebugJavaWithJavac/classes/com/sumon/bundleapp/installer/legal/DefaultLegalStuffProvider.class
/sdcard/BAI-Test-1-complete-fixed/build/intermediates/javac/debug/compileDebugJavaWithJavac/classes/com/sumon/bundleapp/installer/legal/LegalStuffProvider.class
/sdcard/BAI-Test-1-complete-fixed/build/intermediates/javac/debug/compileDebugJavaWithJavac/classes/com/sumon/bundleapp/installer/model
/sdcard/BAI-Test-1-complete-fixed/build/intermediates/javac/debug/compileDebugJavaWithJavac/classes/com/sumon/bundleapp/installer/model/apksource
/sdcard/BAI-Test-1-complete-fixed/build/intermediates/javac/debug/compileDebugJavaWithJavac/classes/com/sumon/bundleapp/installer/model/apksource/ApkSource.class
/sdcard/BAI-Test-1-complete-fixed/build/intermediates/javac/debug/compileDebugJavaWithJavac/classes/com/sumon/bundleapp/installer/model/apksource/CopyToFileApkSource.class
/sdcard/BAI-Test-1-complete-fixed/build/intermediates/javac/debug/compileDebugJavaWithJavac/classes/com/sumon/bundleapp/installer/model/apksource/DefaultApkSource.class
/sdcard/BAI-Test-1-complete-fixed/build/intermediates/javac/debug/compileDebugJavaWithJavac/classes/com/sumon/bundleapp/installer/model/apksource/FilterApkSource.class
/sdcard/BAI-Test-1-complete-fixed/build/intermediates/javac/debug/compileDebugJavaWithJavac/classes/com/sumon/bundleapp/installer/model/apksource/SignerApkSource.class
/sdcard/BAI-Test-1-complete-fixed/build/intermediates/javac/debug/compileDebugJavaWithJavac/classes/com/sumon/bundleapp/installer/model/apksource/ZipApkSource$ZipInputStreamWrapper.class
/sdcard/BAI-Test-1-complete-fixed/build/intermediates/javac/debug/compileDebugJavaWithJavac/classes/com/sumon/bundleapp/installer/model/apksource/ZipApkSource.class
/sdcard/BAI-Test-1-complete-fixed/build/intermediates/javac/debug/compileDebugJavaWithJavac/classes/com/sumon/bundleapp/installer/model/apksource/ZipBackedApkSource.class
/sdcard/BAI-Test-1-complete-fixed/build/intermediates/javac/debug/compileDebugJavaWithJavac/classes/com/sumon/bundleapp/installer/model/apksource/ZipExtractorApkSource.class
/sdcard/BAI-Test-1-complete-fixed/build/intermediates/javac/debug/compileDebugJavaWithJavac/classes/com/sumon/bundleapp/installer/model/apksource/ZipFileApkSource.class
/sdcard/BAI-Test-1-complete-fixed/build/intermediates/javac/debug/compileDebugJavaWithJavac/classes/com/sumon/bundleapp/installer/model/backup
/sdcard/BAI-Test-1-complete-fixed/build/intermediates/javac/debug/compileDebugJavaWithJavac/classes/com/sumon/bundleapp/installer/model/backup/BackupNameFormatBuilder$Part.class
/sdcard/BAI-Test-1-complete-fixed/build/intermediates/javac/debug/compileDebugJavaWithJavac/classes/com/sumon/bundleapp/installer/model/backup/BackupNameFormatBuilder.class
/sdcard/BAI-Test-1-complete-fixed/build/intermediates/javac/debug/compileDebugJavaWithJavac/classes/com/sumon/bundleapp/installer/model/backup/BackupPackagesFilterConfig$BackupStatusFilterMode.class
/sdcard/BAI-Test-1-complete-fixed/build/intermediates/javac/debug/compileDebugJavaWithJavac/classes/com/sumon/bundleapp/installer/model/backup/BackupPackagesFilterConfig$SimpleFilterMode.class
/sdcard/BAI-Test-1-complete-fixed/build/intermediates/javac/debug/compileDebugJavaWithJavac/classes/com/sumon/bundleapp/installer/model/backup/BackupPackagesFilterConfig$SortMode.class
/sdcard/BAI-Test-1-complete-fixed/build/intermediates/javac/debug/compileDebugJavaWithJavac/classes/com/sumon/bundleapp/installer/model/backup/BackupPackagesFilterConfig.class
/sdcard/BAI-Test-1-complete-fixed/build/intermediates/javac/debug/compileDebugJavaWithJavac/classes/com/sumon/bundleapp/installer/model/backup/SaiExportedAppMeta.class
/sdcard/BAI-Test-1-complete-fixed/build/intermediates/javac/debug/compileDebugJavaWithJavac/classes/com/sumon/bundleapp/installer/model/backup/SaiExportedAppMeta2$BackupComponent.class
/sdcard/BAI-Test-1-complete-fixed/build/intermediates/javac/debug/compileDebugJavaWithJavac/classes/com/sumon/bundleapp/installer/model/backup/SaiExportedAppMeta2.class
/sdcard/BAI-Test-1-complete-fixed/build/intermediates/javac/debug/compileDebugJavaWithJavac/classes/com/sumon/bundleapp/installer/model/backup/SimpleAppFeature.class
/sdcard/BAI-Test-1-complete-fixed/build/intermediates/javac/debug/compileDebugJavaWithJavac/classes/com/sumon/bundleapp/installer/model/backup/SplitApkPart.class
/sdcard/BAI-Test-1-complete-fixed/build/intermediates/javac/debug/compileDebugJavaWithJavac/classes/com/sumon/bundleapp/installer/model/common
/sdcard/BAI-Test-1-complete-fixed/build/intermediates/javac/debug/compileDebugJavaWithJavac/classes/com/sumon/bundleapp/installer/model/common/AppFeature.class
/sdcard/BAI-Test-1-complete-fixed/build/intermediates/javac/debug/compileDebugJavaWithJavac/classes/com/sumon/bundleapp/installer/model/common/PackageMeta$1.class
/sdcard/BAI-Test-1-complete-fixed/build/intermediates/javac/debug/compileDebugJavaWithJavac/classes/com/sumon/bundleapp/installer/model/common/PackageMeta$Builder.class
/sdcard/BAI-Test-1-complete-fixed/build/intermediates/javac/debug/compileDebugJavaWithJavac/classes/com/sumon/bundleapp/installer/model/common/PackageMeta.class
/sdcard/BAI-Test-1-complete-fixed/build/intermediates/javac/debug/compileDebugJavaWithJavac/classes/com/sumon/bundleapp/installer/model/filedescriptor
/sdcard/BAI-Test-1-complete-fixed/build/intermediates/javac/debug/compileDebugJavaWithJavac/classes/com/sumon/bundleapp/installer/model/filedescriptor/ContentUriFileDescriptor$BadContentProviderException.class
/sdcard/BAI-Test-1-complete-fixed/build/intermediates/javac/debug/compileDebugJavaWithJavac/classes/com/sumon/bundleapp/installer/model/filedescriptor/ContentUriFileDescriptor.class
/sdcard/BAI-Test-1-complete-fixed/build/intermediates/javac/debug/compileDebugJavaWithJavac/classes/com/sumon/bundleapp/installer/model/filedescriptor/FileDescriptor.class
/sdcard/BAI-Test-1-complete-fixed/build/intermediates/javac/debug/compileDebugJavaWithJavac/classes/com/sumon/bundleapp/installer/model/filedescriptor/NormalFileDescriptor.class
/sdcard/BAI-Test-1-complete-fixed/build/intermediates/javac/debug/compileDebugJavaWithJavac/classes/com/sumon/bundleapp/installer/model/licenses
/sdcard/BAI-Test-1-complete-fixed/build/intermediates/javac/debug/compileDebugJavaWithJavac/classes/com/sumon/bundleapp/installer/model/licenses/License.class
/sdcard/BAI-Test-1-complete-fixed/build/intermediates/javac/debug/compileDebugJavaWithJavac/classes/com/sumon/bundleapp/installer/shell
/sdcard/BAI-Test-1-complete-fixed/build/intermediates/javac/debug/compileDebugJavaWithJavac/classes/com/sumon/bundleapp/installer/shell/PersistentShellSession$ProcessFactory.class
/sdcard/BAI-Test-1-complete-fixed/build/intermediates/javac/debug/compileDebugJavaWithJavac/classes/com/sumon/bundleapp/installer/shell/PersistentShellSession$Validator.class
/sdcard/BAI-Test-1-complete-fixed/build/intermediates/javac/debug/compileDebugJavaWithJavac/classes/com/sumon/bundleapp/installer/shell/PersistentShellSession.class
/sdcard/BAI-Test-1-complete-fixed/build/intermediates/javac/debug/compileDebugJavaWithJavac/classes/com/sumon/bundleapp/installer/shell/Shell$Command$Builder.class
/sdcard/BAI-Test-1-complete-fixed/build/intermediates/javac/debug/compileDebugJavaWithJavac/classes/com/sumon/bundleapp/installer/shell/Shell$Command.class
/sdcard/BAI-Test-1-complete-fixed/build/intermediates/javac/debug/compileDebugJavaWithJavac/classes/com/sumon/bundleapp/installer/shell/Shell$Result.class
/sdcard/BAI-Test-1-complete-fixed/build/intermediates/javac/debug/compileDebugJavaWithJavac/classes/com/sumon/bundleapp/installer/shell/Shell.class
/sdcard/BAI-Test-1-complete-fixed/build/intermediates/javac/debug/compileDebugJavaWithJavac/classes/com/sumon/bundleapp/installer/shell/ShizukuShell.class
/sdcard/BAI-Test-1-complete-fixed/build/intermediates/javac/debug/compileDebugJavaWithJavac/classes/com/sumon/bundleapp/installer/shell/SuShell.class
/sdcard/BAI-Test-1-complete-fixed/build/intermediates/javac/debug/compileDebugJavaWithJavac/classes/com/sumon/bundleapp/installer/shizuku
/sdcard/BAI-Test-1-complete-fixed/build/intermediates/javac/debug/compileDebugJavaWithJavac/classes/com/sumon/bundleapp/installer/shizuku/SuiInitProvider.class
/sdcard/BAI-Test-1-complete-fixed/build/intermediates/javac/debug/compileDebugJavaWithJavac/classes/com/sumon/bundleapp/installer/ui
/sdcard/BAI-Test-1-complete-fixed/build/intermediates/javac/debug/compileDebugJavaWithJavac/classes/com/sumon/bundleapp/installer/ui/activities
/sdcard/BAI-Test-1-complete-fixed/build/intermediates/javac/debug/compileDebugJavaWithJavac/classes/com/sumon/bundleapp/installer/ui/activities/AboutActivity.class
/sdcard/BAI-Test-1-complete-fixed/build/intermediates/javac/debug/compileDebugJavaWithJavac/classes/com/sumon/bundleapp/installer/ui/activities/ApkActionViewProxyActivity.class
/sdcard/BAI-Test-1-complete-fixed/build/intermediates/javac/debug/compileDebugJavaWithJavac/classes/com/sumon/bundleapp/installer/ui/activities/BackupManageAppActivity.class
/sdcard/BAI-Test-1-complete-fixed/build/intermediates/javac/debug/compileDebugJavaWithJavac/classes/com/sumon/bundleapp/installer/ui/activities/BackupSettingsActivity.class
/sdcard/BAI-Test-1-complete-fixed/build/intermediates/javac/debug/compileDebugJavaWithJavac/classes/com/sumon/bundleapp/installer/ui/activities/ConfirmationIntentWrapperActivity.class
/sdcard/BAI-Test-1-complete-fixed/build/intermediates/javac/debug/compileDebugJavaWithJavac/classes/com/sumon/bundleapp/installer/ui/activities/EulaActivity.class
/sdcard/BAI-Test-1-complete-fixed/build/intermediates/javac/debug/compileDebugJavaWithJavac/classes/com/sumon/bundleapp/installer/ui/activities/LicensesActivity.class
/sdcard/BAI-Test-1-complete-fixed/build/intermediates/javac/debug/compileDebugJavaWithJavac/classes/com/sumon/bundleapp/installer/ui/activities/MainActivity.class
/sdcard/BAI-Test-1-complete-fixed/build/intermediates/javac/debug/compileDebugJavaWithJavac/classes/com/sumon/bundleapp/installer/ui/activities/MiActivity.class
/sdcard/BAI-Test-1-complete-fixed/build/intermediates/javac/debug/compileDebugJavaWithJavac/classes/com/sumon/bundleapp/installer/ui/activities/PreferencesActivity.class
/sdcard/BAI-Test-1-complete-fixed/build/intermediates/javac/debug/compileDebugJavaWithJavac/classes/com/sumon/bundleapp/installer/ui/activities/ThemedActivity.class
/sdcard/BAI-Test-1-complete-fixed/build/intermediates/javac/debug/compileDebugJavaWithJavac/classes/com/sumon/bundleapp/installer/ui/dialogs
/sdcard/BAI-Test-1-complete-fixed/build/intermediates/javac/debug/compileDebugJavaWithJavac/classes/com/sumon/bundleapp/installer/ui/dialogs/AppInstalledDialogFragment.class
/sdcard/BAI-Test-1-complete-fixed/build/intermediates/javac/debug/compileDebugJavaWithJavac/classes/com/sumon/bundleapp/installer/ui/dialogs/BackupDialogFragment$1.class
/sdcard/BAI-Test-1-complete-fixed/build/intermediates/javac/debug/compileDebugJavaWithJavac/classes/com/sumon/bundleapp/installer/ui/dialogs/BackupDialogFragment.class
/sdcard/BAI-Test-1-complete-fixed/build/intermediates/javac/debug/compileDebugJavaWithJavac/classes/com/sumon/bundleapp/installer/ui/dialogs/base
/sdcard/BAI-Test-1-complete-fixed/build/intermediates/javac/debug/compileDebugJavaWithJavac/classes/com/sumon/bundleapp/installer/ui/dialogs/base/BaseBottomSheetDialogFragment$OnDismissListener.class
/sdcard/BAI-Test-1-complete-fixed/build/intermediates/javac/debug/compileDebugJavaWithJavac/classes/com/sumon/bundleapp/installer/ui/dialogs/base/BaseBottomSheetDialogFragment.class
/sdcard/BAI-Test-1-complete-fixed/build/intermediates/javac/debug/compileDebugJavaWithJavac/classes/com/sumon/bundleapp/installer/ui/dialogs/BatchBackupDialogFragment$OnBatchBackupEnqueuedListener.class
/sdcard/BAI-Test-1-complete-fixed/build/intermediates/javac/debug/compileDebugJavaWithJavac/classes/com/sumon/bundleapp/installer/ui/dialogs/BatchBackupDialogFragment.class
/sdcard/BAI-Test-1-complete-fixed/build/intermediates/javac/debug/compileDebugJavaWithJavac/classes/com/sumon/bundleapp/installer/ui/dialogs/DarkLightThemeSelectionDialogFragment$Mode.class
/sdcard/BAI-Test-1-complete-fixed/build/intermediates/javac/debug/compileDebugJavaWithJavac/classes/com/sumon/bundleapp/installer/ui/dialogs/DarkLightThemeSelectionDialogFragment$OnDarkLightThemesChosenListener.class
/sdcard/BAI-Test-1-complete-fixed/build/intermediates/javac/debug/compileDebugJavaWithJavac/classes/com/sumon/bundleapp/installer/ui/dialogs/DarkLightThemeSelectionDialogFragment.class
/sdcard/BAI-Test-1-complete-fixed/build/intermediates/javac/debug/compileDebugJavaWithJavac/classes/com/sumon/bundleapp/installer/ui/dialogs/DeleteBackupConfirmationDialog.class
/sdcard/BAI-Test-1-complete-fixed/build/intermediates/javac/debug/compileDebugJavaWithJavac/classes/com/sumon/bundleapp/installer/ui/dialogs/ErrorLogDialogFragment.class
/sdcard/BAI-Test-1-complete-fixed/build/intermediates/javac/debug/compileDebugJavaWithJavac/classes/com/sumon/bundleapp/installer/ui/dialogs/ErrorLogDialogFragment2.class
/sdcard/BAI-Test-1-complete-fixed/build/intermediates/javac/debug/compileDebugJavaWithJavac/classes/com/sumon/bundleapp/installer/ui/dialogs/FilePickerDialogFragment$OnFilesSelectedListener.class
/sdcard/BAI-Test-1-complete-fixed/build/intermediates/javac/debug/compileDebugJavaWithJavac/classes/com/sumon/bundleapp/installer/ui/dialogs/FilePickerDialogFragment.class
/sdcard/BAI-Test-1-complete-fixed/build/intermediates/javac/debug/compileDebugJavaWithJavac/classes/com/sumon/bundleapp/installer/ui/dialogs/InstallationConfirmationDialogFragment$ConfirmationListener.class
/sdcard/BAI-Test-1-complete-fixed/build/intermediates/javac/debug/compileDebugJavaWithJavac/classes/com/sumon/bundleapp/installer/ui/dialogs/InstallationConfirmationDialogFragment.class
/sdcard/BAI-Test-1-complete-fixed/build/intermediates/javac/debug/compileDebugJavaWithJavac/classes/com/sumon/bundleapp/installer/ui/dialogs/InstallerXDialogFragment$1.class
/sdcard/BAI-Test-1-complete-fixed/build/intermediates/javac/debug/compileDebugJavaWithJavac/classes/com/sumon/bundleapp/installer/ui/dialogs/InstallerXDialogFragment.class
/sdcard/BAI-Test-1-complete-fixed/build/intermediates/javac/debug/compileDebugJavaWithJavac/classes/com/sumon/bundleapp/installer/ui/dialogs/MiuiWarningDialogFragment.class
/sdcard/BAI-Test-1-complete-fixed/build/intermediates/javac/debug/compileDebugJavaWithJavac/classes/com/sumon/bundleapp/installer/ui/dialogs/NameFormatBuilderDialogFragment$OnFormatBuiltListener.class
/sdcard/BAI-Test-1-complete-fixed/build/intermediates/javac/debug/compileDebugJavaWithJavac/classes/com/sumon/bundleapp/installer/ui/dialogs/NameFormatBuilderDialogFragment.class
/sdcard/BAI-Test-1-complete-fixed/build/intermediates/javac/debug/compileDebugJavaWithJavac/classes/com/sumon/bundleapp/installer/ui/dialogs/OneTimeWarningDialogFragment.class
/sdcard/BAI-Test-1-complete-fixed/build/intermediates/javac/debug/compileDebugJavaWithJavac/classes/com/sumon/bundleapp/installer/ui/dialogs/RestoreBackupDialogFragment.class
/sdcard/BAI-Test-1-complete-fixed/build/intermediates/javac/debug/compileDebugJavaWithJavac/classes/com/sumon/bundleapp/installer/ui/dialogs/SimpleAlertDialogFragment$OnDismissListener.class
/sdcard/BAI-Test-1-complete-fixed/build/intermediates/javac/debug/compileDebugJavaWithJavac/classes/com/sumon/bundleapp/installer/ui/dialogs/SimpleAlertDialogFragment.class
/sdcard/BAI-Test-1-complete-fixed/build/intermediates/javac/debug/compileDebugJavaWithJavac/classes/com/sumon/bundleapp/installer/ui/dialogs/SingleChoiceListDialogFragment$DialogParams$1.class
/sdcard/BAI-Test-1-complete-fixed/build/intermediates/javac/debug/compileDebugJavaWithJavac/classes/com/sumon/bundleapp/installer/ui/dialogs/SingleChoiceListDialogFragment$DialogParams.class
/sdcard/BAI-Test-1-complete-fixed/build/intermediates/javac/debug/compileDebugJavaWithJavac/classes/com/sumon/bundleapp/installer/ui/dialogs/SingleChoiceListDialogFragment$ItemsAdapter$ViewHolder.class
/sdcard/BAI-Test-1-complete-fixed/build/intermediates/javac/debug/compileDebugJavaWithJavac/classes/com/sumon/bundleapp/installer/ui/dialogs/SingleChoiceListDialogFragment$ItemsAdapter.class
/sdcard/BAI-Test-1-complete-fixed/build/intermediates/javac/debug/compileDebugJavaWithJavac/classes/com/sumon/bundleapp/installer/ui/dialogs/SingleChoiceListDialogFragment$OnItemSelectedListener.class
/sdcard/BAI-Test-1-complete-fixed/build/intermediates/javac/debug/compileDebugJavaWithJavac/classes/com/sumon/bundleapp/installer/ui/dialogs/SingleChoiceListDialogFragment.class
/sdcard/BAI-Test-1-complete-fixed/build/intermediates/javac/debug/compileDebugJavaWithJavac/classes/com/sumon/bundleapp/installer/ui/dialogs/ThemeSelectionDialogFragment$Mode.class
/sdcard/BAI-Test-1-complete-fixed/build/intermediates/javac/debug/compileDebugJavaWithJavac/classes/com/sumon/bundleapp/installer/ui/dialogs/ThemeSelectionDialogFragment$OnThemeChosenListener.class
/sdcard/BAI-Test-1-complete-fixed/build/intermediates/javac/debug/compileDebugJavaWithJavac/classes/com/sumon/bundleapp/installer/ui/dialogs/ThemeSelectionDialogFragment.class
/sdcard/BAI-Test-1-complete-fixed/build/intermediates/javac/debug/compileDebugJavaWithJavac/classes/com/sumon/bundleapp/installer/ui/dialogs/UriDirectoryPickerDialogFragment$OnDirectoryPickedListener.class
/sdcard/BAI-Test-1-complete-fixed/build/intermediates/javac/debug/compileDebugJavaWithJavac/classes/com/sumon/bundleapp/installer/ui/dialogs/UriDirectoryPickerDialogFragment.class
/sdcard/BAI-Test-1-complete-fixed/build/intermediates/javac/debug/compileDebugJavaWithJavac/classes/com/sumon/bundleapp/installer/ui/fragments
/sdcard/BAI-Test-1-complete-fixed/build/intermediates/javac/debug/compileDebugJavaWithJavac/classes/com/sumon/bundleapp/installer/ui/fragments/BackupFragment$1.class
/sdcard/BAI-Test-1-complete-fixed/build/intermediates/javac/debug/compileDebugJavaWithJavac/classes/com/sumon/bundleapp/installer/ui/fragments/BackupFragment$2.class
/sdcard/BAI-Test-1-complete-fixed/build/intermediates/javac/debug/compileDebugJavaWithJavac/classes/com/sumon/bundleapp/installer/ui/fragments/BackupFragment$3.class
/sdcard/BAI-Test-1-complete-fixed/build/intermediates/javac/debug/compileDebugJavaWithJavac/classes/com/sumon/bundleapp/installer/ui/fragments/BackupFragment.class
/sdcard/BAI-Test-1-complete-fixed/build/intermediates/javac/debug/compileDebugJavaWithJavac/classes/com/sumon/bundleapp/installer/ui/fragments/BackupManageAppFragment$1.class
/sdcard/BAI-Test-1-complete-fixed/build/intermediates/javac/debug/compileDebugJavaWithJavac/classes/com/sumon/bundleapp/installer/ui/fragments/BackupManageAppFragment$DismissDelegate.class
/sdcard/BAI-Test-1-complete-fixed/build/intermediates/javac/debug/compileDebugJavaWithJavac/classes/com/sumon/bundleapp/installer/ui/fragments/BackupManageAppFragment.class
/sdcard/BAI-Test-1-complete-fixed/build/intermediates/javac/debug/compileDebugJavaWithJavac/classes/com/sumon/bundleapp/installer/ui/fragments/Installer2Fragment.class
/sdcard/BAI-Test-1-complete-fixed/build/intermediates/javac/debug/compileDebugJavaWithJavac/classes/com/sumon/bundleapp/installer/ui/fragments/InstallerFragment.class
/sdcard/BAI-Test-1-complete-fixed/build/intermediates/javac/debug/compileDebugJavaWithJavac/classes/com/sumon/bundleapp/installer/ui/fragments/LegacyInstallerFragment$1.class
/sdcard/BAI-Test-1-complete-fixed/build/intermediates/javac/debug/compileDebugJavaWithJavac/classes/com/sumon/bundleapp/installer/ui/fragments/LegacyInstallerFragment.class
/sdcard/BAI-Test-1-complete-fixed/build/intermediates/javac/debug/compileDebugJavaWithJavac/classes/com/sumon/bundleapp/installer/ui/fragments/miui
/sdcard/BAI-Test-1-complete-fixed/build/intermediates/javac/debug/compileDebugJavaWithJavac/classes/com/sumon/bundleapp/installer/ui/fragments/miui/MiEntryFragment$OnContinueListener.class
/sdcard/BAI-Test-1-complete-fixed/build/intermediates/javac/debug/compileDebugJavaWithJavac/classes/com/sumon/bundleapp/installer/ui/fragments/miui/MiEntryFragment.class
/sdcard/BAI-Test-1-complete-fixed/build/intermediates/javac/debug/compileDebugJavaWithJavac/classes/com/sumon/bundleapp/installer/ui/fragments/PreferencesFragment.class
/sdcard/BAI-Test-1-complete-fixed/build/intermediates/javac/debug/compileDebugJavaWithJavac/classes/com/sumon/bundleapp/installer/ui/fragments/SaiBaseFragment.class
/sdcard/BAI-Test-1-complete-fixed/build/intermediates/javac/debug/compileDebugJavaWithJavac/classes/com/sumon/bundleapp/installer/ui/fragments/SuperSecretPreferencesFragment.class
/sdcard/BAI-Test-1-complete-fixed/build/intermediates/javac/debug/compileDebugJavaWithJavac/classes/com/sumon/bundleapp/installer/ui/recycler
/sdcard/BAI-Test-1-complete-fixed/build/intermediates/javac/debug/compileDebugJavaWithJavac/classes/com/sumon/bundleapp/installer/ui/recycler/InstallerXAdapterDividerItemDecoration.class
/sdcard/BAI-Test-1-complete-fixed/build/intermediates/javac/debug/compileDebugJavaWithJavac/classes/com/sumon/bundleapp/installer/ui/recycler/RecyclerPaddingDecoration.class
/sdcard/BAI-Test-1-complete-fixed/build/intermediates/javac/debug/compileDebugJavaWithJavac/classes/com/sumon/bundleapp/installer/utils
/sdcard/BAI-Test-1-complete-fixed/build/intermediates/javac/debug/compileDebugJavaWithJavac/classes/com/sumon/bundleapp/installer/utils/AlertsUtils.class
/sdcard/BAI-Test-1-complete-fixed/build/intermediates/javac/debug/compileDebugJavaWithJavac/classes/com/sumon/bundleapp/installer/utils/BackupNameFormat.class
/sdcard/BAI-Test-1-complete-fixed/build/intermediates/javac/debug/compileDebugJavaWithJavac/classes/com/sumon/bundleapp/installer/utils/BiConsumer.class
/sdcard/BAI-Test-1-complete-fixed/build/intermediates/javac/debug/compileDebugJavaWithJavac/classes/com/sumon/bundleapp/installer/utils/DbgPreferencesHelper.class
/sdcard/BAI-Test-1-complete-fixed/build/intermediates/javac/debug/compileDebugJavaWithJavac/classes/com/sumon/bundleapp/installer/utils/DbgPreferencesKeys.class
/sdcard/BAI-Test-1-complete-fixed/build/intermediates/javac/debug/compileDebugJavaWithJavac/classes/com/sumon/bundleapp/installer/utils/Event.class
/sdcard/BAI-Test-1-complete-fixed/build/intermediates/javac/debug/compileDebugJavaWithJavac/classes/com/sumon/bundleapp/installer/utils/Event2.class
/sdcard/BAI-Test-1-complete-fixed/build/intermediates/javac/debug/compileDebugJavaWithJavac/classes/com/sumon/bundleapp/installer/utils/FragmentNavigator$FragmentFactory.class
/sdcard/BAI-Test-1-complete-fixed/build/intermediates/javac/debug/compileDebugJavaWithJavac/classes/com/sumon/bundleapp/installer/utils/FragmentNavigator.class
/sdcard/BAI-Test-1-complete-fixed/build/intermediates/javac/debug/compileDebugJavaWithJavac/classes/com/sumon/bundleapp/installer/utils/InsetsUtils$1.class
/sdcard/BAI-Test-1-complete-fixed/build/intermediates/javac/debug/compileDebugJavaWithJavac/classes/com/sumon/bundleapp/installer/utils/InsetsUtils.class
/sdcard/BAI-Test-1-complete-fixed/build/intermediates/javac/debug/compileDebugJavaWithJavac/classes/com/sumon/bundleapp/installer/utils/IOUtils.class
/sdcard/BAI-Test-1-complete-fixed/build/intermediates/javac/debug/compileDebugJavaWithJavac/classes/com/sumon/bundleapp/installer/utils/Locker.class
/sdcard/BAI-Test-1-complete-fixed/build/intermediates/javac/debug/compileDebugJavaWithJavac/classes/com/sumon/bundleapp/installer/utils/Logs.class
/sdcard/BAI-Test-1-complete-fixed/build/intermediates/javac/debug/compileDebugJavaWithJavac/classes/com/sumon/bundleapp/installer/utils/MapBackedLocker$ConcurrentHashMapLocker.class
/sdcard/BAI-Test-1-complete-fixed/build/intermediates/javac/debug/compileDebugJavaWithJavac/classes/com/sumon/bundleapp/installer/utils/MapBackedLocker$HashMapLocker.class
/sdcard/BAI-Test-1-complete-fixed/build/intermediates/javac/debug/compileDebugJavaWithJavac/classes/com/sumon/bundleapp/installer/utils/MapBackedLocker.class
/sdcard/BAI-Test-1-complete-fixed/build/intermediates/javac/debug/compileDebugJavaWithJavac/classes/com/sumon/bundleapp/installer/utils/MathUtils.class
/sdcard/BAI-Test-1-complete-fixed/build/intermediates/javac/debug/compileDebugJavaWithJavac/classes/com/sumon/bundleapp/installer/utils/MiuiUtils.class
/sdcard/BAI-Test-1-complete-fixed/build/intermediates/javac/debug/compileDebugJavaWithJavac/classes/com/sumon/bundleapp/installer/utils/NotificationHelper.class
/sdcard/BAI-Test-1-complete-fixed/build/intermediates/javac/debug/compileDebugJavaWithJavac/classes/com/sumon/bundleapp/installer/utils/PermissionsUtils.class
/sdcard/BAI-Test-1-complete-fixed/build/intermediates/javac/debug/compileDebugJavaWithJavac/classes/com/sumon/bundleapp/installer/utils/PreferencesHelper.class
/sdcard/BAI-Test-1-complete-fixed/build/intermediates/javac/debug/compileDebugJavaWithJavac/classes/com/sumon/bundleapp/installer/utils/PreferencesKeys.class
/sdcard/BAI-Test-1-complete-fixed/build/intermediates/javac/debug/compileDebugJavaWithJavac/classes/com/sumon/bundleapp/installer/utils/PreferencesValues.class
/sdcard/BAI-Test-1-complete-fixed/build/intermediates/javac/debug/compileDebugJavaWithJavac/classes/com/sumon/bundleapp/installer/utils/RwLock.class
/sdcard/BAI-Test-1-complete-fixed/build/intermediates/javac/debug/compileDebugJavaWithJavac/classes/com/sumon/bundleapp/installer/utils/saf
/sdcard/BAI-Test-1-complete-fixed/build/intermediates/javac/debug/compileDebugJavaWithJavac/classes/com/sumon/bundleapp/installer/utils/saf/FileUtils.class
/sdcard/BAI-Test-1-complete-fixed/build/intermediates/javac/debug/compileDebugJavaWithJavac/classes/com/sumon/bundleapp/installer/utils/saf/SafUtils.class
/sdcard/BAI-Test-1-complete-fixed/build/intermediates/javac/debug/compileDebugJavaWithJavac/classes/com/sumon/bundleapp/installer/utils/SimpleAsyncTask.class
/sdcard/BAI-Test-1-complete-fixed/build/intermediates/javac/debug/compileDebugJavaWithJavac/classes/com/sumon/bundleapp/installer/utils/Stopwatch.class
/sdcard/BAI-Test-1-complete-fixed/build/intermediates/javac/debug/compileDebugJavaWithJavac/classes/com/sumon/bundleapp/installer/utils/TextUtils.class
/sdcard/BAI-Test-1-complete-fixed/build/intermediates/javac/debug/compileDebugJavaWithJavac/classes/com/sumon/bundleapp/installer/utils/Theme$Mode.class
/sdcard/BAI-Test-1-complete-fixed/build/intermediates/javac/debug/compileDebugJavaWithJavac/classes/com/sumon/bundleapp/installer/utils/Theme$ThemeDescriptor.class
/sdcard/BAI-Test-1-complete-fixed/build/intermediates/javac/debug/compileDebugJavaWithJavac/classes/com/sumon/bundleapp/installer/utils/Theme.class
/sdcard/BAI-Test-1-complete-fixed/build/intermediates/javac/debug/compileDebugJavaWithJavac/classes/com/sumon/bundleapp/installer/utils/TriConsumer.class
/sdcard/BAI-Test-1-complete-fixed/build/intermediates/javac/debug/compileDebugJavaWithJavac/classes/com/sumon/bundleapp/installer/utils/Utils.class
/sdcard/BAI-Test-1-complete-fixed/build/intermediates/javac/debug/compileDebugJavaWithJavac/classes/com/sumon/bundleapp/installer/view
/sdcard/BAI-Test-1-complete-fixed/build/intermediates/javac/debug/compileDebugJavaWithJavac/classes/com/sumon/bundleapp/installer/view/coolbar
/sdcard/BAI-Test-1-complete-fixed/build/intermediates/javac/debug/compileDebugJavaWithJavac/classes/com/sumon/bundleapp/installer/view/coolbar/Coolbar$CoolbarOutlineProvider.class
/sdcard/BAI-Test-1-complete-fixed/build/intermediates/javac/debug/compileDebugJavaWithJavac/classes/com/sumon/bundleapp/installer/view/coolbar/Coolbar$LayoutParams.class
/sdcard/BAI-Test-1-complete-fixed/build/intermediates/javac/debug/compileDebugJavaWithJavac/classes/com/sumon/bundleapp/installer/view/coolbar/Coolbar.class
/sdcard/BAI-Test-1-complete-fixed/build/intermediates/javac/debug/compileDebugJavaWithJavac/classes/com/sumon/bundleapp/installer/view/NonInteractiveRecyclerView.class
/sdcard/BAI-Test-1-complete-fixed/build/intermediates/javac/debug/compileDebugJavaWithJavac/classes/com/sumon/bundleapp/installer/view/ThemeView.class
/sdcard/BAI-Test-1-complete-fixed/build/intermediates/javac/debug/compileDebugJavaWithJavac/classes/com/sumon/bundleapp/installer/view/ViewSwitcherLayout.class
/sdcard/BAI-Test-1-complete-fixed/build/intermediates/javac/debug/compileDebugJavaWithJavac/classes/com/sumon/bundleapp/installer/viewmodels
/sdcard/BAI-Test-1-complete-fixed/build/intermediates/javac/debug/compileDebugJavaWithJavac/classes/com/sumon/bundleapp/installer/viewmodels/BackupDialogViewModel$LoadingState.class
/sdcard/BAI-Test-1-complete-fixed/build/intermediates/javac/debug/compileDebugJavaWithJavac/classes/com/sumon/bundleapp/installer/viewmodels/BackupDialogViewModel$LoadPackageTask.class
/sdcard/BAI-Test-1-complete-fixed/build/intermediates/javac/debug/compileDebugJavaWithJavac/classes/com/sumon/bundleapp/installer/viewmodels/BackupDialogViewModel.class
/sdcard/BAI-Test-1-complete-fixed/build/intermediates/javac/debug/compileDebugJavaWithJavac/classes/com/sumon/bundleapp/installer/viewmodels/BackupManageAppViewModel.class
/sdcard/BAI-Test-1-complete-fixed/build/intermediates/javac/debug/compileDebugJavaWithJavac/classes/com/sumon/bundleapp/installer/viewmodels/BackupViewModel$BackupCustomFilterFactory$1.class
/sdcard/BAI-Test-1-complete-fixed/build/intermediates/javac/debug/compileDebugJavaWithJavac/classes/com/sumon/bundleapp/installer/viewmodels/BackupViewModel$BackupCustomFilterFactory$2.class
/sdcard/BAI-Test-1-complete-fixed/build/intermediates/javac/debug/compileDebugJavaWithJavac/classes/com/sumon/bundleapp/installer/viewmodels/BackupViewModel$BackupCustomFilterFactory$3.class
/sdcard/BAI-Test-1-complete-fixed/build/intermediates/javac/debug/compileDebugJavaWithJavac/classes/com/sumon/bundleapp/installer/viewmodels/BackupViewModel$BackupCustomFilterFactory$4.class
/sdcard/BAI-Test-1-complete-fixed/build/intermediates/javac/debug/compileDebugJavaWithJavac/classes/com/sumon/bundleapp/installer/viewmodels/BackupViewModel$BackupCustomFilterFactory.class
/sdcard/BAI-Test-1-complete-fixed/build/intermediates/javac/debug/compileDebugJavaWithJavac/classes/com/sumon/bundleapp/installer/viewmodels/BackupViewModel$SearchFilter.class
/sdcard/BAI-Test-1-complete-fixed/build/intermediates/javac/debug/compileDebugJavaWithJavac/classes/com/sumon/bundleapp/installer/viewmodels/BackupViewModel.class
/sdcard/BAI-Test-1-complete-fixed/build/intermediates/javac/debug/compileDebugJavaWithJavac/classes/com/sumon/bundleapp/installer/viewmodels/BatchBackupDialogViewModel.class
/sdcard/BAI-Test-1-complete-fixed/build/intermediates/javac/debug/compileDebugJavaWithJavac/classes/com/sumon/bundleapp/installer/viewmodels/DarkLightThemeSelectionViewModel.class
/sdcard/BAI-Test-1-complete-fixed/build/intermediates/javac/debug/compileDebugJavaWithJavac/classes/com/sumon/bundleapp/installer/viewmodels/factory
/sdcard/BAI-Test-1-complete-fixed/build/intermediates/javac/debug/compileDebugJavaWithJavac/classes/com/sumon/bundleapp/installer/viewmodels/factory/BackupManageAppViewModelFactory.class
/sdcard/BAI-Test-1-complete-fixed/build/intermediates/javac/debug/compileDebugJavaWithJavac/classes/com/sumon/bundleapp/installer/viewmodels/factory/BatchBackupDialogViewModelFactory.class
/sdcard/BAI-Test-1-complete-fixed/build/intermediates/javac/debug/compileDebugJavaWithJavac/classes/com/sumon/bundleapp/installer/viewmodels/factory/InstallerXDialogViewModelFactory.class
/sdcard/BAI-Test-1-complete-fixed/build/intermediates/javac/debug/compileDebugJavaWithJavac/classes/com/sumon/bundleapp/installer/viewmodels/InstallerViewModel$1.class
/sdcard/BAI-Test-1-complete-fixed/build/intermediates/javac/debug/compileDebugJavaWithJavac/classes/com/sumon/bundleapp/installer/viewmodels/InstallerViewModel.class
/sdcard/BAI-Test-1-complete-fixed/build/intermediates/javac/debug/compileDebugJavaWithJavac/classes/com/sumon/bundleapp/installer/viewmodels/InstallerXDialogViewModel$LoadMetaTask.class
/sdcard/BAI-Test-1-complete-fixed/build/intermediates/javac/debug/compileDebugJavaWithJavac/classes/com/sumon/bundleapp/installer/viewmodels/InstallerXDialogViewModel$LoadMetaTaskInput.class
/sdcard/BAI-Test-1-complete-fixed/build/intermediates/javac/debug/compileDebugJavaWithJavac/classes/com/sumon/bundleapp/installer/viewmodels/InstallerXDialogViewModel$LoadMetaTaskResult.class
/sdcard/BAI-Test-1-complete-fixed/build/intermediates/javac/debug/compileDebugJavaWithJavac/classes/com/sumon/bundleapp/installer/viewmodels/InstallerXDialogViewModel$State.class
/sdcard/BAI-Test-1-complete-fixed/build/intermediates/javac/debug/compileDebugJavaWithJavac/classes/com/sumon/bundleapp/installer/viewmodels/InstallerXDialogViewModel$Warning.class
/sdcard/BAI-Test-1-complete-fixed/build/intermediates/javac/debug/compileDebugJavaWithJavac/classes/com/sumon/bundleapp/installer/viewmodels/InstallerXDialogViewModel.class
/sdcard/BAI-Test-1-complete-fixed/build/intermediates/javac/debug/compileDebugJavaWithJavac/classes/com/sumon/bundleapp/installer/viewmodels/LegacyInstallerViewModel$1.class
/sdcard/BAI-Test-1-complete-fixed/build/intermediates/javac/debug/compileDebugJavaWithJavac/classes/com/sumon/bundleapp/installer/viewmodels/LegacyInstallerViewModel$InstallerState.class
/sdcard/BAI-Test-1-complete-fixed/build/intermediates/javac/debug/compileDebugJavaWithJavac/classes/com/sumon/bundleapp/installer/viewmodels/LegacyInstallerViewModel.class
/sdcard/BAI-Test-1-complete-fixed/build/intermediates/javac/debug/compileDebugJavaWithJavac/classes/com/sumon/bundleapp/installer/viewmodels/LicensesViewModel.class
/sdcard/BAI-Test-1-complete-fixed/build/intermediates/javac/debug/compileDebugJavaWithJavac/classes/com/sumon/bundleapp/installer/viewmodels/MiEntryViewModel.class
/sdcard/BAI-Test-1-complete-fixed/build/intermediates/javac/debug/compileDebugJavaWithJavac/classes/com/sumon/bundleapp/installer/viewmodels/NameFormatBuilderViewModel$Factory.class
/sdcard/BAI-Test-1-complete-fixed/build/intermediates/javac/debug/compileDebugJavaWithJavac/classes/com/sumon/bundleapp/installer/viewmodels/NameFormatBuilderViewModel.class
/sdcard/BAI-Test-1-complete-fixed/build/intermediates/javac/debugAndroidTest
/sdcard/BAI-Test-1-complete-fixed/build/intermediates/javac/debugAndroidTest/compileDebugAndroidTestJavaWithJavac
/sdcard/BAI-Test-1-complete-fixed/build/intermediates/javac/debugAndroidTest/compileDebugAndroidTestJavaWithJavac/classes
/sdcard/BAI-Test-1-complete-fixed/build/intermediates/javac/debugAndroidTest/compileDebugAndroidTestJavaWithJavac/classes/com
/sdcard/BAI-Test-1-complete-fixed/build/intermediates/javac/debugAndroidTest/compileDebugAndroidTestJavaWithJavac/classes/com/sumon
/sdcard/BAI-Test-1-complete-fixed/build/intermediates/javac/debugAndroidTest/compileDebugAndroidTestJavaWithJavac/classes/com/sumon/bundleapp
/sdcard/BAI-Test-1-complete-fixed/build/intermediates/javac/debugAndroidTest/compileDebugAndroidTestJavaWithJavac/classes/com/sumon/bundleapp/installer
/sdcard/BAI-Test-1-complete-fixed/build/intermediates/javac/debugAndroidTest/compileDebugAndroidTestJavaWithJavac/classes/com/sumon/bundleapp/installer/test
/sdcard/BAI-Test-1-complete-fixed/build/intermediates/javac/debugAndroidTest/compileDebugAndroidTestJavaWithJavac/classes/com/sumon/bundleapp/installer/test/BuildConfig.class
/sdcard/BAI-Test-1-complete-fixed/build/intermediates/javac/release
/sdcard/BAI-Test-1-complete-fixed/build/intermediates/javac/release/compileReleaseJavaWithJavac
/sdcard/BAI-Test-1-complete-fixed/build/intermediates/javac/release/compileReleaseJavaWithJavac/classes
/sdcard/BAI-Test-1-complete-fixed/build/intermediates/javac/release/compileReleaseJavaWithJavac/classes/com
/sdcard/BAI-Test-1-complete-fixed/build/intermediates/javac/release/compileReleaseJavaWithJavac/classes/com/aefyr
/sdcard/BAI-Test-1-complete-fixed/build/intermediates/javac/release/compileReleaseJavaWithJavac/classes/com/aefyr/flexfilter
/sdcard/BAI-Test-1-complete-fixed/build/intermediates/javac/release/compileReleaseJavaWithJavac/classes/com/aefyr/flexfilter/applier
/sdcard/BAI-Test-1-complete-fixed/build/intermediates/javac/release/compileReleaseJavaWithJavac/classes/com/aefyr/flexfilter/applier/ComplexCustomFilter$Builder.class
/sdcard/BAI-Test-1-complete-fixed/build/intermediates/javac/release/compileReleaseJavaWithJavac/classes/com/aefyr/flexfilter/applier/ComplexCustomFilter.class
/sdcard/BAI-Test-1-complete-fixed/build/intermediates/javac/release/compileReleaseJavaWithJavac/classes/com/aefyr/flexfilter/applier/CustomFilter.class
/sdcard/BAI-Test-1-complete-fixed/build/intermediates/javac/release/compileReleaseJavaWithJavac/classes/com/aefyr/flexfilter/applier/LiveFilterApplier.class
/sdcard/BAI-Test-1-complete-fixed/build/intermediates/javac/release/compileReleaseJavaWithJavac/classes/com/aefyr/flexfilter/builtin
/sdcard/BAI-Test-1-complete-fixed/build/intermediates/javac/release/compileReleaseJavaWithJavac/classes/com/aefyr/flexfilter/builtin/DefaultCustomFilterFactory.class
/sdcard/BAI-Test-1-complete-fixed/build/intermediates/javac/release/compileReleaseJavaWithJavac/classes/com/aefyr/flexfilter/builtin/DefaultFilterConfigViewHolderFactory.class
/sdcard/BAI-Test-1-complete-fixed/build/intermediates/javac/release/compileReleaseJavaWithJavac/classes/com/aefyr/flexfilter/builtin/filter
/sdcard/BAI-Test-1-complete-fixed/build/intermediates/javac/release/compileReleaseJavaWithJavac/classes/com/aefyr/flexfilter/builtin/filter/singlechoice
/sdcard/BAI-Test-1-complete-fixed/build/intermediates/javac/release/compileReleaseJavaWithJavac/classes/com/aefyr/flexfilter/builtin/filter/singlechoice/SingleChoiceFilterConfig.class
/sdcard/BAI-Test-1-complete-fixed/build/intermediates/javac/release/compileReleaseJavaWithJavac/classes/com/aefyr/flexfilter/builtin/filter/singlechoice/SingleChoiceFilterConfigOption.class
/sdcard/BAI-Test-1-complete-fixed/build/intermediates/javac/release/compileReleaseJavaWithJavac/classes/com/aefyr/flexfilter/builtin/filter/sort
/sdcard/BAI-Test-1-complete-fixed/build/intermediates/javac/release/compileReleaseJavaWithJavac/classes/com/aefyr/flexfilter/builtin/filter/sort/SortFilterConfig.class
/sdcard/BAI-Test-1-complete-fixed/build/intermediates/javac/release/compileReleaseJavaWithJavac/classes/com/aefyr/flexfilter/builtin/filter/sort/SortFilterConfigOption.class
/sdcard/BAI-Test-1-complete-fixed/build/intermediates/javac/release/compileReleaseJavaWithJavac/classes/com/aefyr/flexfilter/config
/sdcard/BAI-Test-1-complete-fixed/build/intermediates/javac/release/compileReleaseJavaWithJavac/classes/com/aefyr/flexfilter/config/core
/sdcard/BAI-Test-1-complete-fixed/build/intermediates/javac/release/compileReleaseJavaWithJavac/classes/com/aefyr/flexfilter/config/core/ComplexFilterConfig.class
/sdcard/BAI-Test-1-complete-fixed/build/intermediates/javac/release/compileReleaseJavaWithJavac/classes/com/aefyr/flexfilter/config/core/FilterConfig.class
/sdcard/BAI-Test-1-complete-fixed/build/intermediates/javac/release/compileReleaseJavaWithJavac/classes/com/aefyr/flexfilter/ui
/sdcard/BAI-Test-1-complete-fixed/build/intermediates/javac/release/compileReleaseJavaWithJavac/classes/com/aefyr/flexfilter/ui/FilterDialog$OnApplyConfigListener.class
/sdcard/BAI-Test-1-complete-fixed/build/intermediates/javac/release/compileReleaseJavaWithJavac/classes/com/aefyr/flexfilter/ui/FilterDialog.class
/sdcard/BAI-Test-1-complete-fixed/build/intermediates/javac/release/compileReleaseJavaWithJavac/classes/com/aefyr/pseudoapksigner
/sdcard/BAI-Test-1-complete-fixed/build/intermediates/javac/release/compileReleaseJavaWithJavac/classes/com/aefyr/pseudoapksigner/PseudoApkSigner.class
/sdcard/BAI-Test-1-complete-fixed/build/intermediates/javac/release/compileReleaseJavaWithJavac/classes/com/sumon
/sdcard/BAI-Test-1-complete-fixed/build/intermediates/javac/release/compileReleaseJavaWithJavac/classes/com/sumon/bundleapp
/sdcard/BAI-Test-1-complete-fixed/build/intermediates/javac/release/compileReleaseJavaWithJavac/classes/com/sumon/bundleapp/installer
/sdcard/BAI-Test-1-complete-fixed/build/intermediates/javac/release/compileReleaseJavaWithJavac/classes/com/sumon/bundleapp/installer/adapters
/sdcard/BAI-Test-1-complete-fixed/build/intermediates/javac/release/compileReleaseJavaWithJavac/classes/com/sumon/bundleapp/installer/adapters/BackupAppDetailsAdapter$ActionDelegate.class
/sdcard/BAI-Test-1-complete-fixed/build/intermediates/javac/release/compileReleaseJavaWithJavac/classes/com/sumon/bundleapp/installer/adapters/BackupAppDetailsAdapter$BackupViewHolder.class
/sdcard/BAI-Test-1-complete-fixed/build/intermediates/javac/release/compileReleaseJavaWithJavac/classes/com/sumon/bundleapp/installer/adapters/BackupAppDetailsAdapter$BaseViewHolder.class
/sdcard/BAI-Test-1-complete-fixed/build/intermediates/javac/release/compileReleaseJavaWithJavac/classes/com/sumon/bundleapp/installer/adapters/BackupAppDetailsAdapter$HeaderViewHolder.class
/sdcard/BAI-Test-1-complete-fixed/build/intermediates/javac/release/compileReleaseJavaWithJavac/classes/com/sumon/bundleapp/installer/adapters/BackupAppDetailsAdapter.class
/sdcard/BAI-Test-1-complete-fixed/build/intermediates/javac/release/compileReleaseJavaWithJavac/classes/com/sumon/bundleapp/installer/adapters/BackupAppFeatureAdapter$ViewHolder.class
/sdcard/BAI-Test-1-complete-fixed/build/intermediates/javac/release/compileReleaseJavaWithJavac/classes/com/sumon/bundleapp/installer/adapters/BackupAppFeatureAdapter.class
/sdcard/BAI-Test-1-complete-fixed/build/intermediates/javac/release/compileReleaseJavaWithJavac/classes/com/sumon/bundleapp/installer/adapters/BackupComponentsAdapter$ComponentRenderer.class
/sdcard/BAI-Test-1-complete-fixed/build/intermediates/javac/release/compileReleaseJavaWithJavac/classes/com/sumon/bundleapp/installer/adapters/BackupComponentsAdapter$DefaultComponentRenderer.class
/sdcard/BAI-Test-1-complete-fixed/build/intermediates/javac/release/compileReleaseJavaWithJavac/classes/com/sumon/bundleapp/installer/adapters/BackupComponentsAdapter$ViewHolder.class
/sdcard/BAI-Test-1-complete-fixed/build/intermediates/javac/release/compileReleaseJavaWithJavac/classes/com/sumon/bundleapp/installer/adapters/BackupComponentsAdapter.class
/sdcard/BAI-Test-1-complete-fixed/build/intermediates/javac/release/compileReleaseJavaWithJavac/classes/com/sumon/bundleapp/installer/adapters/BackupNameFormatBuilderPartsAdapter$ViewHolder.class
/sdcard/BAI-Test-1-complete-fixed/build/intermediates/javac/release/compileReleaseJavaWithJavac/classes/com/sumon/bundleapp/installer/adapters/BackupNameFormatBuilderPartsAdapter.class
/sdcard/BAI-Test-1-complete-fixed/build/intermediates/javac/release/compileReleaseJavaWithJavac/classes/com/sumon/bundleapp/installer/adapters/BackupPackagesAdapter$1.class
/sdcard/BAI-Test-1-complete-fixed/build/intermediates/javac/release/compileReleaseJavaWithJavac/classes/com/sumon/bundleapp/installer/adapters/BackupPackagesAdapter$OnItemInteractionListener.class
/sdcard/BAI-Test-1-complete-fixed/build/intermediates/javac/release/compileReleaseJavaWithJavac/classes/com/sumon/bundleapp/installer/adapters/BackupPackagesAdapter$ViewHolder.class
/sdcard/BAI-Test-1-complete-fixed/build/intermediates/javac/release/compileReleaseJavaWithJavac/classes/com/sumon/bundleapp/installer/adapters/BackupPackagesAdapter.class
/sdcard/BAI-Test-1-complete-fixed/build/intermediates/javac/release/compileReleaseJavaWithJavac/classes/com/sumon/bundleapp/installer/adapters/BackupSplitPartsAdapter$ViewHolder.class
/sdcard/BAI-Test-1-complete-fixed/build/intermediates/javac/release/compileReleaseJavaWithJavac/classes/com/sumon/bundleapp/installer/adapters/BackupSplitPartsAdapter.class
/sdcard/BAI-Test-1-complete-fixed/build/intermediates/javac/release/compileReleaseJavaWithJavac/classes/com/sumon/bundleapp/installer/adapters/LicensesAdapter$ViewHolder.class
/sdcard/BAI-Test-1-complete-fixed/build/intermediates/javac/release/compileReleaseJavaWithJavac/classes/com/sumon/bundleapp/installer/adapters/LicensesAdapter.class
/sdcard/BAI-Test-1-complete-fixed/build/intermediates/javac/release/compileReleaseJavaWithJavac/classes/com/sumon/bundleapp/installer/adapters/SaiPiSessionsAdapter$1.class
/sdcard/BAI-Test-1-complete-fixed/build/intermediates/javac/release/compileReleaseJavaWithJavac/classes/com/sumon/bundleapp/installer/adapters/SaiPiSessionsAdapter$ActionDelegate.class
/sdcard/BAI-Test-1-complete-fixed/build/intermediates/javac/release/compileReleaseJavaWithJavac/classes/com/sumon/bundleapp/installer/adapters/SaiPiSessionsAdapter$ViewHolder.class
/sdcard/BAI-Test-1-complete-fixed/build/intermediates/javac/release/compileReleaseJavaWithJavac/classes/com/sumon/bundleapp/installer/adapters/SaiPiSessionsAdapter.class
/sdcard/BAI-Test-1-complete-fixed/build/intermediates/javac/release/compileReleaseJavaWithJavac/classes/com/sumon/bundleapp/installer/adapters/selection
/sdcard/BAI-Test-1-complete-fixed/build/intermediates/javac/release/compileReleaseJavaWithJavac/classes/com/sumon/bundleapp/installer/adapters/selection/SelectableAdapter$1.class
/sdcard/BAI-Test-1-complete-fixed/build/intermediates/javac/release/compileReleaseJavaWithJavac/classes/com/sumon/bundleapp/installer/adapters/selection/SelectableAdapter$2.class
/sdcard/BAI-Test-1-complete-fixed/build/intermediates/javac/release/compileReleaseJavaWithJavac/classes/com/sumon/bundleapp/installer/adapters/selection/SelectableAdapter$3.class
/sdcard/BAI-Test-1-complete-fixed/build/intermediates/javac/release/compileReleaseJavaWithJavac/classes/com/sumon/bundleapp/installer/adapters/selection/SelectableAdapter.class
/sdcard/BAI-Test-1-complete-fixed/build/intermediates/javac/release/compileReleaseJavaWithJavac/classes/com/sumon/bundleapp/installer/adapters/selection/Selection$1.class
/sdcard/BAI-Test-1-complete-fixed/build/intermediates/javac/release/compileReleaseJavaWithJavac/classes/com/sumon/bundleapp/installer/adapters/selection/Selection$KeyStorage.class
/sdcard/BAI-Test-1-complete-fixed/build/intermediates/javac/release/compileReleaseJavaWithJavac/classes/com/sumon/bundleapp/installer/adapters/selection/Selection$Observer.class
/sdcard/BAI-Test-1-complete-fixed/build/intermediates/javac/release/compileReleaseJavaWithJavac/classes/com/sumon/bundleapp/installer/adapters/selection/Selection.class
/sdcard/BAI-Test-1-complete-fixed/build/intermediates/javac/release/compileReleaseJavaWithJavac/classes/com/sumon/bundleapp/installer/adapters/selection/SimpleKeyStorage.class
/sdcard/BAI-Test-1-complete-fixed/build/intermediates/javac/release/compileReleaseJavaWithJavac/classes/com/sumon/bundleapp/installer/adapters/SplitApkSourceMetaAdapter$BaseViewHolder.class
/sdcard/BAI-Test-1-complete-fixed/build/intermediates/javac/release/compileReleaseJavaWithJavac/classes/com/sumon/bundleapp/installer/adapters/SplitApkSourceMetaAdapter$HeaderViewHolder.class
/sdcard/BAI-Test-1-complete-fixed/build/intermediates/javac/release/compileReleaseJavaWithJavac/classes/com/sumon/bundleapp/installer/adapters/SplitApkSourceMetaAdapter$NoticeViewHolder.class
/sdcard/BAI-Test-1-complete-fixed/build/intermediates/javac/release/compileReleaseJavaWithJavac/classes/com/sumon/bundleapp/installer/adapters/SplitApkSourceMetaAdapter$SplitCategoryViewHolder.class
/sdcard/BAI-Test-1-complete-fixed/build/intermediates/javac/release/compileReleaseJavaWithJavac/classes/com/sumon/bundleapp/installer/adapters/SplitApkSourceMetaAdapter$SplitPartViewHolder.class
/sdcard/BAI-Test-1-complete-fixed/build/intermediates/javac/release/compileReleaseJavaWithJavac/classes/com/sumon/bundleapp/installer/adapters/SplitApkSourceMetaAdapter.class
/sdcard/BAI-Test-1-complete-fixed/build/intermediates/javac/release/compileReleaseJavaWithJavac/classes/com/sumon/bundleapp/installer/adapters/ThemeAdapter$OnThemeInteractionListener.class
/sdcard/BAI-Test-1-complete-fixed/build/intermediates/javac/release/compileReleaseJavaWithJavac/classes/com/sumon/bundleapp/installer/adapters/ThemeAdapter$ViewHolder.class
/sdcard/BAI-Test-1-complete-fixed/build/intermediates/javac/release/compileReleaseJavaWithJavac/classes/com/sumon/bundleapp/installer/adapters/ThemeAdapter.class
/sdcard/BAI-Test-1-complete-fixed/build/intermediates/javac/release/compileReleaseJavaWithJavac/classes/com/sumon/bundleapp/installer/analytics
/sdcard/BAI-Test-1-complete-fixed/build/intermediates/javac/release/compileReleaseJavaWithJavac/classes/com/sumon/bundleapp/installer/analytics/AnalyticsProvider.class
/sdcard/BAI-Test-1-complete-fixed/build/intermediates/javac/release/compileReleaseJavaWithJavac/classes/com/sumon/bundleapp/installer/analytics/DefaultAnalyticsProvider.class
/sdcard/BAI-Test-1-complete-fixed/build/intermediates/javac/release/compileReleaseJavaWithJavac/classes/com/sumon/bundleapp/installer/backup2
/sdcard/BAI-Test-1-complete-fixed/build/intermediates/javac/release/compileReleaseJavaWithJavac/classes/com/sumon/bundleapp/installer/backup2/Backup.class
/sdcard/BAI-Test-1-complete-fixed/build/intermediates/javac/release/compileReleaseJavaWithJavac/classes/com/sumon/bundleapp/installer/backup2/BackupApp.class
/sdcard/BAI-Test-1-complete-fixed/build/intermediates/javac/release/compileReleaseJavaWithJavac/classes/com/sumon/bundleapp/installer/backup2/BackupAppDetails$State.class
/sdcard/BAI-Test-1-complete-fixed/build/intermediates/javac/release/compileReleaseJavaWithJavac/classes/com/sumon/bundleapp/installer/backup2/BackupAppDetails.class
/sdcard/BAI-Test-1-complete-fixed/build/intermediates/javac/release/compileReleaseJavaWithJavac/classes/com/sumon/bundleapp/installer/backup2/BackupComponent.class
/sdcard/BAI-Test-1-complete-fixed/build/intermediates/javac/release/compileReleaseJavaWithJavac/classes/com/sumon/bundleapp/installer/backup2/BackupIndex$BackupIconProvider.class
/sdcard/BAI-Test-1-complete-fixed/build/intermediates/javac/release/compileReleaseJavaWithJavac/classes/com/sumon/bundleapp/installer/backup2/BackupIndex.class
/sdcard/BAI-Test-1-complete-fixed/build/intermediates/javac/release/compileReleaseJavaWithJavac/classes/com/sumon/bundleapp/installer/backup2/BackupManager$BackupDeletionCallback.class
/sdcard/BAI-Test-1-complete-fixed/build/intermediates/javac/release/compileReleaseJavaWithJavac/classes/com/sumon/bundleapp/installer/backup2/BackupManager$IndexingStatus.class
/sdcard/BAI-Test-1-complete-fixed/build/intermediates/javac/release/compileReleaseJavaWithJavac/classes/com/sumon/bundleapp/installer/backup2/BackupManager.class
/sdcard/BAI-Test-1-complete-fixed/build/intermediates/javac/release/compileReleaseJavaWithJavac/classes/com/sumon/bundleapp/installer/backup2/BackupStatus.class
/sdcard/BAI-Test-1-complete-fixed/build/intermediates/javac/release/compileReleaseJavaWithJavac/classes/com/sumon/bundleapp/installer/backup2/BackupStorage$BackupProgressListener.class
/sdcard/BAI-Test-1-complete-fixed/build/intermediates/javac/release/compileReleaseJavaWithJavac/classes/com/sumon/bundleapp/installer/backup2/BackupStorage$BackupTaskState.class
/sdcard/BAI-Test-1-complete-fixed/build/intermediates/javac/release/compileReleaseJavaWithJavac/classes/com/sumon/bundleapp/installer/backup2/BackupStorage$BackupTaskStatus.class
/sdcard/BAI-Test-1-complete-fixed/build/intermediates/javac/release/compileReleaseJavaWithJavac/classes/com/sumon/bundleapp/installer/backup2/BackupStorage$BatchBackupTaskStatus.class
/sdcard/BAI-Test-1-complete-fixed/build/intermediates/javac/release/compileReleaseJavaWithJavac/classes/com/sumon/bundleapp/installer/backup2/BackupStorage$Observer.class
/sdcard/BAI-Test-1-complete-fixed/build/intermediates/javac/release/compileReleaseJavaWithJavac/classes/com/sumon/bundleapp/installer/backup2/BackupStorage.class
/sdcard/BAI-Test-1-complete-fixed/build/intermediates/javac/release/compileReleaseJavaWithJavac/classes/com/sumon/bundleapp/installer/backup2/BackupStorageProvider.class
/sdcard/BAI-Test-1-complete-fixed/build/intermediates/javac/release/compileReleaseJavaWithJavac/classes/com/sumon/bundleapp/installer/backup2/backuptask
/sdcard/BAI-Test-1-complete-fixed/build/intermediates/javac/release/compileReleaseJavaWithJavac/classes/com/sumon/bundleapp/installer/backup2/backuptask/config
/sdcard/BAI-Test-1-complete-fixed/build/intermediates/javac/release/compileReleaseJavaWithJavac/classes/com/sumon/bundleapp/installer/backup2/backuptask/config/BackupTaskConfig.class
/sdcard/BAI-Test-1-complete-fixed/build/intermediates/javac/release/compileReleaseJavaWithJavac/classes/com/sumon/bundleapp/installer/backup2/backuptask/config/BatchBackupTaskConfig.class
/sdcard/BAI-Test-1-complete-fixed/build/intermediates/javac/release/compileReleaseJavaWithJavac/classes/com/sumon/bundleapp/installer/backup2/backuptask/config/SingleBackupTaskConfig$1.class
/sdcard/BAI-Test-1-complete-fixed/build/intermediates/javac/release/compileReleaseJavaWithJavac/classes/com/sumon/bundleapp/installer/backup2/backuptask/config/SingleBackupTaskConfig$Builder.class
/sdcard/BAI-Test-1-complete-fixed/build/intermediates/javac/release/compileReleaseJavaWithJavac/classes/com/sumon/bundleapp/installer/backup2/backuptask/config/SingleBackupTaskConfig.class
/sdcard/BAI-Test-1-complete-fixed/build/intermediates/javac/release/compileReleaseJavaWithJavac/classes/com/sumon/bundleapp/installer/backup2/backuptask/executor
/sdcard/BAI-Test-1-complete-fixed/build/intermediates/javac/release/compileReleaseJavaWithJavac/classes/com/sumon/bundleapp/installer/backup2/backuptask/executor/BatchBackupTaskExecutor$1.class
/sdcard/BAI-Test-1-complete-fixed/build/intermediates/javac/release/compileReleaseJavaWithJavac/classes/com/sumon/bundleapp/installer/backup2/backuptask/executor/BatchBackupTaskExecutor$Listener.class
/sdcard/BAI-Test-1-complete-fixed/build/intermediates/javac/release/compileReleaseJavaWithJavac/classes/com/sumon/bundleapp/installer/backup2/backuptask/executor/BatchBackupTaskExecutor$SingleBackupTaskExecutorFactory.class
/sdcard/BAI-Test-1-complete-fixed/build/intermediates/javac/release/compileReleaseJavaWithJavac/classes/com/sumon/bundleapp/installer/backup2/backuptask/executor/BatchBackupTaskExecutor.class
/sdcard/BAI-Test-1-complete-fixed/build/intermediates/javac/release/compileReleaseJavaWithJavac/classes/com/sumon/bundleapp/installer/backup2/backuptask/executor/CancellableBackupTaskExecutor.class
/sdcard/BAI-Test-1-complete-fixed/build/intermediates/javac/release/compileReleaseJavaWithJavac/classes/com/sumon/bundleapp/installer/backup2/backuptask/executor/SingleBackupTaskExecutor$DelegatedFile.class
/sdcard/BAI-Test-1-complete-fixed/build/intermediates/javac/release/compileReleaseJavaWithJavac/classes/com/sumon/bundleapp/installer/backup2/backuptask/executor/SingleBackupTaskExecutor$Listener.class
/sdcard/BAI-Test-1-complete-fixed/build/intermediates/javac/release/compileReleaseJavaWithJavac/classes/com/sumon/bundleapp/installer/backup2/backuptask/executor/SingleBackupTaskExecutor$TaskCancelledException.class
/sdcard/BAI-Test-1-complete-fixed/build/intermediates/javac/release/compileReleaseJavaWithJavac/classes/com/sumon/bundleapp/installer/backup2/backuptask/executor/SingleBackupTaskExecutor.class
/sdcard/BAI-Test-1-complete-fixed/build/intermediates/javac/release/compileReleaseJavaWithJavac/classes/com/sumon/bundleapp/installer/backup2/impl
/sdcard/BAI-Test-1-complete-fixed/build/intermediates/javac/release/compileReleaseJavaWithJavac/classes/com/sumon/bundleapp/installer/backup2/impl/BackupService2$1.class
/sdcard/BAI-Test-1-complete-fixed/build/intermediates/javac/release/compileReleaseJavaWithJavac/classes/com/sumon/bundleapp/installer/backup2/impl/BackupService2$BackupTaskInfo.class
/sdcard/BAI-Test-1-complete-fixed/build/intermediates/javac/release/compileReleaseJavaWithJavac/classes/com/sumon/bundleapp/installer/backup2/impl/BackupService2$BatchBackupTaskInfo.class
/sdcard/BAI-Test-1-complete-fixed/build/intermediates/javac/release/compileReleaseJavaWithJavac/classes/com/sumon/bundleapp/installer/backup2/impl/BackupService2.class
/sdcard/BAI-Test-1-complete-fixed/build/intermediates/javac/release/compileReleaseJavaWithJavac/classes/com/sumon/bundleapp/installer/backup2/impl/components
/sdcard/BAI-Test-1-complete-fixed/build/intermediates/javac/release/compileReleaseJavaWithJavac/classes/com/sumon/bundleapp/installer/backup2/impl/components/SimpleBackupComponent.class
/sdcard/BAI-Test-1-complete-fixed/build/intermediates/javac/release/compileReleaseJavaWithJavac/classes/com/sumon/bundleapp/installer/backup2/impl/components/StandardComponentTypes.class
/sdcard/BAI-Test-1-complete-fixed/build/intermediates/javac/release/compileReleaseJavaWithJavac/classes/com/sumon/bundleapp/installer/backup2/impl/db
/sdcard/BAI-Test-1-complete-fixed/build/intermediates/javac/release/compileReleaseJavaWithJavac/classes/com/sumon/bundleapp/installer/backup2/impl/db/BackupComponentEntity.class
/sdcard/BAI-Test-1-complete-fixed/build/intermediates/javac/release/compileReleaseJavaWithJavac/classes/com/sumon/bundleapp/installer/backup2/impl/db/BackupDao.class
/sdcard/BAI-Test-1-complete-fixed/build/intermediates/javac/release/compileReleaseJavaWithJavac/classes/com/sumon/bundleapp/installer/backup2/impl/db/BackupDao_Impl$1.class
/sdcard/BAI-Test-1-complete-fixed/build/intermediates/javac/release/compileReleaseJavaWithJavac/classes/com/sumon/bundleapp/installer/backup2/impl/db/BackupDao_Impl$2.class
/sdcard/BAI-Test-1-complete-fixed/build/intermediates/javac/release/compileReleaseJavaWithJavac/classes/com/sumon/bundleapp/installer/backup2/impl/db/BackupDao_Impl.class
/sdcard/BAI-Test-1-complete-fixed/build/intermediates/javac/release/compileReleaseJavaWithJavac/classes/com/sumon/bundleapp/installer/backup2/impl/db/BackupEntity.class
/sdcard/BAI-Test-1-complete-fixed/build/intermediates/javac/release/compileReleaseJavaWithJavac/classes/com/sumon/bundleapp/installer/backup2/impl/db/BackupWithComponents.class
/sdcard/BAI-Test-1-complete-fixed/build/intermediates/javac/release/compileReleaseJavaWithJavac/classes/com/sumon/bundleapp/installer/backup2/impl/db/DaoBackedBackupIndex.class
/sdcard/BAI-Test-1-complete-fixed/build/intermediates/javac/release/compileReleaseJavaWithJavac/classes/com/sumon/bundleapp/installer/backup2/impl/DefaultBackupManager$1.class
/sdcard/BAI-Test-1-complete-fixed/build/intermediates/javac/release/compileReleaseJavaWithJavac/classes/com/sumon/bundleapp/installer/backup2/impl/DefaultBackupManager$AppsObserver.class
/sdcard/BAI-Test-1-complete-fixed/build/intermediates/javac/release/compileReleaseJavaWithJavac/classes/com/sumon/bundleapp/installer/backup2/impl/DefaultBackupManager$BackupAppDetailsImpl.class
/sdcard/BAI-Test-1-complete-fixed/build/intermediates/javac/release/compileReleaseJavaWithJavac/classes/com/sumon/bundleapp/installer/backup2/impl/DefaultBackupManager$BackupAppImpl.class
/sdcard/BAI-Test-1-complete-fixed/build/intermediates/javac/release/compileReleaseJavaWithJavac/classes/com/sumon/bundleapp/installer/backup2/impl/DefaultBackupManager$LiveAppDetails.class
/sdcard/BAI-Test-1-complete-fixed/build/intermediates/javac/release/compileReleaseJavaWithJavac/classes/com/sumon/bundleapp/installer/backup2/impl/DefaultBackupManager.class
/sdcard/BAI-Test-1-complete-fixed/build/intermediates/javac/release/compileReleaseJavaWithJavac/classes/com/sumon/bundleapp/installer/backup2/impl/local
/sdcard/BAI-Test-1-complete-fixed/build/intermediates/javac/release/compileReleaseJavaWithJavac/classes/com/sumon/bundleapp/installer/backup2/impl/local/LocalBackupStorage.class
/sdcard/BAI-Test-1-complete-fixed/build/intermediates/javac/release/compileReleaseJavaWithJavac/classes/com/sumon/bundleapp/installer/backup2/impl/local/LocalBackupStorageProvider$OnConfigChangeListener.class
/sdcard/BAI-Test-1-complete-fixed/build/intermediates/javac/release/compileReleaseJavaWithJavac/classes/com/sumon/bundleapp/installer/backup2/impl/local/LocalBackupStorageProvider$OnConfigChangeListenerHandlerWrapper.class
/sdcard/BAI-Test-1-complete-fixed/build/intermediates/javac/release/compileReleaseJavaWithJavac/classes/com/sumon/bundleapp/installer/backup2/impl/local/LocalBackupStorageProvider.class
/sdcard/BAI-Test-1-complete-fixed/build/intermediates/javac/release/compileReleaseJavaWithJavac/classes/com/sumon/bundleapp/installer/backup2/impl/local/LocalBackupUtils.class
/sdcard/BAI-Test-1-complete-fixed/build/intermediates/javac/release/compileReleaseJavaWithJavac/classes/com/sumon/bundleapp/installer/backup2/impl/local/prefs
/sdcard/BAI-Test-1-complete-fixed/build/intermediates/javac/release/compileReleaseJavaWithJavac/classes/com/sumon/bundleapp/installer/backup2/impl/local/prefs/LocalBackupStoragePrefConstants.class
/sdcard/BAI-Test-1-complete-fixed/build/intermediates/javac/release/compileReleaseJavaWithJavac/classes/com/sumon/bundleapp/installer/backup2/impl/local/ui
/sdcard/BAI-Test-1-complete-fixed/build/intermediates/javac/release/compileReleaseJavaWithJavac/classes/com/sumon/bundleapp/installer/backup2/impl/local/ui/fragments
/sdcard/BAI-Test-1-complete-fixed/build/intermediates/javac/release/compileReleaseJavaWithJavac/classes/com/sumon/bundleapp/installer/backup2/impl/local/ui/fragments/LocalBackupStorageSettingsFragment.class
/sdcard/BAI-Test-1-complete-fixed/build/intermediates/javac/release/compileReleaseJavaWithJavac/classes/com/sumon/bundleapp/installer/backup2/impl/local/ui/fragments/LocalBackupStorageSetupFragment.class
/sdcard/BAI-Test-1-complete-fixed/build/intermediates/javac/release/compileReleaseJavaWithJavac/classes/com/sumon/bundleapp/installer/backup2/impl/local/ui/viewmodels
/sdcard/BAI-Test-1-complete-fixed/build/intermediates/javac/release/compileReleaseJavaWithJavac/classes/com/sumon/bundleapp/installer/backup2/impl/local/ui/viewmodels/LocalBackupStorageSetupViewModel.class
/sdcard/BAI-Test-1-complete-fixed/build/intermediates/javac/release/compileReleaseJavaWithJavac/classes/com/sumon/bundleapp/installer/backup2/impl/MutableBackup.class
/sdcard/BAI-Test-1-complete-fixed/build/intermediates/javac/release/compileReleaseJavaWithJavac/classes/com/sumon/bundleapp/installer/backup2/impl/storage
/sdcard/BAI-Test-1-complete-fixed/build/intermediates/javac/release/compileReleaseJavaWithJavac/classes/com/sumon/bundleapp/installer/backup2/impl/storage/ApksBackupStorage$1.class
/sdcard/BAI-Test-1-complete-fixed/build/intermediates/javac/release/compileReleaseJavaWithJavac/classes/com/sumon/bundleapp/installer/backup2/impl/storage/ApksBackupStorage$2.class
/sdcard/BAI-Test-1-complete-fixed/build/intermediates/javac/release/compileReleaseJavaWithJavac/classes/com/sumon/bundleapp/installer/backup2/impl/storage/ApksBackupStorage$InternalDelegatedFile.class
/sdcard/BAI-Test-1-complete-fixed/build/intermediates/javac/release/compileReleaseJavaWithJavac/classes/com/sumon/bundleapp/installer/backup2/impl/storage/ApksBackupStorage$InternalSingleBackupTaskExecutorFactory.class
/sdcard/BAI-Test-1-complete-fixed/build/intermediates/javac/release/compileReleaseJavaWithJavac/classes/com/sumon/bundleapp/installer/backup2/impl/storage/ApksBackupStorage.class
/sdcard/BAI-Test-1-complete-fixed/build/intermediates/javac/release/compileReleaseJavaWithJavac/classes/com/sumon/bundleapp/installer/backup2/impl/storage/ApksSingleBackupTaskExecutor.class
/sdcard/BAI-Test-1-complete-fixed/build/intermediates/javac/release/compileReleaseJavaWithJavac/classes/com/sumon/bundleapp/installer/backup2/impl/storage/BaseBackupStorage$ObserverHandlerWrapper.class
/sdcard/BAI-Test-1-complete-fixed/build/intermediates/javac/release/compileReleaseJavaWithJavac/classes/com/sumon/bundleapp/installer/backup2/impl/storage/BaseBackupStorage$ProgressListenerHandlerWrapper.class
/sdcard/BAI-Test-1-complete-fixed/build/intermediates/javac/release/compileReleaseJavaWithJavac/classes/com/sumon/bundleapp/installer/backup2/impl/storage/BaseBackupStorage.class
/sdcard/BAI-Test-1-complete-fixed/build/intermediates/javac/release/compileReleaseJavaWithJavac/classes/com/sumon/bundleapp/installer/BuildConfig.class
/sdcard/BAI-Test-1-complete-fixed/build/intermediates/javac/release/compileReleaseJavaWithJavac/classes/com/sumon/bundleapp/installer/common
/sdcard/BAI-Test-1-complete-fixed/build/intermediates/javac/release/compileReleaseJavaWithJavac/classes/com/sumon/bundleapp/installer/common/AppDatabase.class
/sdcard/BAI-Test-1-complete-fixed/build/intermediates/javac/release/compileReleaseJavaWithJavac/classes/com/sumon/bundleapp/installer/common/AppDatabase_Impl$1.class
/sdcard/BAI-Test-1-complete-fixed/build/intermediates/javac/release/compileReleaseJavaWithJavac/classes/com/sumon/bundleapp/installer/common/AppDatabase_Impl.class
/sdcard/BAI-Test-1-complete-fixed/build/intermediates/javac/release/compileReleaseJavaWithJavac/classes/com/sumon/bundleapp/installer/flavor
/sdcard/BAI-Test-1-complete-fixed/build/intermediates/javac/release/compileReleaseJavaWithJavac/classes/com/sumon/bundleapp/installer/flavor/FlavorInitProvider.class
/sdcard/BAI-Test-1-complete-fixed/build/intermediates/javac/release/compileReleaseJavaWithJavac/classes/com/sumon/bundleapp/installer/installer
/sdcard/BAI-Test-1-complete-fixed/build/intermediates/javac/release/compileReleaseJavaWithJavac/classes/com/sumon/bundleapp/installer/installer/ApkSourceBuilder.class
/sdcard/BAI-Test-1-complete-fixed/build/intermediates/javac/release/compileReleaseJavaWithJavac/classes/com/sumon/bundleapp/installer/installer/PackageInstallerProvider.class
/sdcard/BAI-Test-1-complete-fixed/build/intermediates/javac/release/compileReleaseJavaWithJavac/classes/com/sumon/bundleapp/installer/installer/QueuedInstallation.class
/sdcard/BAI-Test-1-complete-fixed/build/intermediates/javac/release/compileReleaseJavaWithJavac/classes/com/sumon/bundleapp/installer/installer/rooted
/sdcard/BAI-Test-1-complete-fixed/build/intermediates/javac/release/compileReleaseJavaWithJavac/classes/com/sumon/bundleapp/installer/installer/rooted/RootedSAIPackageInstaller.class
/sdcard/BAI-Test-1-complete-fixed/build/intermediates/javac/release/compileReleaseJavaWithJavac/classes/com/sumon/bundleapp/installer/installer/rootless
/sdcard/BAI-Test-1-complete-fixed/build/intermediates/javac/release/compileReleaseJavaWithJavac/classes/com/sumon/bundleapp/installer/installer/rootless/RootlessSAIPackageInstaller$1.class
/sdcard/BAI-Test-1-complete-fixed/build/intermediates/javac/release/compileReleaseJavaWithJavac/classes/com/sumon/bundleapp/installer/installer/rootless/RootlessSAIPackageInstaller.class
/sdcard/BAI-Test-1-complete-fixed/build/intermediates/javac/release/compileReleaseJavaWithJavac/classes/com/sumon/bundleapp/installer/installer/rootless/RootlessSAIPIService.class
/sdcard/BAI-Test-1-complete-fixed/build/intermediates/javac/release/compileReleaseJavaWithJavac/classes/com/sumon/bundleapp/installer/installer/SAIPackageInstaller$InstallationStatus.class
/sdcard/BAI-Test-1-complete-fixed/build/intermediates/javac/release/compileReleaseJavaWithJavac/classes/com/sumon/bundleapp/installer/installer/SAIPackageInstaller$InstallationStatusListener.class
/sdcard/BAI-Test-1-complete-fixed/build/intermediates/javac/release/compileReleaseJavaWithJavac/classes/com/sumon/bundleapp/installer/installer/SAIPackageInstaller.class
/sdcard/BAI-Test-1-complete-fixed/build/intermediates/javac/release/compileReleaseJavaWithJavac/classes/com/sumon/bundleapp/installer/installer/ShellSAIPackageInstaller$1.class
/sdcard/BAI-Test-1-complete-fixed/build/intermediates/javac/release/compileReleaseJavaWithJavac/classes/com/sumon/bundleapp/installer/installer/ShellSAIPackageInstaller.class
/sdcard/BAI-Test-1-complete-fixed/build/intermediates/javac/release/compileReleaseJavaWithJavac/classes/com/sumon/bundleapp/installer/installer/shizuku
/sdcard/BAI-Test-1-complete-fixed/build/intermediates/javac/release/compileReleaseJavaWithJavac/classes/com/sumon/bundleapp/installer/installer/shizuku/ShizukuSAIPackageInstaller.class
/sdcard/BAI-Test-1-complete-fixed/build/intermediates/javac/release/compileReleaseJavaWithJavac/classes/com/sumon/bundleapp/installer/installer2
/sdcard/BAI-Test-1-complete-fixed/build/intermediates/javac/release/compileReleaseJavaWithJavac/classes/com/sumon/bundleapp/installer/installer2/base
/sdcard/BAI-Test-1-complete-fixed/build/intermediates/javac/release/compileReleaseJavaWithJavac/classes/com/sumon/bundleapp/installer/installer2/base/model
/sdcard/BAI-Test-1-complete-fixed/build/intermediates/javac/release/compileReleaseJavaWithJavac/classes/com/sumon/bundleapp/installer/installer2/base/model/AndroidPackageInstallerError.class
/sdcard/BAI-Test-1-complete-fixed/build/intermediates/javac/release/compileReleaseJavaWithJavac/classes/com/sumon/bundleapp/installer/installer2/base/model/SaiPiSessionParams.class
/sdcard/BAI-Test-1-complete-fixed/build/intermediates/javac/release/compileReleaseJavaWithJavac/classes/com/sumon/bundleapp/installer/installer2/base/model/SaiPiSessionState$Builder.class
/sdcard/BAI-Test-1-complete-fixed/build/intermediates/javac/release/compileReleaseJavaWithJavac/classes/com/sumon/bundleapp/installer/installer2/base/model/SaiPiSessionState.class
/sdcard/BAI-Test-1-complete-fixed/build/intermediates/javac/release/compileReleaseJavaWithJavac/classes/com/sumon/bundleapp/installer/installer2/base/model/SaiPiSessionStatus.class
/sdcard/BAI-Test-1-complete-fixed/build/intermediates/javac/release/compileReleaseJavaWithJavac/classes/com/sumon/bundleapp/installer/installer2/base/SaiPackageInstaller.class
/sdcard/BAI-Test-1-complete-fixed/build/intermediates/javac/release/compileReleaseJavaWithJavac/classes/com/sumon/bundleapp/installer/installer2/base/SaiPiSessionObserver.class
/sdcard/BAI-Test-1-complete-fixed/build/intermediates/javac/release/compileReleaseJavaWithJavac/classes/com/sumon/bundleapp/installer/installer2/impl
/sdcard/BAI-Test-1-complete-fixed/build/intermediates/javac/release/compileReleaseJavaWithJavac/classes/com/sumon/bundleapp/installer/installer2/impl/BaseSaiPackageInstaller.class
/sdcard/BAI-Test-1-complete-fixed/build/intermediates/javac/release/compileReleaseJavaWithJavac/classes/com/sumon/bundleapp/installer/installer2/impl/FlexSaiPackageInstaller.class
/sdcard/BAI-Test-1-complete-fixed/build/intermediates/javac/release/compileReleaseJavaWithJavac/classes/com/sumon/bundleapp/installer/installer2/impl/rootless
/sdcard/BAI-Test-1-complete-fixed/build/intermediates/javac/release/compileReleaseJavaWithJavac/classes/com/sumon/bundleapp/installer/installer2/impl/rootless/ConfirmationIntentWrapperActivity2.class
/sdcard/BAI-Test-1-complete-fixed/build/intermediates/javac/release/compileReleaseJavaWithJavac/classes/com/sumon/bundleapp/installer/installer2/impl/rootless/RootlessSaiPackageInstaller.class
/sdcard/BAI-Test-1-complete-fixed/build/intermediates/javac/release/compileReleaseJavaWithJavac/classes/com/sumon/bundleapp/installer/installer2/impl/rootless/RootlessSaiPiBroadcastReceiver$EventObserver.class
/sdcard/BAI-Test-1-complete-fixed/build/intermediates/javac/release/compileReleaseJavaWithJavac/classes/com/sumon/bundleapp/installer/installer2/impl/rootless/RootlessSaiPiBroadcastReceiver.class
/sdcard/BAI-Test-1-complete-fixed/build/intermediates/javac/release/compileReleaseJavaWithJavac/classes/com/sumon/bundleapp/installer/installer2/impl/shell
/sdcard/BAI-Test-1-complete-fixed/build/intermediates/javac/release/compileReleaseJavaWithJavac/classes/com/sumon/bundleapp/installer/installer2/impl/shell/RootedSaiPackageInstaller.class
/sdcard/BAI-Test-1-complete-fixed/build/intermediates/javac/release/compileReleaseJavaWithJavac/classes/com/sumon/bundleapp/installer/installer2/impl/shell/ShellSaiPackageInstaller$1.class
/sdcard/BAI-Test-1-complete-fixed/build/intermediates/javac/release/compileReleaseJavaWithJavac/classes/com/sumon/bundleapp/installer/installer2/impl/shell/ShellSaiPackageInstaller.class
/sdcard/BAI-Test-1-complete-fixed/build/intermediates/javac/release/compileReleaseJavaWithJavac/classes/com/sumon/bundleapp/installer/installer2/impl/shell/ShizukuSaiPackageInstaller.class
/sdcard/BAI-Test-1-complete-fixed/build/intermediates/javac/release/compileReleaseJavaWithJavac/classes/com/sumon/bundleapp/installer/installerx
/sdcard/BAI-Test-1-complete-fixed/build/intermediates/javac/release/compileReleaseJavaWithJavac/classes/com/sumon/bundleapp/installer/installerx/common
/sdcard/BAI-Test-1-complete-fixed/build/intermediates/javac/release/compileReleaseJavaWithJavac/classes/com/sumon/bundleapp/installer/installerx/common/Category.class
/sdcard/BAI-Test-1-complete-fixed/build/intermediates/javac/release/compileReleaseJavaWithJavac/classes/com/sumon/bundleapp/installer/installerx/common/MutableSplitCategory.class
/sdcard/BAI-Test-1-complete-fixed/build/intermediates/javac/release/compileReleaseJavaWithJavac/classes/com/sumon/bundleapp/installer/installerx/common/MutableSplitPart.class
/sdcard/BAI-Test-1-complete-fixed/build/intermediates/javac/release/compileReleaseJavaWithJavac/classes/com/sumon/bundleapp/installer/installerx/common/ParserContext.class
/sdcard/BAI-Test-1-complete-fixed/build/intermediates/javac/release/compileReleaseJavaWithJavac/classes/com/sumon/bundleapp/installer/installerx/common/SealedSplitCategory.class
/sdcard/BAI-Test-1-complete-fixed/build/intermediates/javac/release/compileReleaseJavaWithJavac/classes/com/sumon/bundleapp/installer/installerx/common/SealedSplitPart.class
/sdcard/BAI-Test-1-complete-fixed/build/intermediates/javac/release/compileReleaseJavaWithJavac/classes/com/sumon/bundleapp/installer/installerx/common/SplitApkSourceMeta.class
/sdcard/BAI-Test-1-complete-fixed/build/intermediates/javac/release/compileReleaseJavaWithJavac/classes/com/sumon/bundleapp/installer/installerx/common/SplitCategory.class
/sdcard/BAI-Test-1-complete-fixed/build/intermediates/javac/release/compileReleaseJavaWithJavac/classes/com/sumon/bundleapp/installer/installerx/common/SplitPart.class
/sdcard/BAI-Test-1-complete-fixed/build/intermediates/javac/release/compileReleaseJavaWithJavac/classes/com/sumon/bundleapp/installer/installerx/postprocessing
/sdcard/BAI-Test-1-complete-fixed/build/intermediates/javac/release/compileReleaseJavaWithJavac/classes/com/sumon/bundleapp/installer/installerx/postprocessing/DeviceInfoAwarePostprocessor.class
/sdcard/BAI-Test-1-complete-fixed/build/intermediates/javac/release/compileReleaseJavaWithJavac/classes/com/sumon/bundleapp/installer/installerx/postprocessing/HugeAppWarningPostprocessor.class
/sdcard/BAI-Test-1-complete-fixed/build/intermediates/javac/release/compileReleaseJavaWithJavac/classes/com/sumon/bundleapp/installer/installerx/postprocessing/Postprocessor.class
/sdcard/BAI-Test-1-complete-fixed/build/intermediates/javac/release/compileReleaseJavaWithJavac/classes/com/sumon/bundleapp/installer/installerx/postprocessing/SortPostprocessor.class
/sdcard/BAI-Test-1-complete-fixed/build/intermediates/javac/release/compileReleaseJavaWithJavac/classes/com/sumon/bundleapp/installer/installerx/resolver
/sdcard/BAI-Test-1-complete-fixed/build/intermediates/javac/release/compileReleaseJavaWithJavac/classes/com/sumon/bundleapp/installer/installerx/resolver/appmeta
/sdcard/BAI-Test-1-complete-fixed/build/intermediates/javac/release/compileReleaseJavaWithJavac/classes/com/sumon/bundleapp/installer/installerx/resolver/appmeta/apkm
/sdcard/BAI-Test-1-complete-fixed/build/intermediates/javac/release/compileReleaseJavaWithJavac/classes/com/sumon/bundleapp/installer/installerx/resolver/appmeta/apkm/ApkmAppMetaExtractor.class
/sdcard/BAI-Test-1-complete-fixed/build/intermediates/javac/release/compileReleaseJavaWithJavac/classes/com/sumon/bundleapp/installer/installerx/resolver/appmeta/apks
/sdcard/BAI-Test-1-complete-fixed/build/intermediates/javac/release/compileReleaseJavaWithJavac/classes/com/sumon/bundleapp/installer/installerx/resolver/appmeta/apks/SaiAppMetaExtractor.class
/sdcard/BAI-Test-1-complete-fixed/build/intermediates/javac/release/compileReleaseJavaWithJavac/classes/com/sumon/bundleapp/installer/installerx/resolver/appmeta/AppMeta$Builder.class
/sdcard/BAI-Test-1-complete-fixed/build/intermediates/javac/release/compileReleaseJavaWithJavac/classes/com/sumon/bundleapp/installer/installerx/resolver/appmeta/AppMeta.class
/sdcard/BAI-Test-1-complete-fixed/build/intermediates/javac/release/compileReleaseJavaWithJavac/classes/com/sumon/bundleapp/installer/installerx/resolver/appmeta/AppMetaExtractor.class
/sdcard/BAI-Test-1-complete-fixed/build/intermediates/javac/release/compileReleaseJavaWithJavac/classes/com/sumon/bundleapp/installer/installerx/resolver/appmeta/brute
/sdcard/BAI-Test-1-complete-fixed/build/intermediates/javac/release/compileReleaseJavaWithJavac/classes/com/sumon/bundleapp/installer/installerx/resolver/appmeta/brute/BruteAppMetaExtractor.class
/sdcard/BAI-Test-1-complete-fixed/build/intermediates/javac/release/compileReleaseJavaWithJavac/classes/com/sumon/bundleapp/installer/installerx/resolver/appmeta/DefaultAppMetaExtractor.class
/sdcard/BAI-Test-1-complete-fixed/build/intermediates/javac/release/compileReleaseJavaWithJavac/classes/com/sumon/bundleapp/installer/installerx/resolver/appmeta/installedapp
/sdcard/BAI-Test-1-complete-fixed/build/intermediates/javac/release/compileReleaseJavaWithJavac/classes/com/sumon/bundleapp/installer/installerx/resolver/appmeta/installedapp/InstalledAppAppMetaExtractor.class
/sdcard/BAI-Test-1-complete-fixed/build/intermediates/javac/release/compileReleaseJavaWithJavac/classes/com/sumon/bundleapp/installer/installerx/resolver/appmeta/xapk
/sdcard/BAI-Test-1-complete-fixed/build/intermediates/javac/release/compileReleaseJavaWithJavac/classes/com/sumon/bundleapp/installer/installerx/resolver/appmeta/xapk/XapkAppMetaExtractor.class
/sdcard/BAI-Test-1-complete-fixed/build/intermediates/javac/release/compileReleaseJavaWithJavac/classes/com/sumon/bundleapp/installer/installerx/resolver/meta
/sdcard/BAI-Test-1-complete-fixed/build/intermediates/javac/release/compileReleaseJavaWithJavac/classes/com/sumon/bundleapp/installer/installerx/resolver/meta/ApkSourceFile$Entry.class
/sdcard/BAI-Test-1-complete-fixed/build/intermediates/javac/release/compileReleaseJavaWithJavac/classes/com/sumon/bundleapp/installer/installerx/resolver/meta/ApkSourceFile.class
/sdcard/BAI-Test-1-complete-fixed/build/intermediates/javac/release/compileReleaseJavaWithJavac/classes/com/sumon/bundleapp/installer/installerx/resolver/meta/ApkSourceMetaResolutionError.class
/sdcard/BAI-Test-1-complete-fixed/build/intermediates/javac/release/compileReleaseJavaWithJavac/classes/com/sumon/bundleapp/installer/installerx/resolver/meta/ApkSourceMetaResolutionResult.class
/sdcard/BAI-Test-1-complete-fixed/build/intermediates/javac/release/compileReleaseJavaWithJavac/classes/com/sumon/bundleapp/installer/installerx/resolver/meta/impl
/sdcard/BAI-Test-1-complete-fixed/build/intermediates/javac/release/compileReleaseJavaWithJavac/classes/com/sumon/bundleapp/installer/installerx/resolver/meta/impl/DefaultSplitApkSourceMetaResolver.class
/sdcard/BAI-Test-1-complete-fixed/build/intermediates/javac/release/compileReleaseJavaWithJavac/classes/com/sumon/bundleapp/installer/installerx/resolver/meta/impl/InstalledAppApkSourceFile.class
/sdcard/BAI-Test-1-complete-fixed/build/intermediates/javac/release/compileReleaseJavaWithJavac/classes/com/sumon/bundleapp/installer/installerx/resolver/meta/impl/ZipFileApkSourceFile$InternalEntry.class
/sdcard/BAI-Test-1-complete-fixed/build/intermediates/javac/release/compileReleaseJavaWithJavac/classes/com/sumon/bundleapp/installer/installerx/resolver/meta/impl/ZipFileApkSourceFile.class
/sdcard/BAI-Test-1-complete-fixed/build/intermediates/javac/release/compileReleaseJavaWithJavac/classes/com/sumon/bundleapp/installer/installerx/resolver/meta/Notice.class
/sdcard/BAI-Test-1-complete-fixed/build/intermediates/javac/release/compileReleaseJavaWithJavac/classes/com/sumon/bundleapp/installer/installerx/resolver/meta/SplitApkSourceMetaResolver.class
/sdcard/BAI-Test-1-complete-fixed/build/intermediates/javac/release/compileReleaseJavaWithJavac/classes/com/sumon/bundleapp/installer/installerx/resolver/urimess
/sdcard/BAI-Test-1-complete-fixed/build/intermediates/javac/release/compileReleaseJavaWithJavac/classes/com/sumon/bundleapp/installer/installerx/resolver/urimess/impl
/sdcard/BAI-Test-1-complete-fixed/build/intermediates/javac/release/compileReleaseJavaWithJavac/classes/com/sumon/bundleapp/installer/installerx/resolver/urimess/impl/AndroidUriHost$CopyFileUriAsFile.class
/sdcard/BAI-Test-1-complete-fixed/build/intermediates/javac/release/compileReleaseJavaWithJavac/classes/com/sumon/bundleapp/installer/installerx/resolver/urimess/impl/AndroidUriHost$ProcSelfFdUriAsFile.class
/sdcard/BAI-Test-1-complete-fixed/build/intermediates/javac/release/compileReleaseJavaWithJavac/classes/com/sumon/bundleapp/installer/installerx/resolver/urimess/impl/AndroidUriHost.class
/sdcard/BAI-Test-1-complete-fixed/build/intermediates/javac/release/compileReleaseJavaWithJavac/classes/com/sumon/bundleapp/installer/installerx/resolver/urimess/impl/DefaultUriMessResolver$MultipleApkFilesApkSourceFile$InternalEntry.class
/sdcard/BAI-Test-1-complete-fixed/build/intermediates/javac/release/compileReleaseJavaWithJavac/classes/com/sumon/bundleapp/installer/installerx/resolver/urimess/impl/DefaultUriMessResolver$MultipleApkFilesApkSourceFile.class
/sdcard/BAI-Test-1-complete-fixed/build/intermediates/javac/release/compileReleaseJavaWithJavac/classes/com/sumon/bundleapp/installer/installerx/resolver/urimess/impl/DefaultUriMessResolver.class
/sdcard/BAI-Test-1-complete-fixed/build/intermediates/javac/release/compileReleaseJavaWithJavac/classes/com/sumon/bundleapp/installer/installerx/resolver/urimess/SourceType.class
/sdcard/BAI-Test-1-complete-fixed/build/intermediates/javac/release/compileReleaseJavaWithJavac/classes/com/sumon/bundleapp/installer/installerx/resolver/urimess/UriHost$UriAsFile.class
/sdcard/BAI-Test-1-complete-fixed/build/intermediates/javac/release/compileReleaseJavaWithJavac/classes/com/sumon/bundleapp/installer/installerx/resolver/urimess/UriHost.class
/sdcard/BAI-Test-1-complete-fixed/build/intermediates/javac/release/compileReleaseJavaWithJavac/classes/com/sumon/bundleapp/installer/installerx/resolver/urimess/UriHostFactory.class
/sdcard/BAI-Test-1-complete-fixed/build/intermediates/javac/release/compileReleaseJavaWithJavac/classes/com/sumon/bundleapp/installer/installerx/resolver/urimess/UriMessResolutionError.class
/sdcard/BAI-Test-1-complete-fixed/build/intermediates/javac/release/compileReleaseJavaWithJavac/classes/com/sumon/bundleapp/installer/installerx/resolver/urimess/UriMessResolutionResult.class
/sdcard/BAI-Test-1-complete-fixed/build/intermediates/javac/release/compileReleaseJavaWithJavac/classes/com/sumon/bundleapp/installer/installerx/resolver/urimess/UriMessResolver.class
/sdcard/BAI-Test-1-complete-fixed/build/intermediates/javac/release/compileReleaseJavaWithJavac/classes/com/sumon/bundleapp/installer/installerx/splitmeta
/sdcard/BAI-Test-1-complete-fixed/build/intermediates/javac/release/compileReleaseJavaWithJavac/classes/com/sumon/bundleapp/installer/installerx/splitmeta/BaseSplitMeta.class
/sdcard/BAI-Test-1-complete-fixed/build/intermediates/javac/release/compileReleaseJavaWithJavac/classes/com/sumon/bundleapp/installer/installerx/splitmeta/config
/sdcard/BAI-Test-1-complete-fixed/build/intermediates/javac/release/compileReleaseJavaWithJavac/classes/com/sumon/bundleapp/installer/installerx/splitmeta/config/AbiConfigSplitMeta.class
/sdcard/BAI-Test-1-complete-fixed/build/intermediates/javac/release/compileReleaseJavaWithJavac/classes/com/sumon/bundleapp/installer/installerx/splitmeta/config/ConfigSplitMeta.class
/sdcard/BAI-Test-1-complete-fixed/build/intermediates/javac/release/compileReleaseJavaWithJavac/classes/com/sumon/bundleapp/installer/installerx/splitmeta/config/LocaleConfigSplitMeta.class
/sdcard/BAI-Test-1-complete-fixed/build/intermediates/javac/release/compileReleaseJavaWithJavac/classes/com/sumon/bundleapp/installer/installerx/splitmeta/config/ScreenDestinyConfigSplitMeta.class
/sdcard/BAI-Test-1-complete-fixed/build/intermediates/javac/release/compileReleaseJavaWithJavac/classes/com/sumon/bundleapp/installer/installerx/splitmeta/config/UnknownConfigSplitMeta.class
/sdcard/BAI-Test-1-complete-fixed/build/intermediates/javac/release/compileReleaseJavaWithJavac/classes/com/sumon/bundleapp/installer/installerx/splitmeta/FeatureSplitMeta.class
/sdcard/BAI-Test-1-complete-fixed/build/intermediates/javac/release/compileReleaseJavaWithJavac/classes/com/sumon/bundleapp/installer/installerx/splitmeta/SplitMeta.class
/sdcard/BAI-Test-1-complete-fixed/build/intermediates/javac/release/compileReleaseJavaWithJavac/classes/com/sumon/bundleapp/installer/installerx/splitmeta/UnknownSplitMeta.class
/sdcard/BAI-Test-1-complete-fixed/build/intermediates/javac/release/compileReleaseJavaWithJavac/classes/com/sumon/bundleapp/installer/installerx/util
/sdcard/BAI-Test-1-complete-fixed/build/intermediates/javac/release/compileReleaseJavaWithJavac/classes/com/sumon/bundleapp/installer/installerx/util/AndroidBinXmlParser$Attribute.class
/sdcard/BAI-Test-1-complete-fixed/build/intermediates/javac/release/compileReleaseJavaWithJavac/classes/com/sumon/bundleapp/installer/installerx/util/AndroidBinXmlParser$Chunk.class
/sdcard/BAI-Test-1-complete-fixed/build/intermediates/javac/release/compileReleaseJavaWithJavac/classes/com/sumon/bundleapp/installer/installerx/util/AndroidBinXmlParser$ResourceMap.class
/sdcard/BAI-Test-1-complete-fixed/build/intermediates/javac/release/compileReleaseJavaWithJavac/classes/com/sumon/bundleapp/installer/installerx/util/AndroidBinXmlParser$StringPool.class
/sdcard/BAI-Test-1-complete-fixed/build/intermediates/javac/release/compileReleaseJavaWithJavac/classes/com/sumon/bundleapp/installer/installerx/util/AndroidBinXmlParser$XmlParserException.class
/sdcard/BAI-Test-1-complete-fixed/build/intermediates/javac/release/compileReleaseJavaWithJavac/classes/com/sumon/bundleapp/installer/installerx/util/AndroidBinXmlParser.class
/sdcard/BAI-Test-1-complete-fixed/build/intermediates/javac/release/compileReleaseJavaWithJavac/classes/com/sumon/bundleapp/installer/legal
/sdcard/BAI-Test-1-complete-fixed/build/intermediates/javac/release/compileReleaseJavaWithJavac/classes/com/sumon/bundleapp/installer/legal/DefaultLegalStuffProvider.class
/sdcard/BAI-Test-1-complete-fixed/build/intermediates/javac/release/compileReleaseJavaWithJavac/classes/com/sumon/bundleapp/installer/legal/LegalStuffProvider.class
/sdcard/BAI-Test-1-complete-fixed/build/intermediates/javac/release/compileReleaseJavaWithJavac/classes/com/sumon/bundleapp/installer/model
/sdcard/BAI-Test-1-complete-fixed/build/intermediates/javac/release/compileReleaseJavaWithJavac/classes/com/sumon/bundleapp/installer/model/apksource
/sdcard/BAI-Test-1-complete-fixed/build/intermediates/javac/release/compileReleaseJavaWithJavac/classes/com/sumon/bundleapp/installer/model/apksource/ApkSource.class
/sdcard/BAI-Test-1-complete-fixed/build/intermediates/javac/release/compileReleaseJavaWithJavac/classes/com/sumon/bundleapp/installer/model/apksource/CopyToFileApkSource.class
/sdcard/BAI-Test-1-complete-fixed/build/intermediates/javac/release/compileReleaseJavaWithJavac/classes/com/sumon/bundleapp/installer/model/apksource/DefaultApkSource.class
/sdcard/BAI-Test-1-complete-fixed/build/intermediates/javac/release/compileReleaseJavaWithJavac/classes/com/sumon/bundleapp/installer/model/apksource/FilterApkSource.class
/sdcard/BAI-Test-1-complete-fixed/build/intermediates/javac/release/compileReleaseJavaWithJavac/classes/com/sumon/bundleapp/installer/model/apksource/SignerApkSource.class
/sdcard/BAI-Test-1-complete-fixed/build/intermediates/javac/release/compileReleaseJavaWithJavac/classes/com/sumon/bundleapp/installer/model/apksource/ZipApkSource$ZipInputStreamWrapper.class
/sdcard/BAI-Test-1-complete-fixed/build/intermediates/javac/release/compileReleaseJavaWithJavac/classes/com/sumon/bundleapp/installer/model/apksource/ZipApkSource.class
/sdcard/BAI-Test-1-complete-fixed/build/intermediates/javac/release/compileReleaseJavaWithJavac/classes/com/sumon/bundleapp/installer/model/apksource/ZipBackedApkSource.class
/sdcard/BAI-Test-1-complete-fixed/build/intermediates/javac/release/compileReleaseJavaWithJavac/classes/com/sumon/bundleapp/installer/model/apksource/ZipExtractorApkSource.class
/sdcard/BAI-Test-1-complete-fixed/build/intermediates/javac/release/compileReleaseJavaWithJavac/classes/com/sumon/bundleapp/installer/model/apksource/ZipFileApkSource.class
/sdcard/BAI-Test-1-complete-fixed/build/intermediates/javac/release/compileReleaseJavaWithJavac/classes/com/sumon/bundleapp/installer/model/backup
/sdcard/BAI-Test-1-complete-fixed/build/intermediates/javac/release/compileReleaseJavaWithJavac/classes/com/sumon/bundleapp/installer/model/backup/BackupNameFormatBuilder$Part.class
/sdcard/BAI-Test-1-complete-fixed/build/intermediates/javac/release/compileReleaseJavaWithJavac/classes/com/sumon/bundleapp/installer/model/backup/BackupNameFormatBuilder.class
/sdcard/BAI-Test-1-complete-fixed/build/intermediates/javac/release/compileReleaseJavaWithJavac/classes/com/sumon/bundleapp/installer/model/backup/BackupPackagesFilterConfig$BackupStatusFilterMode.class
/sdcard/BAI-Test-1-complete-fixed/build/intermediates/javac/release/compileReleaseJavaWithJavac/classes/com/sumon/bundleapp/installer/model/backup/BackupPackagesFilterConfig$SimpleFilterMode.class
/sdcard/BAI-Test-1-complete-fixed/build/intermediates/javac/release/compileReleaseJavaWithJavac/classes/com/sumon/bundleapp/installer/model/backup/BackupPackagesFilterConfig$SortMode.class
/sdcard/BAI-Test-1-complete-fixed/build/intermediates/javac/release/compileReleaseJavaWithJavac/classes/com/sumon/bundleapp/installer/model/backup/BackupPackagesFilterConfig.class
/sdcard/BAI-Test-1-complete-fixed/build/intermediates/javac/release/compileReleaseJavaWithJavac/classes/com/sumon/bundleapp/installer/model/backup/SaiExportedAppMeta.class
/sdcard/BAI-Test-1-complete-fixed/build/intermediates/javac/release/compileReleaseJavaWithJavac/classes/com/sumon/bundleapp/installer/model/backup/SaiExportedAppMeta2$BackupComponent.class
/sdcard/BAI-Test-1-complete-fixed/build/intermediates/javac/release/compileReleaseJavaWithJavac/classes/com/sumon/bundleapp/installer/model/backup/SaiExportedAppMeta2.class
/sdcard/BAI-Test-1-complete-fixed/build/intermediates/javac/release/compileReleaseJavaWithJavac/classes/com/sumon/bundleapp/installer/model/backup/SimpleAppFeature.class
/sdcard/BAI-Test-1-complete-fixed/build/intermediates/javac/release/compileReleaseJavaWithJavac/classes/com/sumon/bundleapp/installer/model/backup/SplitApkPart.class
/sdcard/BAI-Test-1-complete-fixed/build/intermediates/javac/release/compileReleaseJavaWithJavac/classes/com/sumon/bundleapp/installer/model/common
/sdcard/BAI-Test-1-complete-fixed/build/intermediates/javac/release/compileReleaseJavaWithJavac/classes/com/sumon/bundleapp/installer/model/common/AppFeature.class
/sdcard/BAI-Test-1-complete-fixed/build/intermediates/javac/release/compileReleaseJavaWithJavac/classes/com/sumon/bundleapp/installer/model/common/PackageMeta$1.class
/sdcard/BAI-Test-1-complete-fixed/build/intermediates/javac/release/compileReleaseJavaWithJavac/classes/com/sumon/bundleapp/installer/model/common/PackageMeta$Builder.class
/sdcard/BAI-Test-1-complete-fixed/build/intermediates/javac/release/compileReleaseJavaWithJavac/classes/com/sumon/bundleapp/installer/model/common/PackageMeta.class
/sdcard/BAI-Test-1-complete-fixed/build/intermediates/javac/release/compileReleaseJavaWithJavac/classes/com/sumon/bundleapp/installer/model/filedescriptor
/sdcard/BAI-Test-1-complete-fixed/build/intermediates/javac/release/compileReleaseJavaWithJavac/classes/com/sumon/bundleapp/installer/model/filedescriptor/ContentUriFileDescriptor$BadContentProviderException.class
/sdcard/BAI-Test-1-complete-fixed/build/intermediates/javac/release/compileReleaseJavaWithJavac/classes/com/sumon/bundleapp/installer/model/filedescriptor/ContentUriFileDescriptor.class
/sdcard/BAI-Test-1-complete-fixed/build/intermediates/javac/release/compileReleaseJavaWithJavac/classes/com/sumon/bundleapp/installer/model/filedescriptor/FileDescriptor.class
/sdcard/BAI-Test-1-complete-fixed/build/intermediates/javac/release/compileReleaseJavaWithJavac/classes/com/sumon/bundleapp/installer/model/filedescriptor/NormalFileDescriptor.class
/sdcard/BAI-Test-1-complete-fixed/build/intermediates/javac/release/compileReleaseJavaWithJavac/classes/com/sumon/bundleapp/installer/model/licenses
/sdcard/BAI-Test-1-complete-fixed/build/intermediates/javac/release/compileReleaseJavaWithJavac/classes/com/sumon/bundleapp/installer/model/licenses/License.class
/sdcard/BAI-Test-1-complete-fixed/build/intermediates/javac/release/compileReleaseJavaWithJavac/classes/com/sumon/bundleapp/installer/shell
/sdcard/BAI-Test-1-complete-fixed/build/intermediates/javac/release/compileReleaseJavaWithJavac/classes/com/sumon/bundleapp/installer/shell/PersistentShellSession$ProcessFactory.class
/sdcard/BAI-Test-1-complete-fixed/build/intermediates/javac/release/compileReleaseJavaWithJavac/classes/com/sumon/bundleapp/installer/shell/PersistentShellSession$Validator.class
/sdcard/BAI-Test-1-complete-fixed/build/intermediates/javac/release/compileReleaseJavaWithJavac/classes/com/sumon/bundleapp/installer/shell/PersistentShellSession.class
/sdcard/BAI-Test-1-complete-fixed/build/intermediates/javac/release/compileReleaseJavaWithJavac/classes/com/sumon/bundleapp/installer/shell/Shell$Command$Builder.class
/sdcard/BAI-Test-1-complete-fixed/build/intermediates/javac/release/compileReleaseJavaWithJavac/classes/com/sumon/bundleapp/installer/shell/Shell$Command.class
/sdcard/BAI-Test-1-complete-fixed/build/intermediates/javac/release/compileReleaseJavaWithJavac/classes/com/sumon/bundleapp/installer/shell/Shell$Result.class
/sdcard/BAI-Test-1-complete-fixed/build/intermediates/javac/release/compileReleaseJavaWithJavac/classes/com/sumon/bundleapp/installer/shell/Shell.class
/sdcard/BAI-Test-1-complete-fixed/build/intermediates/javac/release/compileReleaseJavaWithJavac/classes/com/sumon/bundleapp/installer/shell/ShizukuShell.class
/sdcard/BAI-Test-1-complete-fixed/build/intermediates/javac/release/compileReleaseJavaWithJavac/classes/com/sumon/bundleapp/installer/shell/SuShell.class
/sdcard/BAI-Test-1-complete-fixed/build/intermediates/javac/release/compileReleaseJavaWithJavac/classes/com/sumon/bundleapp/installer/shizuku
/sdcard/BAI-Test-1-complete-fixed/build/intermediates/javac/release/compileReleaseJavaWithJavac/classes/com/sumon/bundleapp/installer/shizuku/SuiInitProvider.class
/sdcard/BAI-Test-1-complete-fixed/build/intermediates/javac/release/compileReleaseJavaWithJavac/classes/com/sumon/bundleapp/installer/ui
/sdcard/BAI-Test-1-complete-fixed/build/intermediates/javac/release/compileReleaseJavaWithJavac/classes/com/sumon/bundleapp/installer/ui/activities
/sdcard/BAI-Test-1-complete-fixed/build/intermediates/javac/release/compileReleaseJavaWithJavac/classes/com/sumon/bundleapp/installer/ui/activities/AboutActivity.class
/sdcard/BAI-Test-1-complete-fixed/build/intermediates/javac/release/compileReleaseJavaWithJavac/classes/com/sumon/bundleapp/installer/ui/activities/ApkActionViewProxyActivity.class
/sdcard/BAI-Test-1-complete-fixed/build/intermediates/javac/release/compileReleaseJavaWithJavac/classes/com/sumon/bundleapp/installer/ui/activities/BackupManageAppActivity.class
/sdcard/BAI-Test-1-complete-fixed/build/intermediates/javac/release/compileReleaseJavaWithJavac/classes/com/sumon/bundleapp/installer/ui/activities/BackupSettingsActivity.class
/sdcard/BAI-Test-1-complete-fixed/build/intermediates/javac/release/compileReleaseJavaWithJavac/classes/com/sumon/bundleapp/installer/ui/activities/ConfirmationIntentWrapperActivity.class
/sdcard/BAI-Test-1-complete-fixed/build/intermediates/javac/release/compileReleaseJavaWithJavac/classes/com/sumon/bundleapp/installer/ui/activities/EulaActivity.class
/sdcard/BAI-Test-1-complete-fixed/build/intermediates/javac/release/compileReleaseJavaWithJavac/classes/com/sumon/bundleapp/installer/ui/activities/LicensesActivity.class
/sdcard/BAI-Test-1-complete-fixed/build/intermediates/javac/release/compileReleaseJavaWithJavac/classes/com/sumon/bundleapp/installer/ui/activities/MainActivity.class
/sdcard/BAI-Test-1-complete-fixed/build/intermediates/javac/release/compileReleaseJavaWithJavac/classes/com/sumon/bundleapp/installer/ui/activities/MiActivity.class
/sdcard/BAI-Test-1-complete-fixed/build/intermediates/javac/release/compileReleaseJavaWithJavac/classes/com/sumon/bundleapp/installer/ui/activities/PreferencesActivity.class
/sdcard/BAI-Test-1-complete-fixed/build/intermediates/javac/release/compileReleaseJavaWithJavac/classes/com/sumon/bundleapp/installer/ui/activities/ThemedActivity.class
/sdcard/BAI-Test-1-complete-fixed/build/intermediates/javac/release/compileReleaseJavaWithJavac/classes/com/sumon/bundleapp/installer/ui/dialogs
/sdcard/BAI-Test-1-complete-fixed/build/intermediates/javac/release/compileReleaseJavaWithJavac/classes/com/sumon/bundleapp/installer/ui/dialogs/AppInstalledDialogFragment.class
/sdcard/BAI-Test-1-complete-fixed/build/intermediates/javac/release/compileReleaseJavaWithJavac/classes/com/sumon/bundleapp/installer/ui/dialogs/BackupDialogFragment$1.class
/sdcard/BAI-Test-1-complete-fixed/build/intermediates/javac/release/compileReleaseJavaWithJavac/classes/com/sumon/bundleapp/installer/ui/dialogs/BackupDialogFragment.class
/sdcard/BAI-Test-1-complete-fixed/build/intermediates/javac/release/compileReleaseJavaWithJavac/classes/com/sumon/bundleapp/installer/ui/dialogs/base
/sdcard/BAI-Test-1-complete-fixed/build/intermediates/javac/release/compileReleaseJavaWithJavac/classes/com/sumon/bundleapp/installer/ui/dialogs/base/BaseBottomSheetDialogFragment$OnDismissListener.class
/sdcard/BAI-Test-1-complete-fixed/build/intermediates/javac/release/compileReleaseJavaWithJavac/classes/com/sumon/bundleapp/installer/ui/dialogs/base/BaseBottomSheetDialogFragment.class
/sdcard/BAI-Test-1-complete-fixed/build/intermediates/javac/release/compileReleaseJavaWithJavac/classes/com/sumon/bundleapp/installer/ui/dialogs/BatchBackupDialogFragment$OnBatchBackupEnqueuedListener.class
/sdcard/BAI-Test-1-complete-fixed/build/intermediates/javac/release/compileReleaseJavaWithJavac/classes/com/sumon/bundleapp/installer/ui/dialogs/BatchBackupDialogFragment.class
/sdcard/BAI-Test-1-complete-fixed/build/intermediates/javac/release/compileReleaseJavaWithJavac/classes/com/sumon/bundleapp/installer/ui/dialogs/DarkLightThemeSelectionDialogFragment$Mode.class
/sdcard/BAI-Test-1-complete-fixed/build/intermediates/javac/release/compileReleaseJavaWithJavac/classes/com/sumon/bundleapp/installer/ui/dialogs/DarkLightThemeSelectionDialogFragment$OnDarkLightThemesChosenListener.class
/sdcard/BAI-Test-1-complete-fixed/build/intermediates/javac/release/compileReleaseJavaWithJavac/classes/com/sumon/bundleapp/installer/ui/dialogs/DarkLightThemeSelectionDialogFragment.class
/sdcard/BAI-Test-1-complete-fixed/build/intermediates/javac/release/compileReleaseJavaWithJavac/classes/com/sumon/bundleapp/installer/ui/dialogs/DeleteBackupConfirmationDialog.class
/sdcard/BAI-Test-1-complete-fixed/build/intermediates/javac/release/compileReleaseJavaWithJavac/classes/com/sumon/bundleapp/installer/ui/dialogs/ErrorLogDialogFragment.class
/sdcard/BAI-Test-1-complete-fixed/build/intermediates/javac/release/compileReleaseJavaWithJavac/classes/com/sumon/bundleapp/installer/ui/dialogs/ErrorLogDialogFragment2.class
/sdcard/BAI-Test-1-complete-fixed/build/intermediates/javac/release/compileReleaseJavaWithJavac/classes/com/sumon/bundleapp/installer/ui/dialogs/FilePickerDialogFragment$OnFilesSelectedListener.class
/sdcard/BAI-Test-1-complete-fixed/build/intermediates/javac/release/compileReleaseJavaWithJavac/classes/com/sumon/bundleapp/installer/ui/dialogs/FilePickerDialogFragment.class
/sdcard/BAI-Test-1-complete-fixed/build/intermediates/javac/release/compileReleaseJavaWithJavac/classes/com/sumon/bundleapp/installer/ui/dialogs/InstallationConfirmationDialogFragment$ConfirmationListener.class
/sdcard/BAI-Test-1-complete-fixed/build/intermediates/javac/release/compileReleaseJavaWithJavac/classes/com/sumon/bundleapp/installer/ui/dialogs/InstallationConfirmationDialogFragment.class
/sdcard/BAI-Test-1-complete-fixed/build/intermediates/javac/release/compileReleaseJavaWithJavac/classes/com/sumon/bundleapp/installer/ui/dialogs/InstallerXDialogFragment$1.class
/sdcard/BAI-Test-1-complete-fixed/build/intermediates/javac/release/compileReleaseJavaWithJavac/classes/com/sumon/bundleapp/installer/ui/dialogs/InstallerXDialogFragment.class
/sdcard/BAI-Test-1-complete-fixed/build/intermediates/javac/release/compileReleaseJavaWithJavac/classes/com/sumon/bundleapp/installer/ui/dialogs/MiuiWarningDialogFragment.class
/sdcard/BAI-Test-1-complete-fixed/build/intermediates/javac/release/compileReleaseJavaWithJavac/classes/com/sumon/bundleapp/installer/ui/dialogs/NameFormatBuilderDialogFragment$OnFormatBuiltListener.class
/sdcard/BAI-Test-1-complete-fixed/build/intermediates/javac/release/compileReleaseJavaWithJavac/classes/com/sumon/bundleapp/installer/ui/dialogs/NameFormatBuilderDialogFragment.class
/sdcard/BAI-Test-1-complete-fixed/build/intermediates/javac/release/compileReleaseJavaWithJavac/classes/com/sumon/bundleapp/installer/ui/dialogs/OneTimeWarningDialogFragment.class
/sdcard/BAI-Test-1-complete-fixed/build/intermediates/javac/release/compileReleaseJavaWithJavac/classes/com/sumon/bundleapp/installer/ui/dialogs/RestoreBackupDialogFragment.class
/sdcard/BAI-Test-1-complete-fixed/build/intermediates/javac/release/compileReleaseJavaWithJavac/classes/com/sumon/bundleapp/installer/ui/dialogs/SimpleAlertDialogFragment$OnDismissListener.class
/sdcard/BAI-Test-1-complete-fixed/build/intermediates/javac/release/compileReleaseJavaWithJavac/classes/com/sumon/bundleapp/installer/ui/dialogs/SimpleAlertDialogFragment.class
/sdcard/BAI-Test-1-complete-fixed/build/intermediates/javac/release/compileReleaseJavaWithJavac/classes/com/sumon/bundleapp/installer/ui/dialogs/SingleChoiceListDialogFragment$DialogParams$1.class
/sdcard/BAI-Test-1-complete-fixed/build/intermediates/javac/release/compileReleaseJavaWithJavac/classes/com/sumon/bundleapp/installer/ui/dialogs/SingleChoiceListDialogFragment$DialogParams.class
/sdcard/BAI-Test-1-complete-fixed/build/intermediates/javac/release/compileReleaseJavaWithJavac/classes/com/sumon/bundleapp/installer/ui/dialogs/SingleChoiceListDialogFragment$ItemsAdapter$ViewHolder.class
/sdcard/BAI-Test-1-complete-fixed/build/intermediates/javac/release/compileReleaseJavaWithJavac/classes/com/sumon/bundleapp/installer/ui/dialogs/SingleChoiceListDialogFragment$ItemsAdapter.class
/sdcard/BAI-Test-1-complete-fixed/build/intermediates/javac/release/compileReleaseJavaWithJavac/classes/com/sumon/bundleapp/installer/ui/dialogs/SingleChoiceListDialogFragment$OnItemSelectedListener.class
/sdcard/BAI-Test-1-complete-fixed/build/intermediates/javac/release/compileReleaseJavaWithJavac/classes/com/sumon/bundleapp/installer/ui/dialogs/SingleChoiceListDialogFragment.class
/sdcard/BAI-Test-1-complete-fixed/build/intermediates/javac/release/compileReleaseJavaWithJavac/classes/com/sumon/bundleapp/installer/ui/dialogs/ThemeSelectionDialogFragment$Mode.class
/sdcard/BAI-Test-1-complete-fixed/build/intermediates/javac/release/compileReleaseJavaWithJavac/classes/com/sumon/bundleapp/installer/ui/dialogs/ThemeSelectionDialogFragment$OnThemeChosenListener.class
/sdcard/BAI-Test-1-complete-fixed/build/intermediates/javac/release/compileReleaseJavaWithJavac/classes/com/sumon/bundleapp/installer/ui/dialogs/ThemeSelectionDialogFragment.class
/sdcard/BAI-Test-1-complete-fixed/build/intermediates/javac/release/compileReleaseJavaWithJavac/classes/com/sumon/bundleapp/installer/ui/dialogs/UriDirectoryPickerDialogFragment$OnDirectoryPickedListener.class
/sdcard/BAI-Test-1-complete-fixed/build/intermediates/javac/release/compileReleaseJavaWithJavac/classes/com/sumon/bundleapp/installer/ui/dialogs/UriDirectoryPickerDialogFragment.class
/sdcard/BAI-Test-1-complete-fixed/build/intermediates/javac/release/compileReleaseJavaWithJavac/classes/com/sumon/bundleapp/installer/ui/fragments
/sdcard/BAI-Test-1-complete-fixed/build/intermediates/javac/release/compileReleaseJavaWithJavac/classes/com/sumon/bundleapp/installer/ui/fragments/BackupFragment$1.class
/sdcard/BAI-Test-1-complete-fixed/build/intermediates/javac/release/compileReleaseJavaWithJavac/classes/com/sumon/bundleapp/installer/ui/fragments/BackupFragment$2.class
/sdcard/BAI-Test-1-complete-fixed/build/intermediates/javac/release/compileReleaseJavaWithJavac/classes/com/sumon/bundleapp/installer/ui/fragments/BackupFragment$3.class
/sdcard/BAI-Test-1-complete-fixed/build/intermediates/javac/release/compileReleaseJavaWithJavac/classes/com/sumon/bundleapp/installer/ui/fragments/BackupFragment.class
/sdcard/BAI-Test-1-complete-fixed/build/intermediates/javac/release/compileReleaseJavaWithJavac/classes/com/sumon/bundleapp/installer/ui/fragments/BackupManageAppFragment$1.class
/sdcard/BAI-Test-1-complete-fixed/build/intermediates/javac/release/compileReleaseJavaWithJavac/classes/com/sumon/bundleapp/installer/ui/fragments/BackupManageAppFragment$DismissDelegate.class
/sdcard/BAI-Test-1-complete-fixed/build/intermediates/javac/release/compileReleaseJavaWithJavac/classes/com/sumon/bundleapp/installer/ui/fragments/BackupManageAppFragment.class
/sdcard/BAI-Test-1-complete-fixed/build/intermediates/javac/release/compileReleaseJavaWithJavac/classes/com/sumon/bundleapp/installer/ui/fragments/Installer2Fragment.class
/sdcard/BAI-Test-1-complete-fixed/build/intermediates/javac/release/compileReleaseJavaWithJavac/classes/com/sumon/bundleapp/installer/ui/fragments/InstallerFragment.class
/sdcard/BAI-Test-1-complete-fixed/build/intermediates/javac/release/compileReleaseJavaWithJavac/classes/com/sumon/bundleapp/installer/ui/fragments/LegacyInstallerFragment$1.class
/sdcard/BAI-Test-1-complete-fixed/build/intermediates/javac/release/compileReleaseJavaWithJavac/classes/com/sumon/bundleapp/installer/ui/fragments/LegacyInstallerFragment.class
/sdcard/BAI-Test-1-complete-fixed/build/intermediates/javac/release/compileReleaseJavaWithJavac/classes/com/sumon/bundleapp/installer/ui/fragments/miui
/sdcard/BAI-Test-1-complete-fixed/build/intermediates/javac/release/compileReleaseJavaWithJavac/classes/com/sumon/bundleapp/installer/ui/fragments/miui/MiEntryFragment$OnContinueListener.class
/sdcard/BAI-Test-1-complete-fixed/build/intermediates/javac/release/compileReleaseJavaWithJavac/classes/com/sumon/bundleapp/installer/ui/fragments/miui/MiEntryFragment.class
/sdcard/BAI-Test-1-complete-fixed/build/intermediates/javac/release/compileReleaseJavaWithJavac/classes/com/sumon/bundleapp/installer/ui/fragments/PreferencesFragment.class
/sdcard/BAI-Test-1-complete-fixed/build/intermediates/javac/release/compileReleaseJavaWithJavac/classes/com/sumon/bundleapp/installer/ui/fragments/SaiBaseFragment.class
/sdcard/BAI-Test-1-complete-fixed/build/intermediates/javac/release/compileReleaseJavaWithJavac/classes/com/sumon/bundleapp/installer/ui/fragments/SuperSecretPreferencesFragment.class
/sdcard/BAI-Test-1-complete-fixed/build/intermediates/javac/release/compileReleaseJavaWithJavac/classes/com/sumon/bundleapp/installer/ui/recycler
/sdcard/BAI-Test-1-complete-fixed/build/intermediates/javac/release/compileReleaseJavaWithJavac/classes/com/sumon/bundleapp/installer/ui/recycler/InstallerXAdapterDividerItemDecoration.class
/sdcard/BAI-Test-1-complete-fixed/build/intermediates/javac/release/compileReleaseJavaWithJavac/classes/com/sumon/bundleapp/installer/ui/recycler/RecyclerPaddingDecoration.class
/sdcard/BAI-Test-1-complete-fixed/build/intermediates/javac/release/compileReleaseJavaWithJavac/classes/com/sumon/bundleapp/installer/utils
/sdcard/BAI-Test-1-complete-fixed/build/intermediates/javac/release/compileReleaseJavaWithJavac/classes/com/sumon/bundleapp/installer/utils/AlertsUtils.class
/sdcard/BAI-Test-1-complete-fixed/build/intermediates/javac/release/compileReleaseJavaWithJavac/classes/com/sumon/bundleapp/installer/utils/BackupNameFormat.class
/sdcard/BAI-Test-1-complete-fixed/build/intermediates/javac/release/compileReleaseJavaWithJavac/classes/com/sumon/bundleapp/installer/utils/BiConsumer.class
/sdcard/BAI-Test-1-complete-fixed/build/intermediates/javac/release/compileReleaseJavaWithJavac/classes/com/sumon/bundleapp/installer/utils/DbgPreferencesHelper.class
/sdcard/BAI-Test-1-complete-fixed/build/intermediates/javac/release/compileReleaseJavaWithJavac/classes/com/sumon/bundleapp/installer/utils/DbgPreferencesKeys.class
/sdcard/BAI-Test-1-complete-fixed/build/intermediates/javac/release/compileReleaseJavaWithJavac/classes/com/sumon/bundleapp/installer/utils/Event.class
/sdcard/BAI-Test-1-complete-fixed/build/intermediates/javac/release/compileReleaseJavaWithJavac/classes/com/sumon/bundleapp/installer/utils/Event2.class
/sdcard/BAI-Test-1-complete-fixed/build/intermediates/javac/release/compileReleaseJavaWithJavac/classes/com/sumon/bundleapp/installer/utils/FragmentNavigator$FragmentFactory.class
/sdcard/BAI-Test-1-complete-fixed/build/intermediates/javac/release/compileReleaseJavaWithJavac/classes/com/sumon/bundleapp/installer/utils/FragmentNavigator.class
/sdcard/BAI-Test-1-complete-fixed/build/intermediates/javac/release/compileReleaseJavaWithJavac/classes/com/sumon/bundleapp/installer/utils/InsetsUtils$1.class
/sdcard/BAI-Test-1-complete-fixed/build/intermediates/javac/release/compileReleaseJavaWithJavac/classes/com/sumon/bundleapp/installer/utils/InsetsUtils.class
/sdcard/BAI-Test-1-complete-fixed/build/intermediates/javac/release/compileReleaseJavaWithJavac/classes/com/sumon/bundleapp/installer/utils/IOUtils.class
/sdcard/BAI-Test-1-complete-fixed/build/intermediates/javac/release/compileReleaseJavaWithJavac/classes/com/sumon/bundleapp/installer/utils/Locker.class
/sdcard/BAI-Test-1-complete-fixed/build/intermediates/javac/release/compileReleaseJavaWithJavac/classes/com/sumon/bundleapp/installer/utils/Logs.class
/sdcard/BAI-Test-1-complete-fixed/build/intermediates/javac/release/compileReleaseJavaWithJavac/classes/com/sumon/bundleapp/installer/utils/MapBackedLocker$ConcurrentHashMapLocker.class
/sdcard/BAI-Test-1-complete-fixed/build/intermediates/javac/release/compileReleaseJavaWithJavac/classes/com/sumon/bundleapp/installer/utils/MapBackedLocker$HashMapLocker.class
/sdcard/BAI-Test-1-complete-fixed/build/intermediates/javac/release/compileReleaseJavaWithJavac/classes/com/sumon/bundleapp/installer/utils/MapBackedLocker.class
/sdcard/BAI-Test-1-complete-fixed/build/intermediates/javac/release/compileReleaseJavaWithJavac/classes/com/sumon/bundleapp/installer/utils/MathUtils.class
/sdcard/BAI-Test-1-complete-fixed/build/intermediates/javac/release/compileReleaseJavaWithJavac/classes/com/sumon/bundleapp/installer/utils/MiuiUtils.class
/sdcard/BAI-Test-1-complete-fixed/build/intermediates/javac/release/compileReleaseJavaWithJavac/classes/com/sumon/bundleapp/installer/utils/NotificationHelper.class
/sdcard/BAI-Test-1-complete-fixed/build/intermediates/javac/release/compileReleaseJavaWithJavac/classes/com/sumon/bundleapp/installer/utils/PermissionsUtils.class
/sdcard/BAI-Test-1-complete-fixed/build/intermediates/javac/release/compileReleaseJavaWithJavac/classes/com/sumon/bundleapp/installer/utils/PreferencesHelper.class
/sdcard/BAI-Test-1-complete-fixed/build/intermediates/javac/release/compileReleaseJavaWithJavac/classes/com/sumon/bundleapp/installer/utils/PreferencesKeys.class
/sdcard/BAI-Test-1-complete-fixed/build/intermediates/javac/release/compileReleaseJavaWithJavac/classes/com/sumon/bundleapp/installer/utils/PreferencesValues.class
/sdcard/BAI-Test-1-complete-fixed/build/intermediates/javac/release/compileReleaseJavaWithJavac/classes/com/sumon/bundleapp/installer/utils/RwLock.class
/sdcard/BAI-Test-1-complete-fixed/build/intermediates/javac/release/compileReleaseJavaWithJavac/classes/com/sumon/bundleapp/installer/utils/saf
/sdcard/BAI-Test-1-complete-fixed/build/intermediates/javac/release/compileReleaseJavaWithJavac/classes/com/sumon/bundleapp/installer/utils/saf/FileUtils.class
/sdcard/BAI-Test-1-complete-fixed/build/intermediates/javac/release/compileReleaseJavaWithJavac/classes/com/sumon/bundleapp/installer/utils/saf/SafUtils.class
/sdcard/BAI-Test-1-complete-fixed/build/intermediates/javac/release/compileReleaseJavaWithJavac/classes/com/sumon/bundleapp/installer/utils/SimpleAsyncTask.class
/sdcard/BAI-Test-1-complete-fixed/build/intermediates/javac/release/compileReleaseJavaWithJavac/classes/com/sumon/bundleapp/installer/utils/Stopwatch.class
/sdcard/BAI-Test-1-complete-fixed/build/intermediates/javac/release/compileReleaseJavaWithJavac/classes/com/sumon/bundleapp/installer/utils/TextUtils.class
/sdcard/BAI-Test-1-complete-fixed/build/intermediates/javac/release/compileReleaseJavaWithJavac/classes/com/sumon/bundleapp/installer/utils/Theme$Mode.class
/sdcard/BAI-Test-1-complete-fixed/build/intermediates/javac/release/compileReleaseJavaWithJavac/classes/com/sumon/bundleapp/installer/utils/Theme$ThemeDescriptor.class
/sdcard/BAI-Test-1-complete-fixed/build/intermediates/javac/release/compileReleaseJavaWithJavac/classes/com/sumon/bundleapp/installer/utils/Theme.class
/sdcard/BAI-Test-1-complete-fixed/build/intermediates/javac/release/compileReleaseJavaWithJavac/classes/com/sumon/bundleapp/installer/utils/TriConsumer.class
/sdcard/BAI-Test-1-complete-fixed/build/intermediates/javac/release/compileReleaseJavaWithJavac/classes/com/sumon/bundleapp/installer/utils/Utils.class
/sdcard/BAI-Test-1-complete-fixed/build/intermediates/javac/release/compileReleaseJavaWithJavac/classes/com/sumon/bundleapp/installer/view
/sdcard/BAI-Test-1-complete-fixed/build/intermediates/javac/release/compileReleaseJavaWithJavac/classes/com/sumon/bundleapp/installer/view/coolbar
/sdcard/BAI-Test-1-complete-fixed/build/intermediates/javac/release/compileReleaseJavaWithJavac/classes/com/sumon/bundleapp/installer/view/coolbar/Coolbar$CoolbarOutlineProvider.class
/sdcard/BAI-Test-1-complete-fixed/build/intermediates/javac/release/compileReleaseJavaWithJavac/classes/com/sumon/bundleapp/installer/view/coolbar/Coolbar$LayoutParams.class
/sdcard/BAI-Test-1-complete-fixed/build/intermediates/javac/release/compileReleaseJavaWithJavac/classes/com/sumon/bundleapp/installer/view/coolbar/Coolbar.class
/sdcard/BAI-Test-1-complete-fixed/build/intermediates/javac/release/compileReleaseJavaWithJavac/classes/com/sumon/bundleapp/installer/view/NonInteractiveRecyclerView.class
/sdcard/BAI-Test-1-complete-fixed/build/intermediates/javac/release/compileReleaseJavaWithJavac/classes/com/sumon/bundleapp/installer/view/ThemeView.class
/sdcard/BAI-Test-1-complete-fixed/build/intermediates/javac/release/compileReleaseJavaWithJavac/classes/com/sumon/bundleapp/installer/view/ViewSwitcherLayout.class
/sdcard/BAI-Test-1-complete-fixed/build/intermediates/javac/release/compileReleaseJavaWithJavac/classes/com/sumon/bundleapp/installer/viewmodels
/sdcard/BAI-Test-1-complete-fixed/build/intermediates/javac/release/compileReleaseJavaWithJavac/classes/com/sumon/bundleapp/installer/viewmodels/BackupDialogViewModel$LoadingState.class
/sdcard/BAI-Test-1-complete-fixed/build/intermediates/javac/release/compileReleaseJavaWithJavac/classes/com/sumon/bundleapp/installer/viewmodels/BackupDialogViewModel$LoadPackageTask.class
/sdcard/BAI-Test-1-complete-fixed/build/intermediates/javac/release/compileReleaseJavaWithJavac/classes/com/sumon/bundleapp/installer/viewmodels/BackupDialogViewModel.class
/sdcard/BAI-Test-1-complete-fixed/build/intermediates/javac/release/compileReleaseJavaWithJavac/classes/com/sumon/bundleapp/installer/viewmodels/BackupManageAppViewModel.class
/sdcard/BAI-Test-1-complete-fixed/build/intermediates/javac/release/compileReleaseJavaWithJavac/classes/com/sumon/bundleapp/installer/viewmodels/BackupViewModel$BackupCustomFilterFactory$1.class
/sdcard/BAI-Test-1-complete-fixed/build/intermediates/javac/release/compileReleaseJavaWithJavac/classes/com/sumon/bundleapp/installer/viewmodels/BackupViewModel$BackupCustomFilterFactory$2.class
/sdcard/BAI-Test-1-complete-fixed/build/intermediates/javac/release/compileReleaseJavaWithJavac/classes/com/sumon/bundleapp/installer/viewmodels/BackupViewModel$BackupCustomFilterFactory$3.class
/sdcard/BAI-Test-1-complete-fixed/build/intermediates/javac/release/compileReleaseJavaWithJavac/classes/com/sumon/bundleapp/installer/viewmodels/BackupViewModel$BackupCustomFilterFactory$4.class
/sdcard/BAI-Test-1-complete-fixed/build/intermediates/javac/release/compileReleaseJavaWithJavac/classes/com/sumon/bundleapp/installer/viewmodels/BackupViewModel$BackupCustomFilterFactory.class
/sdcard/BAI-Test-1-complete-fixed/build/intermediates/javac/release/compileReleaseJavaWithJavac/classes/com/sumon/bundleapp/installer/viewmodels/BackupViewModel$SearchFilter.class
/sdcard/BAI-Test-1-complete-fixed/build/intermediates/javac/release/compileReleaseJavaWithJavac/classes/com/sumon/bundleapp/installer/viewmodels/BackupViewModel.class
/sdcard/BAI-Test-1-complete-fixed/build/intermediates/javac/release/compileReleaseJavaWithJavac/classes/com/sumon/bundleapp/installer/viewmodels/BatchBackupDialogViewModel.class
/sdcard/BAI-Test-1-complete-fixed/build/intermediates/javac/release/compileReleaseJavaWithJavac/classes/com/sumon/bundleapp/installer/viewmodels/DarkLightThemeSelectionViewModel.class
/sdcard/BAI-Test-1-complete-fixed/build/intermediates/javac/release/compileReleaseJavaWithJavac/classes/com/sumon/bundleapp/installer/viewmodels/factory
/sdcard/BAI-Test-1-complete-fixed/build/intermediates/javac/release/compileReleaseJavaWithJavac/classes/com/sumon/bundleapp/installer/viewmodels/factory/BackupManageAppViewModelFactory.class
/sdcard/BAI-Test-1-complete-fixed/build/intermediates/javac/release/compileReleaseJavaWithJavac/classes/com/sumon/bundleapp/installer/viewmodels/factory/BatchBackupDialogViewModelFactory.class
/sdcard/BAI-Test-1-complete-fixed/build/intermediates/javac/release/compileReleaseJavaWithJavac/classes/com/sumon/bundleapp/installer/viewmodels/factory/InstallerXDialogViewModelFactory.class
/sdcard/BAI-Test-1-complete-fixed/build/intermediates/javac/release/compileReleaseJavaWithJavac/classes/com/sumon/bundleapp/installer/viewmodels/InstallerViewModel$1.class
/sdcard/BAI-Test-1-complete-fixed/build/intermediates/javac/release/compileReleaseJavaWithJavac/classes/com/sumon/bundleapp/installer/viewmodels/InstallerViewModel.class
/sdcard/BAI-Test-1-complete-fixed/build/intermediates/javac/release/compileReleaseJavaWithJavac/classes/com/sumon/bundleapp/installer/viewmodels/InstallerXDialogViewModel$LoadMetaTask.class
/sdcard/BAI-Test-1-complete-fixed/build/intermediates/javac/release/compileReleaseJavaWithJavac/classes/com/sumon/bundleapp/installer/viewmodels/InstallerXDialogViewModel$LoadMetaTaskInput.class
/sdcard/BAI-Test-1-complete-fixed/build/intermediates/javac/release/compileReleaseJavaWithJavac/classes/com/sumon/bundleapp/installer/viewmodels/InstallerXDialogViewModel$LoadMetaTaskResult.class
/sdcard/BAI-Test-1-complete-fixed/build/intermediates/javac/release/compileReleaseJavaWithJavac/classes/com/sumon/bundleapp/installer/viewmodels/InstallerXDialogViewModel$State.class
/sdcard/BAI-Test-1-complete-fixed/build/intermediates/javac/release/compileReleaseJavaWithJavac/classes/com/sumon/bundleapp/installer/viewmodels/InstallerXDialogViewModel$Warning.class
/sdcard/BAI-Test-1-complete-fixed/build/intermediates/javac/release/compileReleaseJavaWithJavac/classes/com/sumon/bundleapp/installer/viewmodels/InstallerXDialogViewModel.class
/sdcard/BAI-Test-1-complete-fixed/build/intermediates/javac/release/compileReleaseJavaWithJavac/classes/com/sumon/bundleapp/installer/viewmodels/LegacyInstallerViewModel$1.class
/sdcard/BAI-Test-1-complete-fixed/build/intermediates/javac/release/compileReleaseJavaWithJavac/classes/com/sumon/bundleapp/installer/viewmodels/LegacyInstallerViewModel$InstallerState.class
/sdcard/BAI-Test-1-complete-fixed/build/intermediates/javac/release/compileReleaseJavaWithJavac/classes/com/sumon/bundleapp/installer/viewmodels/LegacyInstallerViewModel.class
/sdcard/BAI-Test-1-complete-fixed/build/intermediates/javac/release/compileReleaseJavaWithJavac/classes/com/sumon/bundleapp/installer/viewmodels/LicensesViewModel.class
/sdcard/BAI-Test-1-complete-fixed/build/intermediates/javac/release/compileReleaseJavaWithJavac/classes/com/sumon/bundleapp/installer/viewmodels/MiEntryViewModel.class
/sdcard/BAI-Test-1-complete-fixed/build/intermediates/javac/release/compileReleaseJavaWithJavac/classes/com/sumon/bundleapp/installer/viewmodels/NameFormatBuilderViewModel$Factory.class
/sdcard/BAI-Test-1-complete-fixed/build/intermediates/javac/release/compileReleaseJavaWithJavac/classes/com/sumon/bundleapp/installer/viewmodels/NameFormatBuilderViewModel.class
/sdcard/BAI-Test-1-complete-fixed/build/intermediates/java_res
/sdcard/BAI-Test-1-complete-fixed/build/intermediates/java_res/debug
/sdcard/BAI-Test-1-complete-fixed/build/intermediates/java_res/debug/processDebugJavaRes
/sdcard/BAI-Test-1-complete-fixed/build/intermediates/java_res/debug/processDebugJavaRes/out
/sdcard/BAI-Test-1-complete-fixed/build/intermediates/java_res/debug/processDebugJavaRes/out/com
/sdcard/BAI-Test-1-complete-fixed/build/intermediates/java_res/debug/processDebugJavaRes/out/com/aefyr
/sdcard/BAI-Test-1-complete-fixed/build/intermediates/java_res/debug/processDebugJavaRes/out/com/aefyr/flexfilter
/sdcard/BAI-Test-1-complete-fixed/build/intermediates/java_res/debug/processDebugJavaRes/out/com/aefyr/flexfilter/applier
/sdcard/BAI-Test-1-complete-fixed/build/intermediates/java_res/debug/processDebugJavaRes/out/com/aefyr/flexfilter/builtin
/sdcard/BAI-Test-1-complete-fixed/build/intermediates/java_res/debug/processDebugJavaRes/out/com/aefyr/flexfilter/builtin/filter
/sdcard/BAI-Test-1-complete-fixed/build/intermediates/java_res/debug/processDebugJavaRes/out/com/aefyr/flexfilter/builtin/filter/singlechoice
/sdcard/BAI-Test-1-complete-fixed/build/intermediates/java_res/debug/processDebugJavaRes/out/com/aefyr/flexfilter/builtin/filter/sort
/sdcard/BAI-Test-1-complete-fixed/build/intermediates/java_res/debug/processDebugJavaRes/out/com/aefyr/flexfilter/config
/sdcard/BAI-Test-1-complete-fixed/build/intermediates/java_res/debug/processDebugJavaRes/out/com/aefyr/flexfilter/config/core
/sdcard/BAI-Test-1-complete-fixed/build/intermediates/java_res/debug/processDebugJavaRes/out/com/aefyr/flexfilter/ui
/sdcard/BAI-Test-1-complete-fixed/build/intermediates/java_res/debug/processDebugJavaRes/out/com/aefyr/pseudoapksigner
/sdcard/BAI-Test-1-complete-fixed/build/intermediates/java_res/debug/processDebugJavaRes/out/com/sumon
/sdcard/BAI-Test-1-complete-fixed/build/intermediates/java_res/debug/processDebugJavaRes/out/com/sumon/bundleapp
/sdcard/BAI-Test-1-complete-fixed/build/intermediates/java_res/debug/processDebugJavaRes/out/com/sumon/bundleapp/installer
/sdcard/BAI-Test-1-complete-fixed/build/intermediates/java_res/debug/processDebugJavaRes/out/com/sumon/bundleapp/installer/adapters
/sdcard/BAI-Test-1-complete-fixed/build/intermediates/java_res/debug/processDebugJavaRes/out/com/sumon/bundleapp/installer/adapters/selection
/sdcard/BAI-Test-1-complete-fixed/build/intermediates/java_res/debug/processDebugJavaRes/out/com/sumon/bundleapp/installer/analytics
/sdcard/BAI-Test-1-complete-fixed/build/intermediates/java_res/debug/processDebugJavaRes/out/com/sumon/bundleapp/installer/backup2
/sdcard/BAI-Test-1-complete-fixed/build/intermediates/java_res/debug/processDebugJavaRes/out/com/sumon/bundleapp/installer/backup2/backuptask
/sdcard/BAI-Test-1-complete-fixed/build/intermediates/java_res/debug/processDebugJavaRes/out/com/sumon/bundleapp/installer/backup2/backuptask/config
/sdcard/BAI-Test-1-complete-fixed/build/intermediates/java_res/debug/processDebugJavaRes/out/com/sumon/bundleapp/installer/backup2/backuptask/executor
/sdcard/BAI-Test-1-complete-fixed/build/intermediates/java_res/debug/processDebugJavaRes/out/com/sumon/bundleapp/installer/backup2/impl
/sdcard/BAI-Test-1-complete-fixed/build/intermediates/java_res/debug/processDebugJavaRes/out/com/sumon/bundleapp/installer/backup2/impl/components
/sdcard/BAI-Test-1-complete-fixed/build/intermediates/java_res/debug/processDebugJavaRes/out/com/sumon/bundleapp/installer/backup2/impl/db
/sdcard/BAI-Test-1-complete-fixed/build/intermediates/java_res/debug/processDebugJavaRes/out/com/sumon/bundleapp/installer/backup2/impl/local
/sdcard/BAI-Test-1-complete-fixed/build/intermediates/java_res/debug/processDebugJavaRes/out/com/sumon/bundleapp/installer/backup2/impl/local/prefs
/sdcard/BAI-Test-1-complete-fixed/build/intermediates/java_res/debug/processDebugJavaRes/out/com/sumon/bundleapp/installer/backup2/impl/local/ui
/sdcard/BAI-Test-1-complete-fixed/build/intermediates/java_res/debug/processDebugJavaRes/out/com/sumon/bundleapp/installer/backup2/impl/local/ui/fragments
/sdcard/BAI-Test-1-complete-fixed/build/intermediates/java_res/debug/processDebugJavaRes/out/com/sumon/bundleapp/installer/backup2/impl/local/ui/viewmodels
/sdcard/BAI-Test-1-complete-fixed/build/intermediates/java_res/debug/processDebugJavaRes/out/com/sumon/bundleapp/installer/backup2/impl/storage
/sdcard/BAI-Test-1-complete-fixed/build/intermediates/java_res/debug/processDebugJavaRes/out/com/sumon/bundleapp/installer/common
/sdcard/BAI-Test-1-complete-fixed/build/intermediates/java_res/debug/processDebugJavaRes/out/com/sumon/bundleapp/installer/flavor
/sdcard/BAI-Test-1-complete-fixed/build/intermediates/java_res/debug/processDebugJavaRes/out/com/sumon/bundleapp/installer/installer
/sdcard/BAI-Test-1-complete-fixed/build/intermediates/java_res/debug/processDebugJavaRes/out/com/sumon/bundleapp/installer/installer/rooted
/sdcard/BAI-Test-1-complete-fixed/build/intermediates/java_res/debug/processDebugJavaRes/out/com/sumon/bundleapp/installer/installer/rootless
/sdcard/BAI-Test-1-complete-fixed/build/intermediates/java_res/debug/processDebugJavaRes/out/com/sumon/bundleapp/installer/installer/shizuku
/sdcard/BAI-Test-1-complete-fixed/build/intermediates/java_res/debug/processDebugJavaRes/out/com/sumon/bundleapp/installer/installer2
/sdcard/BAI-Test-1-complete-fixed/build/intermediates/java_res/debug/processDebugJavaRes/out/com/sumon/bundleapp/installer/installer2/base
/sdcard/BAI-Test-1-complete-fixed/build/intermediates/java_res/debug/processDebugJavaRes/out/com/sumon/bundleapp/installer/installer2/base/model
/sdcard/BAI-Test-1-complete-fixed/build/intermediates/java_res/debug/processDebugJavaRes/out/com/sumon/bundleapp/installer/installer2/impl
/sdcard/BAI-Test-1-complete-fixed/build/intermediates/java_res/debug/processDebugJavaRes/out/com/sumon/bundleapp/installer/installer2/impl/rootless
/sdcard/BAI-Test-1-complete-fixed/build/intermediates/java_res/debug/processDebugJavaRes/out/com/sumon/bundleapp/installer/installer2/impl/shell
/sdcard/BAI-Test-1-complete-fixed/build/intermediates/java_res/debug/processDebugJavaRes/out/com/sumon/bundleapp/installer/installerx
/sdcard/BAI-Test-1-complete-fixed/build/intermediates/java_res/debug/processDebugJavaRes/out/com/sumon/bundleapp/installer/installerx/common
/sdcard/BAI-Test-1-complete-fixed/build/intermediates/java_res/debug/processDebugJavaRes/out/com/sumon/bundleapp/installer/installerx/postprocessing
/sdcard/BAI-Test-1-complete-fixed/build/intermediates/java_res/debug/processDebugJavaRes/out/com/sumon/bundleapp/installer/installerx/resolver
/sdcard/BAI-Test-1-complete-fixed/build/intermediates/java_res/debug/processDebugJavaRes/out/com/sumon/bundleapp/installer/installerx/resolver/appmeta
/sdcard/BAI-Test-1-complete-fixed/build/intermediates/java_res/debug/processDebugJavaRes/out/com/sumon/bundleapp/installer/installerx/resolver/appmeta/apkm
/sdcard/BAI-Test-1-complete-fixed/build/intermediates/java_res/debug/processDebugJavaRes/out/com/sumon/bundleapp/installer/installerx/resolver/appmeta/apks
/sdcard/BAI-Test-1-complete-fixed/build/intermediates/java_res/debug/processDebugJavaRes/out/com/sumon/bundleapp/installer/installerx/resolver/appmeta/brute
/sdcard/BAI-Test-1-complete-fixed/build/intermediates/java_res/debug/processDebugJavaRes/out/com/sumon/bundleapp/installer/installerx/resolver/appmeta/installedapp
/sdcard/BAI-Test-1-complete-fixed/build/intermediates/java_res/debug/processDebugJavaRes/out/com/sumon/bundleapp/installer/installerx/resolver/appmeta/xapk
/sdcard/BAI-Test-1-complete-fixed/build/intermediates/java_res/debug/processDebugJavaRes/out/com/sumon/bundleapp/installer/installerx/resolver/meta
/sdcard/BAI-Test-1-complete-fixed/build/intermediates/java_res/debug/processDebugJavaRes/out/com/sumon/bundleapp/installer/installerx/resolver/meta/impl
/sdcard/BAI-Test-1-complete-fixed/build/intermediates/java_res/debug/processDebugJavaRes/out/com/sumon/bundleapp/installer/installerx/resolver/urimess
/sdcard/BAI-Test-1-complete-fixed/build/intermediates/java_res/debug/processDebugJavaRes/out/com/sumon/bundleapp/installer/installerx/resolver/urimess/impl
/sdcard/BAI-Test-1-complete-fixed/build/intermediates/java_res/debug/processDebugJavaRes/out/com/sumon/bundleapp/installer/installerx/splitmeta
/sdcard/BAI-Test-1-complete-fixed/build/intermediates/java_res/debug/processDebugJavaRes/out/com/sumon/bundleapp/installer/installerx/splitmeta/config
/sdcard/BAI-Test-1-complete-fixed/build/intermediates/java_res/debug/processDebugJavaRes/out/com/sumon/bundleapp/installer/installerx/util
/sdcard/BAI-Test-1-complete-fixed/build/intermediates/java_res/debug/processDebugJavaRes/out/com/sumon/bundleapp/installer/legal
/sdcard/BAI-Test-1-complete-fixed/build/intermediates/java_res/debug/processDebugJavaRes/out/com/sumon/bundleapp/installer/model
/sdcard/BAI-Test-1-complete-fixed/build/intermediates/java_res/debug/processDebugJavaRes/out/com/sumon/bundleapp/installer/model/apksource
/sdcard/BAI-Test-1-complete-fixed/build/intermediates/java_res/debug/processDebugJavaRes/out/com/sumon/bundleapp/installer/model/backup
/sdcard/BAI-Test-1-complete-fixed/build/intermediates/java_res/debug/processDebugJavaRes/out/com/sumon/bundleapp/installer/model/common
/sdcard/BAI-Test-1-complete-fixed/build/intermediates/java_res/debug/processDebugJavaRes/out/com/sumon/bundleapp/installer/model/filedescriptor
/sdcard/BAI-Test-1-complete-fixed/build/intermediates/java_res/debug/processDebugJavaRes/out/com/sumon/bundleapp/installer/model/licenses
/sdcard/BAI-Test-1-complete-fixed/build/intermediates/java_res/debug/processDebugJavaRes/out/com/sumon/bundleapp/installer/shell
/sdcard/BAI-Test-1-complete-fixed/build/intermediates/java_res/debug/processDebugJavaRes/out/com/sumon/bundleapp/installer/shizuku
/sdcard/BAI-Test-1-complete-fixed/build/intermediates/java_res/debug/processDebugJavaRes/out/com/sumon/bundleapp/installer/ui
/sdcard/BAI-Test-1-complete-fixed/build/intermediates/java_res/debug/processDebugJavaRes/out/com/sumon/bundleapp/installer/ui/activities
/sdcard/BAI-Test-1-complete-fixed/build/intermediates/java_res/debug/processDebugJavaRes/out/com/sumon/bundleapp/installer/ui/dialogs
/sdcard/BAI-Test-1-complete-fixed/build/intermediates/java_res/debug/processDebugJavaRes/out/com/sumon/bundleapp/installer/ui/dialogs/base
/sdcard/BAI-Test-1-complete-fixed/build/intermediates/java_res/debug/processDebugJavaRes/out/com/sumon/bundleapp/installer/ui/fragments
/sdcard/BAI-Test-1-complete-fixed/build/intermediates/java_res/debug/processDebugJavaRes/out/com/sumon/bundleapp/installer/ui/fragments/miui
/sdcard/BAI-Test-1-complete-fixed/build/intermediates/java_res/debug/processDebugJavaRes/out/com/sumon/bundleapp/installer/ui/recycler
/sdcard/BAI-Test-1-complete-fixed/build/intermediates/java_res/debug/processDebugJavaRes/out/com/sumon/bundleapp/installer/utils
/sdcard/BAI-Test-1-complete-fixed/build/intermediates/java_res/debug/processDebugJavaRes/out/com/sumon/bundleapp/installer/utils/saf
/sdcard/BAI-Test-1-complete-fixed/build/intermediates/java_res/debug/processDebugJavaRes/out/com/sumon/bundleapp/installer/view
/sdcard/BAI-Test-1-complete-fixed/build/intermediates/java_res/debug/processDebugJavaRes/out/com/sumon/bundleapp/installer/view/coolbar
/sdcard/BAI-Test-1-complete-fixed/build/intermediates/java_res/debug/processDebugJavaRes/out/com/sumon/bundleapp/installer/viewmodels
/sdcard/BAI-Test-1-complete-fixed/build/intermediates/java_res/debug/processDebugJavaRes/out/com/sumon/bundleapp/installer/viewmodels/factory
/sdcard/BAI-Test-1-complete-fixed/build/intermediates/linked_resources_binary_format
/sdcard/BAI-Test-1-complete-fixed/build/intermediates/linked_resources_binary_format/debug
/sdcard/BAI-Test-1-complete-fixed/build/intermediates/linked_resources_binary_format/debug/processDebugResources
/sdcard/BAI-Test-1-complete-fixed/build/intermediates/linked_resources_binary_format/debug/processDebugResources/linked-resources-binary-format-debug.ap_
/sdcard/BAI-Test-1-complete-fixed/build/intermediates/linked_resources_binary_format/debug/processDebugResources/output-metadata.json
/sdcard/BAI-Test-1-complete-fixed/build/intermediates/linked_resources_binary_format/debugAndroidTest
/sdcard/BAI-Test-1-complete-fixed/build/intermediates/linked_resources_binary_format/debugAndroidTest/processDebugAndroidTestResources
/sdcard/BAI-Test-1-complete-fixed/build/intermediates/linked_resources_binary_format/debugAndroidTest/processDebugAndroidTestResources/linked-resources-binary-format.ap_
/sdcard/BAI-Test-1-complete-fixed/build/intermediates/linked_resources_binary_format/debugAndroidTest/processDebugAndroidTestResources/output-metadata.json
/sdcard/BAI-Test-1-complete-fixed/build/intermediates/linked_resources_binary_format/release
/sdcard/BAI-Test-1-complete-fixed/build/intermediates/linked_resources_binary_format/release/processReleaseResources
/sdcard/BAI-Test-1-complete-fixed/build/intermediates/linked_resources_binary_format/release/processReleaseResources/linked-resources-binary-format-release.ap_
/sdcard/BAI-Test-1-complete-fixed/build/intermediates/linked_resources_binary_format/release/processReleaseResources/output-metadata.json
/sdcard/BAI-Test-1-complete-fixed/build/intermediates/lint_vital_report_lint_model
/sdcard/BAI-Test-1-complete-fixed/build/intermediates/lint_vital_report_lint_model/release
/sdcard/BAI-Test-1-complete-fixed/build/intermediates/lint_vital_report_lint_model/release/generateReleaseLintVitalReportModel
/sdcard/BAI-Test-1-complete-fixed/build/intermediates/lint_vital_report_lint_model/release/generateReleaseLintVitalReportModel/module.xml
/sdcard/BAI-Test-1-complete-fixed/build/intermediates/lint_vital_report_lint_model/release/generateReleaseLintVitalReportModel/release-artifact-dependencies.xml
/sdcard/BAI-Test-1-complete-fixed/build/intermediates/lint_vital_report_lint_model/release/generateReleaseLintVitalReportModel/release-artifact-libraries.xml
/sdcard/BAI-Test-1-complete-fixed/build/intermediates/lint_vital_report_lint_model/release/generateReleaseLintVitalReportModel/release.xml
/sdcard/BAI-Test-1-complete-fixed/build/intermediates/local_only_symbol_list
/sdcard/BAI-Test-1-complete-fixed/build/intermediates/local_only_symbol_list/debug
/sdcard/BAI-Test-1-complete-fixed/build/intermediates/local_only_symbol_list/debug/parseDebugLocalResources
/sdcard/BAI-Test-1-complete-fixed/build/intermediates/local_only_symbol_list/debug/parseDebugLocalResources/R-def.txt
/sdcard/BAI-Test-1-complete-fixed/build/intermediates/local_only_symbol_list/debugAndroidTest
/sdcard/BAI-Test-1-complete-fixed/build/intermediates/local_only_symbol_list/debugAndroidTest/parseDebugAndroidTestLocalResources
/sdcard/BAI-Test-1-complete-fixed/build/intermediates/local_only_symbol_list/debugAndroidTest/parseDebugAndroidTestLocalResources/R-def.txt
/sdcard/BAI-Test-1-complete-fixed/build/intermediates/local_only_symbol_list/release
/sdcard/BAI-Test-1-complete-fixed/build/intermediates/local_only_symbol_list/release/parseReleaseLocalResources
/sdcard/BAI-Test-1-complete-fixed/build/intermediates/local_only_symbol_list/release/parseReleaseLocalResources/R-def.txt
/sdcard/BAI-Test-1-complete-fixed/build/intermediates/manifest_merge_blame_file
/sdcard/BAI-Test-1-complete-fixed/build/intermediates/manifest_merge_blame_file/debug
/sdcard/BAI-Test-1-complete-fixed/build/intermediates/manifest_merge_blame_file/debug/processDebugMainManifest
/sdcard/BAI-Test-1-complete-fixed/build/intermediates/manifest_merge_blame_file/debug/processDebugMainManifest/manifest-merger-blame-debug-report.txt
/sdcard/BAI-Test-1-complete-fixed/build/intermediates/manifest_merge_blame_file/debugAndroidTest
/sdcard/BAI-Test-1-complete-fixed/build/intermediates/manifest_merge_blame_file/debugAndroidTest/mergeDebugAndroidTestManifest
/sdcard/BAI-Test-1-complete-fixed/build/intermediates/manifest_merge_blame_file/debugAndroidTest/mergeDebugAndroidTestManifest/manifest-merger-blame-debug-androidTest-report.txt
/sdcard/BAI-Test-1-complete-fixed/build/intermediates/manifest_merge_blame_file/release
/sdcard/BAI-Test-1-complete-fixed/build/intermediates/manifest_merge_blame_file/release/processReleaseMainManifest
/sdcard/BAI-Test-1-complete-fixed/build/intermediates/manifest_merge_blame_file/release/processReleaseMainManifest/manifest-merger-blame-release-report.txt
/sdcard/BAI-Test-1-complete-fixed/build/intermediates/merged_art_profile
/sdcard/BAI-Test-1-complete-fixed/build/intermediates/merged_art_profile/release
/sdcard/BAI-Test-1-complete-fixed/build/intermediates/merged_art_profile/release/mergeReleaseArtProfile
/sdcard/BAI-Test-1-complete-fixed/build/intermediates/merged_art_profile/release/mergeReleaseArtProfile/baseline-prof.txt
/sdcard/BAI-Test-1-complete-fixed/build/intermediates/merged_java_res
/sdcard/BAI-Test-1-complete-fixed/build/intermediates/merged_java_res/debug
/sdcard/BAI-Test-1-complete-fixed/build/intermediates/merged_java_res/debug/mergeDebugJavaResource
/sdcard/BAI-Test-1-complete-fixed/build/intermediates/merged_java_res/debug/mergeDebugJavaResource/base.jar
/sdcard/BAI-Test-1-complete-fixed/build/intermediates/merged_java_res/debugAndroidTest
/sdcard/BAI-Test-1-complete-fixed/build/intermediates/merged_java_res/debugAndroidTest/mergeDebugAndroidTestJavaResource
/sdcard/BAI-Test-1-complete-fixed/build/intermediates/merged_java_res/debugAndroidTest/mergeDebugAndroidTestJavaResource/feature-app.jar
/sdcard/BAI-Test-1-complete-fixed/build/intermediates/merged_jni_libs
/sdcard/BAI-Test-1-complete-fixed/build/intermediates/merged_jni_libs/debug
/sdcard/BAI-Test-1-complete-fixed/build/intermediates/merged_jni_libs/debug/mergeDebugJniLibFolders
/sdcard/BAI-Test-1-complete-fixed/build/intermediates/merged_jni_libs/debug/mergeDebugJniLibFolders/out
/sdcard/BAI-Test-1-complete-fixed/build/intermediates/merged_jni_libs/debugAndroidTest
/sdcard/BAI-Test-1-complete-fixed/build/intermediates/merged_jni_libs/debugAndroidTest/mergeDebugAndroidTestJniLibFolders
/sdcard/BAI-Test-1-complete-fixed/build/intermediates/merged_jni_libs/debugAndroidTest/mergeDebugAndroidTestJniLibFolders/out
/sdcard/BAI-Test-1-complete-fixed/build/intermediates/merged_jni_libs/release
/sdcard/BAI-Test-1-complete-fixed/build/intermediates/merged_jni_libs/release/mergeReleaseJniLibFolders
/sdcard/BAI-Test-1-complete-fixed/build/intermediates/merged_jni_libs/release/mergeReleaseJniLibFolders/out
/sdcard/BAI-Test-1-complete-fixed/build/intermediates/merged_manifest
/sdcard/BAI-Test-1-complete-fixed/build/intermediates/merged_manifest/debug
/sdcard/BAI-Test-1-complete-fixed/build/intermediates/merged_manifest/debug/processDebugMainManifest
/sdcard/BAI-Test-1-complete-fixed/build/intermediates/merged_manifest/debug/processDebugMainManifest/AndroidManifest.xml
/sdcard/BAI-Test-1-complete-fixed/build/intermediates/merged_manifest/debugAndroidTest
/sdcard/BAI-Test-1-complete-fixed/build/intermediates/merged_manifest/debugAndroidTest/mergeDebugAndroidTestManifest
/sdcard/BAI-Test-1-complete-fixed/build/intermediates/merged_manifest/debugAndroidTest/mergeDebugAndroidTestManifest/AndroidManifest.xml
/sdcard/BAI-Test-1-complete-fixed/build/intermediates/merged_manifest/release
/sdcard/BAI-Test-1-complete-fixed/build/intermediates/merged_manifest/release/processReleaseMainManifest
/sdcard/BAI-Test-1-complete-fixed/build/intermediates/merged_manifest/release/processReleaseMainManifest/AndroidManifest.xml
/sdcard/BAI-Test-1-complete-fixed/build/intermediates/merged_manifests
/sdcard/BAI-Test-1-complete-fixed/build/intermediates/merged_manifests/debug
/sdcard/BAI-Test-1-complete-fixed/build/intermediates/merged_manifests/debug/processDebugManifest
/sdcard/BAI-Test-1-complete-fixed/build/intermediates/merged_manifests/debug/processDebugManifest/AndroidManifest.xml
/sdcard/BAI-Test-1-complete-fixed/build/intermediates/merged_manifests/debug/processDebugManifest/output-metadata.json
/sdcard/BAI-Test-1-complete-fixed/build/intermediates/merged_manifests/release
/sdcard/BAI-Test-1-complete-fixed/build/intermediates/merged_manifests/release/processReleaseManifest
/sdcard/BAI-Test-1-complete-fixed/build/intermediates/merged_manifests/release/processReleaseManifest/AndroidManifest.xml
/sdcard/BAI-Test-1-complete-fixed/build/intermediates/merged_manifests/release/processReleaseManifest/output-metadata.json
/sdcard/BAI-Test-1-complete-fixed/build/intermediates/merged_res
/sdcard/BAI-Test-1-complete-fixed/build/intermediates/merged_res/debug
/sdcard/BAI-Test-1-complete-fixed/build/intermediates/merged_res/debug/mergeDebugResources
/sdcard/BAI-Test-1-complete-fixed/build/intermediates/merged_res/debug/mergeDebugResources/anim_alpha_in.xml.flat
/sdcard/BAI-Test-1-complete-fixed/build/intermediates/merged_res/debug/mergeDebugResources/anim_alpha_out.xml.flat
/sdcard/BAI-Test-1-complete-fixed/build/intermediates/merged_res/debug/mergeDebugResources/color_selector_bottom_navigation.xml.flat
/sdcard/BAI-Test-1-complete-fixed/build/intermediates/merged_res/debug/mergeDebugResources/color_selector_chip_background_color_filter.xml.flat
/sdcard/BAI-Test-1-complete-fixed/build/intermediates/merged_res/debug/mergeDebugResources/color_selector_chip_background_color_selection.xml.flat
/sdcard/BAI-Test-1-complete-fixed/build/intermediates/merged_res/debug/mergeDebugResources/color_selector_chip_text_color_selection.xml.flat
/sdcard/BAI-Test-1-complete-fixed/build/intermediates/merged_res/debug/mergeDebugResources/color_selector_fastscroll_thumb_color.xml.flat
/sdcard/BAI-Test-1-complete-fixed/build/intermediates/merged_res/debug/mergeDebugResources/color_selector_outlined_button_outline_color.xml.flat
/sdcard/BAI-Test-1-complete-fixed/build/intermediates/merged_res/debug/mergeDebugResources/color_selector_outlined_button_text_color.xml.flat
/sdcard/BAI-Test-1-complete-fixed/build/intermediates/merged_res/debug/mergeDebugResources/color_selector_radio_button.xml.flat
/sdcard/BAI-Test-1-complete-fixed/build/intermediates/merged_res/debug/mergeDebugResources/color_selector_theme_card_ripple.xml.flat
/sdcard/BAI-Test-1-complete-fixed/build/intermediates/merged_res/debug/mergeDebugResources/color_textinputlayout_outline_color.xml.flat
/sdcard/BAI-Test-1-complete-fixed/build/intermediates/merged_res/debug/mergeDebugResources/drawable-v26_icon_b.xml.flat
/sdcard/BAI-Test-1-complete-fixed/build/intermediates/merged_res/debug/mergeDebugResources/drawable-xhdpi_tv_banner.png.flat
/sdcard/BAI-Test-1-complete-fixed/build/intermediates/merged_res/debug/mergeDebugResources/drawable-xxhdpi_tv_banner.png.flat
/sdcard/BAI-Test-1-complete-fixed/build/intermediates/merged_res/debug/mergeDebugResources/drawable-xxxhdpi-v26_icon_f.png.flat
/sdcard/BAI-Test-1-complete-fixed/build/intermediates/merged_res/debug/mergeDebugResources/drawable-xxxhdpi_ic_alert.png.flat
/sdcard/BAI-Test-1-complete-fixed/build/intermediates/merged_res/debug/mergeDebugResources/drawable-xxxhdpi_ic_analytics.png.flat
/sdcard/BAI-Test-1-complete-fixed/build/intermediates/merged_res/debug/mergeDebugResources/drawable-xxxhdpi_ic_auto_theme.png.flat
/sdcard/BAI-Test-1-complete-fixed/build/intermediates/merged_res/debug/mergeDebugResources/drawable-xxxhdpi_ic_backup.png.flat
/sdcard/BAI-Test-1-complete-fixed/build/intermediates/merged_res/debug/mergeDebugResources/drawable-xxxhdpi_ic_backup_dir.png.flat
/sdcard/BAI-Test-1-complete-fixed/build/intermediates/merged_res/debug/mergeDebugResources/drawable-xxxhdpi_ic_backup_name_format.png.flat
/sdcard/BAI-Test-1-complete-fixed/build/intermediates/merged_res/debug/mergeDebugResources/drawable-xxxhdpi_ic_dark_theme.png.flat
/sdcard/BAI-Test-1-complete-fixed/build/intermediates/merged_res/debug/mergeDebugResources/drawable-xxxhdpi_ic_feature.png.flat
/sdcard/BAI-Test-1-complete-fixed/build/intermediates/merged_res/debug/mergeDebugResources/drawable-xxxhdpi_ic_history.png.flat
/sdcard/BAI-Test-1-complete-fixed/build/intermediates/merged_res/debug/mergeDebugResources/drawable-xxxhdpi_ic_home.png.flat
/sdcard/BAI-Test-1-complete-fixed/build/intermediates/merged_res/debug/mergeDebugResources/drawable-xxxhdpi_ic_info.png.flat
/sdcard/BAI-Test-1-complete-fixed/build/intermediates/merged_res/debug/mergeDebugResources/drawable-xxxhdpi_ic_install.png.flat
/sdcard/BAI-Test-1-complete-fixed/build/intermediates/merged_res/debug/mergeDebugResources/drawable-xxxhdpi_ic_install_location.png.flat
/sdcard/BAI-Test-1-complete-fixed/build/intermediates/merged_res/debug/mergeDebugResources/drawable-xxxhdpi_ic_key.png.flat
/sdcard/BAI-Test-1-complete-fixed/build/intermediates/merged_res/debug/mergeDebugResources/drawable-xxxhdpi_ic_open_via.png.flat
/sdcard/BAI-Test-1-complete-fixed/build/intermediates/merged_res/debug/mergeDebugResources/drawable-xxxhdpi_ic_pro_mode.png.flat
/sdcard/BAI-Test-1-complete-fixed/build/intermediates/merged_res/debug/mergeDebugResources/drawable-xxxhdpi_ic_root.png.flat
/sdcard/BAI-Test-1-complete-fixed/build/intermediates/merged_res/debug/mergeDebugResources/drawable-xxxhdpi_ic_settings.png.flat
/sdcard/BAI-Test-1-complete-fixed/build/intermediates/merged_res/debug/mergeDebugResources/drawable-xxxhdpi_ic_sort.png.flat
/sdcard/BAI-Test-1-complete-fixed/build/intermediates/merged_res/debug/mergeDebugResources/drawable-xxxhdpi_ic_unarchive.png.flat
/sdcard/BAI-Test-1-complete-fixed/build/intermediates/merged_res/debug/mergeDebugResources/drawable-xxxhdpi_logo.png.flat
/sdcard/BAI-Test-1-complete-fixed/build/intermediates/merged_res/debug/mergeDebugResources/drawable-xxxhdpi_placeholder_app_icon.png.flat
/sdcard/BAI-Test-1-complete-fixed/build/intermediates/merged_res/debug/mergeDebugResources/drawable-xxxhdpi_tv_banner.png.flat
/sdcard/BAI-Test-1-complete-fixed/build/intermediates/merged_res/debug/mergeDebugResources/drawable_bg_outline_button.xml.flat
/sdcard/BAI-Test-1-complete-fixed/build/intermediates/merged_res/debug/mergeDebugResources/drawable_bg_rounded_alert_dialog.xml.flat
/sdcard/BAI-Test-1-complete-fixed/build/intermediates/merged_res/debug/mergeDebugResources/drawable_bg_rounded_popup.xml.flat
/sdcard/BAI-Test-1-complete-fixed/build/intermediates/merged_res/debug/mergeDebugResources/drawable_fastscroll_thumb.xml.flat
/sdcard/BAI-Test-1-complete-fixed/build/intermediates/merged_res/debug/mergeDebugResources/drawable_fastscroll_thumb_shape.xml.flat
/sdcard/BAI-Test-1-complete-fixed/build/intermediates/merged_res/debug/mergeDebugResources/drawable_ic_backup_enqueue.xml.flat
/sdcard/BAI-Test-1-complete-fixed/build/intermediates/merged_res/debug/mergeDebugResources/drawable_ic_backup_status_higher_version.xml.flat
/sdcard/BAI-Test-1-complete-fixed/build/intermediates/merged_res/debug/mergeDebugResources/drawable_ic_backup_status_lower_version.xml.flat
/sdcard/BAI-Test-1-complete-fixed/build/intermediates/merged_res/debug/mergeDebugResources/drawable_ic_backup_status_not_installed.xml.flat
/sdcard/BAI-Test-1-complete-fixed/build/intermediates/merged_res/debug/mergeDebugResources/drawable_ic_backup_status_no_backup.xml.flat
/sdcard/BAI-Test-1-complete-fixed/build/intermediates/merged_res/debug/mergeDebugResources/drawable_ic_backup_status_same_version.xml.flat
/sdcard/BAI-Test-1-complete-fixed/build/intermediates/merged_res/debug/mergeDebugResources/drawable_ic_chip_checked.xml.flat
/sdcard/BAI-Test-1-complete-fixed/build/intermediates/merged_res/debug/mergeDebugResources/drawable_ic_clear_selection.xml.flat
/sdcard/BAI-Test-1-complete-fixed/build/intermediates/merged_res/debug/mergeDebugResources/drawable_ic_dark_theme_2.xml.flat
/sdcard/BAI-Test-1-complete-fixed/build/intermediates/merged_res/debug/mergeDebugResources/drawable_ic_delete.xml.flat
/sdcard/BAI-Test-1-complete-fixed/build/intermediates/merged_res/debug/mergeDebugResources/drawable_ic_error.xml.flat
/sdcard/BAI-Test-1-complete-fixed/build/intermediates/merged_res/debug/mergeDebugResources/drawable_ic_filter.xml.flat
/sdcard/BAI-Test-1-complete-fixed/build/intermediates/merged_res/debug/mergeDebugResources/drawable_ic_go_back.xml.flat
/sdcard/BAI-Test-1-complete-fixed/build/intermediates/merged_res/debug/mergeDebugResources/drawable_ic_help.xml.flat
/sdcard/BAI-Test-1-complete-fixed/build/intermediates/merged_res/debug/mergeDebugResources/drawable_ic_install_full.xml.flat
/sdcard/BAI-Test-1-complete-fixed/build/intermediates/merged_res/debug/mergeDebugResources/drawable_ic_language.xml.flat
/sdcard/BAI-Test-1-complete-fixed/build/intermediates/merged_res/debug/mergeDebugResources/drawable_ic_launch.xml.flat
/sdcard/BAI-Test-1-complete-fixed/build/intermediates/merged_res/debug/mergeDebugResources/drawable_ic_light_theme.xml.flat
/sdcard/BAI-Test-1-complete-fixed/build/intermediates/merged_res/debug/mergeDebugResources/drawable_ic_more.xml.flat
/sdcard/BAI-Test-1-complete-fixed/build/intermediates/merged_res/debug/mergeDebugResources/drawable_ic_pref_analytics.xml.flat
/sdcard/BAI-Test-1-complete-fixed/build/intermediates/merged_res/debug/mergeDebugResources/drawable_ic_pref_auto_theme.xml.flat
/sdcard/BAI-Test-1-complete-fixed/build/intermediates/merged_res/debug/mergeDebugResources/drawable_ic_pref_backup_dir.xml.flat
/sdcard/BAI-Test-1-complete-fixed/build/intermediates/merged_res/debug/mergeDebugResources/drawable_ic_pref_backup_name_format.xml.flat
/sdcard/BAI-Test-1-complete-fixed/build/intermediates/merged_res/debug/mergeDebugResources/drawable_ic_pref_backup_settings.xml.flat
/sdcard/BAI-Test-1-complete-fixed/build/intermediates/merged_res/debug/mergeDebugResources/drawable_ic_pref_enable_apk_action_view.xml.flat
/sdcard/BAI-Test-1-complete-fixed/build/intermediates/merged_res/debug/mergeDebugResources/drawable_ic_pref_feature.xml.flat
/sdcard/BAI-Test-1-complete-fixed/build/intermediates/merged_res/debug/mergeDebugResources/drawable_ic_pref_home.xml.flat
/sdcard/BAI-Test-1-complete-fixed/build/intermediates/merged_res/debug/mergeDebugResources/drawable_ic_pref_info.xml.flat
/sdcard/BAI-Test-1-complete-fixed/build/intermediates/merged_res/debug/mergeDebugResources/drawable_ic_pref_install_location.xml.flat
/sdcard/BAI-Test-1-complete-fixed/build/intermediates/merged_res/debug/mergeDebugResources/drawable_ic_pref_key.xml.flat
/sdcard/BAI-Test-1-complete-fixed/build/intermediates/merged_res/debug/mergeDebugResources/drawable_ic_pref_language.xml.flat
/sdcard/BAI-Test-1-complete-fixed/build/intermediates/merged_res/debug/mergeDebugResources/drawable_ic_pref_old_installer.xml.flat
/sdcard/BAI-Test-1-complete-fixed/build/intermediates/merged_res/debug/mergeDebugResources/drawable_ic_pref_pro_mode.xml.flat
/sdcard/BAI-Test-1-complete-fixed/build/intermediates/merged_res/debug/mergeDebugResources/drawable_ic_pref_root.xml.flat
/sdcard/BAI-Test-1-complete-fixed/build/intermediates/merged_res/debug/mergeDebugResources/drawable_ic_pref_show_dialogs.xml.flat
/sdcard/BAI-Test-1-complete-fixed/build/intermediates/merged_res/debug/mergeDebugResources/drawable_ic_pref_sort.xml.flat
/sdcard/BAI-Test-1-complete-fixed/build/intermediates/merged_res/debug/mergeDebugResources/drawable_ic_pref_theme.xml.flat
/sdcard/BAI-Test-1-complete-fixed/build/intermediates/merged_res/debug/mergeDebugResources/drawable_ic_pref_unarchive.xml.flat
/sdcard/BAI-Test-1-complete-fixed/build/intermediates/merged_res/debug/mergeDebugResources/drawable_ic_restore.xml.flat
/sdcard/BAI-Test-1-complete-fixed/build/intermediates/merged_res/debug/mergeDebugResources/drawable_ic_search.xml.flat
/sdcard/BAI-Test-1-complete-fixed/build/intermediates/merged_res/debug/mergeDebugResources/layout_activity_backup_manage_app.xml.flat
/sdcard/BAI-Test-1-complete-fixed/build/intermediates/merged_res/debug/mergeDebugResources/layout_activity_eula.xml.flat
/sdcard/BAI-Test-1-complete-fixed/build/intermediates/merged_res/debug/mergeDebugResources/layout_activity_licenses.xml.flat
/sdcard/BAI-Test-1-complete-fixed/build/intermediates/merged_res/debug/mergeDebugResources/layout_activity_main.xml.flat
/sdcard/BAI-Test-1-complete-fixed/build/intermediates/merged_res/debug/mergeDebugResources/layout_dialog_dark_light_theme_selection.xml.flat
/sdcard/BAI-Test-1-complete-fixed/build/intermediates/merged_res/debug/mergeDebugResources/layout_dialog_filter.xml.flat
/sdcard/BAI-Test-1-complete-fixed/build/intermediates/merged_res/debug/mergeDebugResources/layout_dialog_installerx.xml.flat
/sdcard/BAI-Test-1-complete-fixed/build/intermediates/merged_res/debug/mergeDebugResources/layout_dialog_name_format_builder.xml.flat
/sdcard/BAI-Test-1-complete-fixed/build/intermediates/merged_res/debug/mergeDebugResources/layout_fragment_backup.xml.flat
/sdcard/BAI-Test-1-complete-fixed/build/intermediates/merged_res/debug/mergeDebugResources/layout_fragment_installer2.xml.flat
/sdcard/BAI-Test-1-complete-fixed/build/intermediates/merged_res/debug/mergeDebugResources/layout_fragment_local_backup_storage_setup.xml.flat
/sdcard/BAI-Test-1-complete-fixed/build/intermediates/merged_res/debug/mergeDebugResources/layout_item_backup_dialog_split_part.xml.flat
/sdcard/BAI-Test-1-complete-fixed/build/intermediates/merged_res/debug/mergeDebugResources/layout_item_backup_package.xml.flat
/sdcard/BAI-Test-1-complete-fixed/build/intermediates/merged_res/debug/mergeDebugResources/layout_item_installerx_notice.xml.flat
/sdcard/BAI-Test-1-complete-fixed/build/intermediates/merged_res/debug/mergeDebugResources/layout_item_installerx_split_category.xml.flat
/sdcard/BAI-Test-1-complete-fixed/build/intermediates/merged_res/debug/mergeDebugResources/layout_item_installer_session.xml.flat
/sdcard/BAI-Test-1-complete-fixed/build/intermediates/merged_res/debug/mergeDebugResources/layout_item_license.xml.flat
/sdcard/BAI-Test-1-complete-fixed/build/intermediates/merged_res/debug/mergeDebugResources/layout_item_theme.xml.flat
/sdcard/BAI-Test-1-complete-fixed/build/intermediates/merged_res/debug/mergeDebugResources/menu_app_details.xml.flat
/sdcard/BAI-Test-1-complete-fixed/build/intermediates/merged_res/debug/mergeDebugResources/menu_backup_fragment.xml.flat
/sdcard/BAI-Test-1-complete-fixed/build/intermediates/merged_res/debug/mergeDebugResources/menu_bottom_navigation.xml.flat
/sdcard/BAI-Test-1-complete-fixed/build/intermediates/merged_res/debug/mergeDebugResources/mipmap-anydpi-v26_icon.xml.flat
/sdcard/BAI-Test-1-complete-fixed/build/intermediates/merged_res/debug/mergeDebugResources/values-af_values-af.arsc.flat
/sdcard/BAI-Test-1-complete-fixed/build/intermediates/merged_res/debug/mergeDebugResources/values-b+sr+Latn_values-b+sr+Latn.arsc.flat
/sdcard/BAI-Test-1-complete-fixed/build/intermediates/merged_res/debug/mergeDebugResources/values-bg_values-bg.arsc.flat
/sdcard/BAI-Test-1-complete-fixed/build/intermediates/merged_res/debug/mergeDebugResources/values-bn_values-bn.arsc.flat
/sdcard/BAI-Test-1-complete-fixed/build/intermediates/merged_res/debug/mergeDebugResources/values-da_values-da.arsc.flat
/sdcard/BAI-Test-1-complete-fixed/build/intermediates/merged_res/debug/mergeDebugResources/values-el_values-el.arsc.flat
/sdcard/BAI-Test-1-complete-fixed/build/intermediates/merged_res/debug/mergeDebugResources/values-en-rAU_values-en-rAU.arsc.flat
/sdcard/BAI-Test-1-complete-fixed/build/intermediates/merged_res/debug/mergeDebugResources/values-en-rCA_values-en-rCA.arsc.flat
/sdcard/BAI-Test-1-complete-fixed/build/intermediates/merged_res/debug/mergeDebugResources/values-en-rGB_values-en-rGB.arsc.flat
/sdcard/BAI-Test-1-complete-fixed/build/intermediates/merged_res/debug/mergeDebugResources/values-en-rXC_values-en-rXC.arsc.flat
/sdcard/BAI-Test-1-complete-fixed/build/intermediates/merged_res/debug/mergeDebugResources/values-es-rUS_values-es-rUS.arsc.flat
/sdcard/BAI-Test-1-complete-fixed/build/intermediates/merged_res/debug/mergeDebugResources/values-es_values-es.arsc.flat
/sdcard/BAI-Test-1-complete-fixed/build/intermediates/merged_res/debug/mergeDebugResources/values-et_values-et.arsc.flat
/sdcard/BAI-Test-1-complete-fixed/build/intermediates/merged_res/debug/mergeDebugResources/values-fi_values-fi.arsc.flat
/sdcard/BAI-Test-1-complete-fixed/build/intermediates/merged_res/debug/mergeDebugResources/values-fr-rCA_values-fr-rCA.arsc.flat
/sdcard/BAI-Test-1-complete-fixed/build/intermediates/merged_res/debug/mergeDebugResources/values-gl_values-gl.arsc.flat
/sdcard/BAI-Test-1-complete-fixed/build/intermediates/merged_res/debug/mergeDebugResources/values-gu_values-gu.arsc.flat
/sdcard/BAI-Test-1-complete-fixed/build/intermediates/merged_res/debug/mergeDebugResources/values-h320dp-port-v13_values-h320dp-port-v13.arsc.flat
/sdcard/BAI-Test-1-complete-fixed/build/intermediates/merged_res/debug/mergeDebugResources/values-h480dp-v13_values-h480dp-v13.arsc.flat
/sdcard/BAI-Test-1-complete-fixed/build/intermediates/merged_res/debug/mergeDebugResources/values-hr_values-hr.arsc.flat
/sdcard/BAI-Test-1-complete-fixed/build/intermediates/merged_res/debug/mergeDebugResources/values-in_values-in.arsc.flat
/sdcard/BAI-Test-1-complete-fixed/build/intermediates/merged_res/debug/mergeDebugResources/values-it_values-it.arsc.flat
/sdcard/BAI-Test-1-complete-fixed/build/intermediates/merged_res/debug/mergeDebugResources/values-iw_values-iw.arsc.flat
/sdcard/BAI-Test-1-complete-fixed/build/intermediates/merged_res/debug/mergeDebugResources/values-kk_values-kk.arsc.flat
/sdcard/BAI-Test-1-complete-fixed/build/intermediates/merged_res/debug/mergeDebugResources/values-km_values-km.arsc.flat
/sdcard/BAI-Test-1-complete-fixed/build/intermediates/merged_res/debug/mergeDebugResources/values-kn_values-kn.arsc.flat
/sdcard/BAI-Test-1-complete-fixed/build/intermediates/merged_res/debug/mergeDebugResources/values-ko_values-ko.arsc.flat
/sdcard/BAI-Test-1-complete-fixed/build/intermediates/merged_res/debug/mergeDebugResources/values-ldrtl-v17_values-ldrtl-v17.arsc.flat
/sdcard/BAI-Test-1-complete-fixed/build/intermediates/merged_res/debug/mergeDebugResources/values-lt_values-lt.arsc.flat
/sdcard/BAI-Test-1-complete-fixed/build/intermediates/merged_res/debug/mergeDebugResources/values-mk_values-mk.arsc.flat
/sdcard/BAI-Test-1-complete-fixed/build/intermediates/merged_res/debug/mergeDebugResources/values-mn_values-mn.arsc.flat
/sdcard/BAI-Test-1-complete-fixed/build/intermediates/merged_res/debug/mergeDebugResources/values-ms_values-ms.arsc.flat
/sdcard/BAI-Test-1-complete-fixed/build/intermediates/merged_res/debug/mergeDebugResources/values-nb_values-nb.arsc.flat
/sdcard/BAI-Test-1-complete-fixed/build/intermediates/merged_res/debug/mergeDebugResources/values-ne_values-ne.arsc.flat
/sdcard/BAI-Test-1-complete-fixed/build/intermediates/merged_res/debug/mergeDebugResources/values-or_values-or.arsc.flat
/sdcard/BAI-Test-1-complete-fixed/build/intermediates/merged_res/debug/mergeDebugResources/values-pa_values-pa.arsc.flat
/sdcard/BAI-Test-1-complete-fixed/build/intermediates/merged_res/debug/mergeDebugResources/values-pl_values-pl.arsc.flat
/sdcard/BAI-Test-1-complete-fixed/build/intermediates/merged_res/debug/mergeDebugResources/values-port_values-port.arsc.flat
/sdcard/BAI-Test-1-complete-fixed/build/intermediates/merged_res/debug/mergeDebugResources/values-sr_values-sr.arsc.flat
/sdcard/BAI-Test-1-complete-fixed/build/intermediates/merged_res/debug/mergeDebugResources/values-sw360dp-v13_values-sw360dp-v13.arsc.flat
/sdcard/BAI-Test-1-complete-fixed/build/intermediates/merged_res/debug/mergeDebugResources/values-sw_values-sw.arsc.flat
/sdcard/BAI-Test-1-complete-fixed/build/intermediates/merged_res/debug/mergeDebugResources/values-te_values-te.arsc.flat
/sdcard/BAI-Test-1-complete-fixed/build/intermediates/merged_res/debug/mergeDebugResources/values-th_values-th.arsc.flat
/sdcard/BAI-Test-1-complete-fixed/build/intermediates/merged_res/debug/mergeDebugResources/values-tl_values-tl.arsc.flat
/sdcard/BAI-Test-1-complete-fixed/build/intermediates/merged_res/debug/mergeDebugResources/values-uk_values-uk.arsc.flat
/sdcard/BAI-Test-1-complete-fixed/build/intermediates/merged_res/debug/mergeDebugResources/values-uz_values-uz.arsc.flat
/sdcard/BAI-Test-1-complete-fixed/build/intermediates/merged_res/debug/mergeDebugResources/values-v17_values-v17.arsc.flat
/sdcard/BAI-Test-1-complete-fixed/build/intermediates/merged_res/debug/mergeDebugResources/values-v18_values-v18.arsc.flat
/sdcard/BAI-Test-1-complete-fixed/build/intermediates/merged_res/debug/mergeDebugResources/values-v21_values-v21.arsc.flat
/sdcard/BAI-Test-1-complete-fixed/build/intermediates/merged_res/debug/mergeDebugResources/values-v22_values-v22.arsc.flat
/sdcard/BAI-Test-1-complete-fixed/build/intermediates/merged_res/debug/mergeDebugResources/values-v23_values-v23.arsc.flat
/sdcard/BAI-Test-1-complete-fixed/build/intermediates/merged_res/debug/mergeDebugResources/values-v31_values-v31.arsc.flat
/sdcard/BAI-Test-1-complete-fixed/build/intermediates/merged_res/debug/mergeDebugResources/values-v35_values-v35.arsc.flat
/sdcard/BAI-Test-1-complete-fixed/build/intermediates/merged_res/debug/mergeDebugResources/values-w320dp-land-v13_values-w320dp-land-v13.arsc.flat
/sdcard/BAI-Test-1-complete-fixed/build/intermediates/merged_res/debug/mergeDebugResources/values-w400dp-port-v13_values-w400dp-port-v13.arsc.flat
/sdcard/BAI-Test-1-complete-fixed/build/intermediates/merged_res/debug/mergeDebugResources/values-w600dp-land-v13_values-w600dp-land-v13.arsc.flat
/sdcard/BAI-Test-1-complete-fixed/build/intermediates/merged_res/debug/mergeDebugResources/values-w600dp-v13_values-w600dp-v13.arsc.flat
/sdcard/BAI-Test-1-complete-fixed/build/intermediates/merged_res/debug/mergeDebugResources/values-w820dp-v13_values-w820dp-v13.arsc.flat
/sdcard/BAI-Test-1-complete-fixed/build/intermediates/merged_res/debug/mergeDebugResources/values-watch-v21_values-watch-v21.arsc.flat
/sdcard/BAI-Test-1-complete-fixed/build/intermediates/merged_res/debug/mergeDebugResources/values-xlarge-v4_values-xlarge-v4.arsc.flat
/sdcard/BAI-Test-1-complete-fixed/build/intermediates/merged_res/debug/mergeDebugResources/values-zh-rHK_values-zh-rHK.arsc.flat
/sdcard/BAI-Test-1-complete-fixed/build/intermediates/merged_res/debug/mergeDebugResources/values-zu_values-zu.arsc.flat
/sdcard/BAI-Test-1-complete-fixed/build/intermediates/merged_res/debug/mergeDebugResources/values_values.arsc.flat
/sdcard/BAI-Test-1-complete-fixed/build/intermediates/merged_res/debug/mergeDebugResources/xml_preferences_main.xml.flat
/sdcard/BAI-Test-1-complete-fixed/build/intermediates/merged_res/debug/mergeDebugResources/drawable_ic_select_all.xml.flat
/sdcard/BAI-Test-1-complete-fixed/build/intermediates/merged_res/debug/mergeDebugResources/drawable_ic_warning.xml.flat
/sdcard/BAI-Test-1-complete-fixed/build/intermediates/merged_res/debug/mergeDebugResources/layout_activity_about.xml.flat
/sdcard/BAI-Test-1-complete-fixed/build/intermediates/merged_res/debug/mergeDebugResources/layout_activity_backup_settings.xml.flat
/sdcard/BAI-Test-1-complete-fixed/build/intermediates/merged_res/debug/mergeDebugResources/layout_activity_mi.xml.flat
/sdcard/BAI-Test-1-complete-fixed/build/intermediates/merged_res/debug/mergeDebugResources/layout_activity_preferences.xml.flat
/sdcard/BAI-Test-1-complete-fixed/build/intermediates/merged_res/debug/mergeDebugResources/layout_dialog_backup.xml.flat
/sdcard/BAI-Test-1-complete-fixed/build/intermediates/merged_res/debug/mergeDebugResources/layout_dialog_bottom_sheet_base.xml.flat
/sdcard/BAI-Test-1-complete-fixed/build/intermediates/merged_res/debug/mergeDebugResources/layout_fragment_backup_manage_app.xml.flat
/sdcard/BAI-Test-1-complete-fixed/build/intermediates/merged_res/debug/mergeDebugResources/layout_fragment_installer.xml.flat
/sdcard/BAI-Test-1-complete-fixed/build/intermediates/merged_res/debug/mergeDebugResources/layout_fragment_mi_entry.xml.flat
/sdcard/BAI-Test-1-complete-fixed/build/intermediates/merged_res/debug/mergeDebugResources/layout_item_backup_app_details_backup.xml.flat
/sdcard/BAI-Test-1-complete-fixed/build/intermediates/merged_res/debug/mergeDebugResources/layout_item_backup_app_details_header.xml.flat
/sdcard/BAI-Test-1-complete-fixed/build/intermediates/merged_res/debug/mergeDebugResources/layout_item_backup_app_feature.xml.flat
/sdcard/BAI-Test-1-complete-fixed/build/intermediates/merged_res/debug/mergeDebugResources/layout_item_backup_component.xml.flat
/sdcard/BAI-Test-1-complete-fixed/build/intermediates/merged_res/debug/mergeDebugResources/layout_item_installerx_header.xml.flat
/sdcard/BAI-Test-1-complete-fixed/build/intermediates/merged_res/debug/mergeDebugResources/layout_item_installerx_split_part.xml.flat
/sdcard/BAI-Test-1-complete-fixed/build/intermediates/merged_res/debug/mergeDebugResources/layout_item_name_format_builder_chip.xml.flat
/sdcard/BAI-Test-1-complete-fixed/build/intermediates/merged_res/debug/mergeDebugResources/layout_item_single_choice_dialog.xml.flat
/sdcard/BAI-Test-1-complete-fixed/build/intermediates/merged_res/debug/mergeDebugResources/mipmap-xxxhdpi_icon.png.flat
/sdcard/BAI-Test-1-complete-fixed/build/intermediates/merged_res/debug/mergeDebugResources/values-am_values-am.arsc.flat
/sdcard/BAI-Test-1-complete-fixed/build/intermediates/merged_res/debug/mergeDebugResources/values-ar_values-ar.arsc.flat
/sdcard/BAI-Test-1-complete-fixed/build/intermediates/merged_res/debug/mergeDebugResources/values-as_values-as.arsc.flat
/sdcard/BAI-Test-1-complete-fixed/build/intermediates/merged_res/debug/mergeDebugResources/values-az_values-az.arsc.flat
/sdcard/BAI-Test-1-complete-fixed/build/intermediates/merged_res/debug/mergeDebugResources/values-b+es+419_values-b+es+419.arsc.flat
/sdcard/BAI-Test-1-complete-fixed/build/intermediates/merged_res/debug/mergeDebugResources/values-be_values-be.arsc.flat
/sdcard/BAI-Test-1-complete-fixed/build/intermediates/merged_res/debug/mergeDebugResources/values-bs_values-bs.arsc.flat
/sdcard/BAI-Test-1-complete-fixed/build/intermediates/merged_res/debug/mergeDebugResources/values-ca_values-ca.arsc.flat
/sdcard/BAI-Test-1-complete-fixed/build/intermediates/merged_res/debug/mergeDebugResources/values-cs_values-cs.arsc.flat
/sdcard/BAI-Test-1-complete-fixed/build/intermediates/merged_res/debug/mergeDebugResources/values-de_values-de.arsc.flat
/sdcard/BAI-Test-1-complete-fixed/build/intermediates/merged_res/debug/mergeDebugResources/values-en-rIN_values-en-rIN.arsc.flat
/sdcard/BAI-Test-1-complete-fixed/build/intermediates/merged_res/debug/mergeDebugResources/values-eu_values-eu.arsc.flat
/sdcard/BAI-Test-1-complete-fixed/build/intermediates/merged_res/debug/mergeDebugResources/values-fa_values-fa.arsc.flat
/sdcard/BAI-Test-1-complete-fixed/build/intermediates/merged_res/debug/mergeDebugResources/values-fr_values-fr.arsc.flat
/sdcard/BAI-Test-1-complete-fixed/build/intermediates/merged_res/debug/mergeDebugResources/values-h320dp-v13_values-h320dp-v13.arsc.flat
/sdcard/BAI-Test-1-complete-fixed/build/intermediates/merged_res/debug/mergeDebugResources/values-h360dp-land-v13_values-h360dp-land-v13.arsc.flat
/sdcard/BAI-Test-1-complete-fixed/build/intermediates/merged_res/debug/mergeDebugResources/values-h480dp-land-v13_values-h480dp-land-v13.arsc.flat
/sdcard/BAI-Test-1-complete-fixed/build/intermediates/merged_res/debug/mergeDebugResources/values-h550dp-port-v13_values-h550dp-port-v13.arsc.flat
/sdcard/BAI-Test-1-complete-fixed/build/intermediates/merged_res/debug/mergeDebugResources/values-h720dp-v13_values-h720dp-v13.arsc.flat
/sdcard/BAI-Test-1-complete-fixed/build/intermediates/merged_res/debug/mergeDebugResources/values-hdpi-v4_values-hdpi-v4.arsc.flat
/sdcard/BAI-Test-1-complete-fixed/build/intermediates/merged_res/debug/mergeDebugResources/values-hi_values-hi.arsc.flat
/sdcard/BAI-Test-1-complete-fixed/build/intermediates/merged_res/debug/mergeDebugResources/values-hu_values-hu.arsc.flat
/sdcard/BAI-Test-1-complete-fixed/build/intermediates/merged_res/debug/mergeDebugResources/values-hy_values-hy.arsc.flat
/sdcard/BAI-Test-1-complete-fixed/build/intermediates/merged_res/debug/mergeDebugResources/values-is_values-is.arsc.flat
/sdcard/BAI-Test-1-complete-fixed/build/intermediates/merged_res/debug/mergeDebugResources/values-ja_values-ja.arsc.flat
/sdcard/BAI-Test-1-complete-fixed/build/intermediates/merged_res/debug/mergeDebugResources/values-ka_values-ka.arsc.flat
/sdcard/BAI-Test-1-complete-fixed/build/intermediates/merged_res/debug/mergeDebugResources/values-ky_values-ky.arsc.flat
/sdcard/BAI-Test-1-complete-fixed/build/intermediates/merged_res/debug/mergeDebugResources/values-land_values-land.arsc.flat
/sdcard/BAI-Test-1-complete-fixed/build/intermediates/merged_res/debug/mergeDebugResources/values-large-v4_values-large-v4.arsc.flat
/sdcard/BAI-Test-1-complete-fixed/build/intermediates/merged_res/debug/mergeDebugResources/values-ldltr-v21_values-ldltr-v21.arsc.flat
/sdcard/BAI-Test-1-complete-fixed/build/intermediates/merged_res/debug/mergeDebugResources/values-lo_values-lo.arsc.flat
/sdcard/BAI-Test-1-complete-fixed/build/intermediates/merged_res/debug/mergeDebugResources/values-lv_values-lv.arsc.flat
/sdcard/BAI-Test-1-complete-fixed/build/intermediates/merged_res/debug/mergeDebugResources/values-ml_values-ml.arsc.flat
/sdcard/BAI-Test-1-complete-fixed/build/intermediates/merged_res/debug/mergeDebugResources/values-mr_values-mr.arsc.flat
/sdcard/BAI-Test-1-complete-fixed/build/intermediates/merged_res/debug/mergeDebugResources/values-my_values-my.arsc.flat
/sdcard/BAI-Test-1-complete-fixed/build/intermediates/merged_res/debug/mergeDebugResources/values-night-v8_values-night-v8.arsc.flat
/sdcard/BAI-Test-1-complete-fixed/build/intermediates/merged_res/debug/mergeDebugResources/values-nl_values-nl.arsc.flat
/sdcard/BAI-Test-1-complete-fixed/build/intermediates/merged_res/debug/mergeDebugResources/values-pt-rBR_values-pt-rBR.arsc.flat
/sdcard/BAI-Test-1-complete-fixed/build/intermediates/merged_res/debug/mergeDebugResources/values-pt-rPT_values-pt-rPT.arsc.flat
/sdcard/BAI-Test-1-complete-fixed/build/intermediates/merged_res/debug/mergeDebugResources/values-pt_values-pt.arsc.flat
/sdcard/BAI-Test-1-complete-fixed/build/intermediates/merged_res/debug/mergeDebugResources/values-ro_values-ro.arsc.flat
/sdcard/BAI-Test-1-complete-fixed/build/intermediates/merged_res/debug/mergeDebugResources/values-ru_values-ru.arsc.flat
/sdcard/BAI-Test-1-complete-fixed/build/intermediates/merged_res/debug/mergeDebugResources/values-si_values-si.arsc.flat
/sdcard/BAI-Test-1-complete-fixed/build/intermediates/merged_res/debug/mergeDebugResources/values-sk_values-sk.arsc.flat
/sdcard/BAI-Test-1-complete-fixed/build/intermediates/merged_res/debug/mergeDebugResources/values-sl_values-sl.arsc.flat
/sdcard/BAI-Test-1-complete-fixed/build/intermediates/merged_res/debug/mergeDebugResources/values-sq_values-sq.arsc.flat
/sdcard/BAI-Test-1-complete-fixed/build/intermediates/merged_res/debug/mergeDebugResources/values-sv-rSE_values-sv-rSE.arsc.flat
/sdcard/BAI-Test-1-complete-fixed/build/intermediates/merged_res/debug/mergeDebugResources/values-sv_values-sv.arsc.flat
/sdcard/BAI-Test-1-complete-fixed/build/intermediates/merged_res/debug/mergeDebugResources/values-sw600dp-v13_values-sw600dp-v13.arsc.flat
/sdcard/BAI-Test-1-complete-fixed/build/intermediates/merged_res/debug/mergeDebugResources/values-ta_values-ta.arsc.flat
/sdcard/BAI-Test-1-complete-fixed/build/intermediates/merged_res/debug/mergeDebugResources/values-tr_values-tr.arsc.flat
/sdcard/BAI-Test-1-complete-fixed/build/intermediates/merged_res/debug/mergeDebugResources/values-ur_values-ur.arsc.flat
/sdcard/BAI-Test-1-complete-fixed/build/intermediates/merged_res/debug/mergeDebugResources/values-v16_values-v16.arsc.flat
/sdcard/BAI-Test-1-complete-fixed/build/intermediates/merged_res/debug/mergeDebugResources/values-v24_values-v24.arsc.flat
/sdcard/BAI-Test-1-complete-fixed/build/intermediates/merged_res/debug/mergeDebugResources/values-v25_values-v25.arsc.flat
/sdcard/BAI-Test-1-complete-fixed/build/intermediates/merged_res/debug/mergeDebugResources/values-v26_values-v26.arsc.flat
/sdcard/BAI-Test-1-complete-fixed/build/intermediates/merged_res/debug/mergeDebugResources/values-v27_values-v27.arsc.flat
/sdcard/BAI-Test-1-complete-fixed/build/intermediates/merged_res/debug/mergeDebugResources/values-v28_values-v28.arsc.flat
/sdcard/BAI-Test-1-complete-fixed/build/intermediates/merged_res/debug/mergeDebugResources/values-v33_values-v33.arsc.flat
/sdcard/BAI-Test-1-complete-fixed/build/intermediates/merged_res/debug/mergeDebugResources/values-v34_values-v34.arsc.flat
/sdcard/BAI-Test-1-complete-fixed/build/intermediates/merged_res/debug/mergeDebugResources/values-vi_values-vi.arsc.flat
/sdcard/BAI-Test-1-complete-fixed/build/intermediates/merged_res/debug/mergeDebugResources/values-w360dp-port-v13_values-w360dp-port-v13.arsc.flat
/sdcard/BAI-Test-1-complete-fixed/build/intermediates/merged_res/debug/mergeDebugResources/values-watch-v20_values-watch-v20.arsc.flat
/sdcard/BAI-Test-1-complete-fixed/build/intermediates/merged_res/debug/mergeDebugResources/values-zh-rCN_values-zh-rCN.arsc.flat
/sdcard/BAI-Test-1-complete-fixed/build/intermediates/merged_res/debug/mergeDebugResources/values-zh-rTW_values-zh-rTW.arsc.flat
/sdcard/BAI-Test-1-complete-fixed/build/intermediates/merged_res/debug/mergeDebugResources/xml_locales_config.xml.flat
/sdcard/BAI-Test-1-complete-fixed/build/intermediates/merged_res/debug/mergeDebugResources/xml_preferences_lbs.xml.flat
/sdcard/BAI-Test-1-complete-fixed/build/intermediates/merged_res/debug/mergeDebugResources/xml_preferences_super_secret.xml.flat
/sdcard/BAI-Test-1-complete-fixed/build/intermediates/merged_res/debugAndroidTest
/sdcard/BAI-Test-1-complete-fixed/build/intermediates/merged_res/debugAndroidTest/mergeDebugAndroidTestResources
/sdcard/BAI-Test-1-complete-fixed/build/intermediates/merged_res/release
/sdcard/BAI-Test-1-complete-fixed/build/intermediates/merged_res/release/mergeReleaseResources
/sdcard/BAI-Test-1-complete-fixed/build/intermediates/merged_res/release/mergeReleaseResources/anim_alpha_in.xml.flat
/sdcard/BAI-Test-1-complete-fixed/build/intermediates/merged_res/release/mergeReleaseResources/anim_alpha_out.xml.flat
/sdcard/BAI-Test-1-complete-fixed/build/intermediates/merged_res/release/mergeReleaseResources/color_selector_bottom_navigation.xml.flat
/sdcard/BAI-Test-1-complete-fixed/build/intermediates/merged_res/release/mergeReleaseResources/color_selector_chip_background_color_filter.xml.flat
/sdcard/BAI-Test-1-complete-fixed/build/intermediates/merged_res/release/mergeReleaseResources/color_selector_chip_background_color_selection.xml.flat
/sdcard/BAI-Test-1-complete-fixed/build/intermediates/merged_res/release/mergeReleaseResources/color_selector_chip_text_color_selection.xml.flat
/sdcard/BAI-Test-1-complete-fixed/build/intermediates/merged_res/release/mergeReleaseResources/color_selector_fastscroll_thumb_color.xml.flat
/sdcard/BAI-Test-1-complete-fixed/build/intermediates/merged_res/release/mergeReleaseResources/color_selector_outlined_button_outline_color.xml.flat
/sdcard/BAI-Test-1-complete-fixed/build/intermediates/merged_res/release/mergeReleaseResources/color_selector_outlined_button_text_color.xml.flat
/sdcard/BAI-Test-1-complete-fixed/build/intermediates/merged_res/release/mergeReleaseResources/color_selector_radio_button.xml.flat
/sdcard/BAI-Test-1-complete-fixed/build/intermediates/merged_res/release/mergeReleaseResources/color_selector_theme_card_ripple.xml.flat
/sdcard/BAI-Test-1-complete-fixed/build/intermediates/merged_res/release/mergeReleaseResources/color_textinputlayout_outline_color.xml.flat
/sdcard/BAI-Test-1-complete-fixed/build/intermediates/merged_res/release/mergeReleaseResources/drawable-v26_icon_b.xml.flat
/sdcard/BAI-Test-1-complete-fixed/build/intermediates/merged_res/release/mergeReleaseResources/drawable-xhdpi_tv_banner.png.flat
/sdcard/BAI-Test-1-complete-fixed/build/intermediates/merged_res/release/mergeReleaseResources/drawable-xxhdpi_tv_banner.png.flat
/sdcard/BAI-Test-1-complete-fixed/build/intermediates/merged_res/release/mergeReleaseResources/drawable-xxxhdpi-v26_icon_f.png.flat
/sdcard/BAI-Test-1-complete-fixed/build/intermediates/merged_res/release/mergeReleaseResources/drawable-xxxhdpi_ic_alert.png.flat
/sdcard/BAI-Test-1-complete-fixed/build/intermediates/merged_res/release/mergeReleaseResources/drawable-xxxhdpi_ic_analytics.png.flat
/sdcard/BAI-Test-1-complete-fixed/build/intermediates/merged_res/release/mergeReleaseResources/drawable-xxxhdpi_ic_auto_theme.png.flat
/sdcard/BAI-Test-1-complete-fixed/build/intermediates/merged_res/release/mergeReleaseResources/drawable-xxxhdpi_ic_backup.png.flat
/sdcard/BAI-Test-1-complete-fixed/build/intermediates/merged_res/release/mergeReleaseResources/drawable-xxxhdpi_ic_backup_dir.png.flat
/sdcard/BAI-Test-1-complete-fixed/build/intermediates/merged_res/release/mergeReleaseResources/drawable-xxxhdpi_ic_backup_name_format.png.flat
/sdcard/BAI-Test-1-complete-fixed/build/intermediates/merged_res/release/mergeReleaseResources/drawable-xxxhdpi_ic_dark_theme.png.flat
/sdcard/BAI-Test-1-complete-fixed/build/intermediates/merged_res/release/mergeReleaseResources/drawable-xxxhdpi_ic_feature.png.flat
/sdcard/BAI-Test-1-complete-fixed/build/intermediates/merged_res/release/mergeReleaseResources/drawable-xxxhdpi_ic_history.png.flat
/sdcard/BAI-Test-1-complete-fixed/build/intermediates/merged_res/release/mergeReleaseResources/drawable-xxxhdpi_ic_home.png.flat
/sdcard/BAI-Test-1-complete-fixed/build/intermediates/merged_res/release/mergeReleaseResources/drawable-xxxhdpi_ic_info.png.flat
/sdcard/BAI-Test-1-complete-fixed/build/intermediates/merged_res/release/mergeReleaseResources/drawable-xxxhdpi_ic_install.png.flat
/sdcard/BAI-Test-1-complete-fixed/build/intermediates/merged_res/release/mergeReleaseResources/drawable-xxxhdpi_ic_install_location.png.flat
/sdcard/BAI-Test-1-complete-fixed/build/intermediates/merged_res/release/mergeReleaseResources/drawable-xxxhdpi_ic_key.png.flat
/sdcard/BAI-Test-1-complete-fixed/build/intermediates/merged_res/release/mergeReleaseResources/drawable-xxxhdpi_ic_open_via.png.flat
/sdcard/BAI-Test-1-complete-fixed/build/intermediates/merged_res/release/mergeReleaseResources/drawable-xxxhdpi_ic_pro_mode.png.flat
/sdcard/BAI-Test-1-complete-fixed/build/intermediates/merged_res/release/mergeReleaseResources/drawable-xxxhdpi_ic_root.png.flat
/sdcard/BAI-Test-1-complete-fixed/build/intermediates/merged_res/release/mergeReleaseResources/drawable-xxxhdpi_ic_settings.png.flat
/sdcard/BAI-Test-1-complete-fixed/build/intermediates/merged_res/release/mergeReleaseResources/drawable-xxxhdpi_ic_sort.png.flat
/sdcard/BAI-Test-1-complete-fixed/build/intermediates/merged_res/release/mergeReleaseResources/drawable-xxxhdpi_ic_unarchive.png.flat
/sdcard/BAI-Test-1-complete-fixed/build/intermediates/merged_res/release/mergeReleaseResources/drawable-xxxhdpi_logo.png.flat
/sdcard/BAI-Test-1-complete-fixed/build/intermediates/merged_res/release/mergeReleaseResources/drawable-xxxhdpi_placeholder_app_icon.png.flat
/sdcard/BAI-Test-1-complete-fixed/build/intermediates/merged_res/release/mergeReleaseResources/drawable-xxxhdpi_tv_banner.png.flat
/sdcard/BAI-Test-1-complete-fixed/build/intermediates/merged_res/release/mergeReleaseResources/drawable_bg_outline_button.xml.flat
/sdcard/BAI-Test-1-complete-fixed/build/intermediates/merged_res/release/mergeReleaseResources/drawable_bg_rounded_alert_dialog.xml.flat
/sdcard/BAI-Test-1-complete-fixed/build/intermediates/merged_res/release/mergeReleaseResources/drawable_bg_rounded_popup.xml.flat
/sdcard/BAI-Test-1-complete-fixed/build/intermediates/merged_res/release/mergeReleaseResources/drawable_fastscroll_thumb.xml.flat
/sdcard/BAI-Test-1-complete-fixed/build/intermediates/merged_res/release/mergeReleaseResources/drawable_fastscroll_thumb_shape.xml.flat
/sdcard/BAI-Test-1-complete-fixed/build/intermediates/merged_res/release/mergeReleaseResources/drawable_ic_backup_enqueue.xml.flat
/sdcard/BAI-Test-1-complete-fixed/build/intermediates/merged_res/release/mergeReleaseResources/drawable_ic_backup_status_higher_version.xml.flat
/sdcard/BAI-Test-1-complete-fixed/build/intermediates/merged_res/release/mergeReleaseResources/drawable_ic_backup_status_lower_version.xml.flat
/sdcard/BAI-Test-1-complete-fixed/build/intermediates/merged_res/release/mergeReleaseResources/drawable_ic_backup_status_not_installed.xml.flat
/sdcard/BAI-Test-1-complete-fixed/build/intermediates/merged_res/release/mergeReleaseResources/drawable_ic_backup_status_no_backup.xml.flat
/sdcard/BAI-Test-1-complete-fixed/build/intermediates/merged_res/release/mergeReleaseResources/drawable_ic_backup_status_same_version.xml.flat
/sdcard/BAI-Test-1-complete-fixed/build/intermediates/merged_res/release/mergeReleaseResources/drawable_ic_chip_checked.xml.flat
/sdcard/BAI-Test-1-complete-fixed/build/intermediates/merged_res/release/mergeReleaseResources/drawable_ic_clear_selection.xml.flat
/sdcard/BAI-Test-1-complete-fixed/build/intermediates/merged_res/release/mergeReleaseResources/drawable_ic_dark_theme_2.xml.flat
/sdcard/BAI-Test-1-complete-fixed/build/intermediates/merged_res/release/mergeReleaseResources/drawable_ic_delete.xml.flat
/sdcard/BAI-Test-1-complete-fixed/build/intermediates/merged_res/release/mergeReleaseResources/drawable_ic_error.xml.flat
/sdcard/BAI-Test-1-complete-fixed/build/intermediates/merged_res/release/mergeReleaseResources/drawable_ic_filter.xml.flat
/sdcard/BAI-Test-1-complete-fixed/build/intermediates/merged_res/release/mergeReleaseResources/drawable_ic_go_back.xml.flat
/sdcard/BAI-Test-1-complete-fixed/build/intermediates/merged_res/release/mergeReleaseResources/drawable_ic_help.xml.flat
/sdcard/BAI-Test-1-complete-fixed/build/intermediates/merged_res/release/mergeReleaseResources/drawable_ic_install_full.xml.flat
/sdcard/BAI-Test-1-complete-fixed/build/intermediates/merged_res/release/mergeReleaseResources/drawable_ic_language.xml.flat
/sdcard/BAI-Test-1-complete-fixed/build/intermediates/merged_res/release/mergeReleaseResources/drawable_ic_launch.xml.flat
/sdcard/BAI-Test-1-complete-fixed/build/intermediates/merged_res/release/mergeReleaseResources/drawable_ic_light_theme.xml.flat
/sdcard/BAI-Test-1-complete-fixed/build/intermediates/merged_res/release/mergeReleaseResources/drawable_ic_more.xml.flat
/sdcard/BAI-Test-1-complete-fixed/build/intermediates/merged_res/release/mergeReleaseResources/drawable_ic_pref_analytics.xml.flat
/sdcard/BAI-Test-1-complete-fixed/build/intermediates/merged_res/release/mergeReleaseResources/drawable_ic_pref_auto_theme.xml.flat
/sdcard/BAI-Test-1-complete-fixed/build/intermediates/merged_res/release/mergeReleaseResources/drawable_ic_pref_backup_dir.xml.flat
/sdcard/BAI-Test-1-complete-fixed/build/intermediates/merged_res/release/mergeReleaseResources/drawable_ic_pref_backup_name_format.xml.flat
/sdcard/BAI-Test-1-complete-fixed/build/intermediates/merged_res/release/mergeReleaseResources/drawable_ic_pref_backup_settings.xml.flat
/sdcard/BAI-Test-1-complete-fixed/build/intermediates/merged_res/release/mergeReleaseResources/drawable_ic_pref_enable_apk_action_view.xml.flat
/sdcard/BAI-Test-1-complete-fixed/build/intermediates/merged_res/release/mergeReleaseResources/drawable_ic_pref_feature.xml.flat
/sdcard/BAI-Test-1-complete-fixed/build/intermediates/merged_res/release/mergeReleaseResources/drawable_ic_pref_home.xml.flat
/sdcard/BAI-Test-1-complete-fixed/build/intermediates/merged_res/release/mergeReleaseResources/drawable_ic_pref_info.xml.flat
/sdcard/BAI-Test-1-complete-fixed/build/intermediates/merged_res/release/mergeReleaseResources/drawable_ic_pref_install_location.xml.flat
/sdcard/BAI-Test-1-complete-fixed/build/intermediates/merged_res/release/mergeReleaseResources/drawable_ic_pref_key.xml.flat
/sdcard/BAI-Test-1-complete-fixed/build/intermediates/merged_res/release/mergeReleaseResources/drawable_ic_pref_language.xml.flat
/sdcard/BAI-Test-1-complete-fixed/build/intermediates/merged_res/release/mergeReleaseResources/drawable_ic_pref_old_installer.xml.flat
/sdcard/BAI-Test-1-complete-fixed/build/intermediates/merged_res/release/mergeReleaseResources/drawable_ic_pref_pro_mode.xml.flat
/sdcard/BAI-Test-1-complete-fixed/build/intermediates/merged_res/release/mergeReleaseResources/drawable_ic_pref_root.xml.flat
/sdcard/BAI-Test-1-complete-fixed/build/intermediates/merged_res/release/mergeReleaseResources/drawable_ic_pref_show_dialogs.xml.flat
/sdcard/BAI-Test-1-complete-fixed/build/intermediates/merged_res/release/mergeReleaseResources/drawable_ic_pref_sort.xml.flat
/sdcard/BAI-Test-1-complete-fixed/build/intermediates/merged_res/release/mergeReleaseResources/drawable_ic_pref_theme.xml.flat
/sdcard/BAI-Test-1-complete-fixed/build/intermediates/merged_res/release/mergeReleaseResources/drawable_ic_pref_unarchive.xml.flat
/sdcard/BAI-Test-1-complete-fixed/build/intermediates/merged_res/release/mergeReleaseResources/drawable_ic_restore.xml.flat
/sdcard/BAI-Test-1-complete-fixed/build/intermediates/merged_res/release/mergeReleaseResources/drawable_ic_search.xml.flat
/sdcard/BAI-Test-1-complete-fixed/build/intermediates/merged_res/release/mergeReleaseResources/drawable_ic_select_all.xml.flat
/sdcard/BAI-Test-1-complete-fixed/build/intermediates/merged_res/release/mergeReleaseResources/drawable_ic_warning.xml.flat
/sdcard/BAI-Test-1-complete-fixed/build/intermediates/merged_res/release/mergeReleaseResources/layout_activity_backup_manage_app.xml.flat
/sdcard/BAI-Test-1-complete-fixed/build/intermediates/merged_res/release/mergeReleaseResources/layout_activity_backup_settings.xml.flat
/sdcard/BAI-Test-1-complete-fixed/build/intermediates/merged_res/release/mergeReleaseResources/layout_activity_eula.xml.flat
/sdcard/BAI-Test-1-complete-fixed/build/intermediates/merged_res/release/mergeReleaseResources/layout_activity_licenses.xml.flat
/sdcard/BAI-Test-1-complete-fixed/build/intermediates/merged_res/release/mergeReleaseResources/layout_dialog_backup.xml.flat
/sdcard/BAI-Test-1-complete-fixed/build/intermediates/merged_res/release/mergeReleaseResources/layout_dialog_bottom_sheet_base.xml.flat
/sdcard/BAI-Test-1-complete-fixed/build/intermediates/merged_res/release/mergeReleaseResources/layout_dialog_dark_light_theme_selection.xml.flat
/sdcard/BAI-Test-1-complete-fixed/build/intermediates/merged_res/release/mergeReleaseResources/layout_dialog_name_format_builder.xml.flat
/sdcard/BAI-Test-1-complete-fixed/build/intermediates/merged_res/release/mergeReleaseResources/layout_fragment_backup_manage_app.xml.flat
/sdcard/BAI-Test-1-complete-fixed/build/intermediates/merged_res/release/mergeReleaseResources/layout_fragment_installer2.xml.flat
/sdcard/BAI-Test-1-complete-fixed/build/intermediates/merged_res/release/mergeReleaseResources/layout_item_backup_app_details_backup.xml.flat
/sdcard/BAI-Test-1-complete-fixed/build/intermediates/merged_res/release/mergeReleaseResources/layout_item_backup_app_feature.xml.flat
/sdcard/BAI-Test-1-complete-fixed/build/intermediates/merged_res/release/mergeReleaseResources/layout_item_backup_component.xml.flat
/sdcard/BAI-Test-1-complete-fixed/build/intermediates/merged_res/release/mergeReleaseResources/layout_item_backup_package.xml.flat
/sdcard/BAI-Test-1-complete-fixed/build/intermediates/merged_res/release/mergeReleaseResources/layout_item_installerx_split_category.xml.flat
/sdcard/BAI-Test-1-complete-fixed/build/intermediates/merged_res/release/mergeReleaseResources/layout_item_installer_session.xml.flat
/sdcard/BAI-Test-1-complete-fixed/build/intermediates/merged_res/release/mergeReleaseResources/layout_item_name_format_builder_chip.xml.flat
/sdcard/BAI-Test-1-complete-fixed/build/intermediates/merged_res/release/mergeReleaseResources/layout_item_single_choice_dialog.xml.flat
/sdcard/BAI-Test-1-complete-fixed/build/intermediates/merged_res/release/mergeReleaseResources/layout_item_theme.xml.flat
/sdcard/BAI-Test-1-complete-fixed/build/intermediates/merged_res/release/mergeReleaseResources/menu_backup_fragment.xml.flat
/sdcard/BAI-Test-1-complete-fixed/build/intermediates/merged_res/release/mergeReleaseResources/mipmap-anydpi-v26_icon.xml.flat
/sdcard/BAI-Test-1-complete-fixed/build/intermediates/merged_res/release/mergeReleaseResources/mipmap-xxxhdpi_icon.png.flat
/sdcard/BAI-Test-1-complete-fixed/build/intermediates/merged_res/release/mergeReleaseResources/values-as_values-as.arsc.flat
/sdcard/BAI-Test-1-complete-fixed/build/intermediates/merged_res/release/mergeReleaseResources/values-b+es+419_values-b+es+419.arsc.flat
/sdcard/BAI-Test-1-complete-fixed/build/intermediates/merged_res/release/mergeReleaseResources/values-b+sr+Latn_values-b+sr+Latn.arsc.flat
/sdcard/BAI-Test-1-complete-fixed/build/intermediates/merged_res/release/mergeReleaseResources/values-bn_values-bn.arsc.flat
/sdcard/BAI-Test-1-complete-fixed/build/intermediates/merged_res/release/mergeReleaseResources/values-ca_values-ca.arsc.flat
/sdcard/BAI-Test-1-complete-fixed/build/intermediates/merged_res/release/mergeReleaseResources/values-cs_values-cs.arsc.flat
/sdcard/BAI-Test-1-complete-fixed/build/intermediates/merged_res/release/mergeReleaseResources/values-de_values-de.arsc.flat
/sdcard/BAI-Test-1-complete-fixed/build/intermediates/merged_res/release/mergeReleaseResources/values-el_values-el.arsc.flat
/sdcard/BAI-Test-1-complete-fixed/build/intermediates/merged_res/release/mergeReleaseResources/values-en-rGB_values-en-rGB.arsc.flat
/sdcard/BAI-Test-1-complete-fixed/build/intermediates/merged_res/release/mergeReleaseResources/values-en-rIN_values-en-rIN.arsc.flat
/sdcard/BAI-Test-1-complete-fixed/build/intermediates/merged_res/release/mergeReleaseResources/values-es-rUS_values-es-rUS.arsc.flat
/sdcard/BAI-Test-1-complete-fixed/build/intermediates/merged_res/release/mergeReleaseResources/values-es_values-es.arsc.flat
/sdcard/BAI-Test-1-complete-fixed/build/intermediates/merged_res/release/mergeReleaseResources/values-et_values-et.arsc.flat
/sdcard/BAI-Test-1-complete-fixed/build/intermediates/merged_res/release/mergeReleaseResources/values-fa_values-fa.arsc.flat
/sdcard/BAI-Test-1-complete-fixed/build/intermediates/merged_res/release/mergeReleaseResources/values-fr-rCA_values-fr-rCA.arsc.flat
/sdcard/BAI-Test-1-complete-fixed/build/intermediates/merged_res/release/mergeReleaseResources/values-fr_values-fr.arsc.flat
/sdcard/BAI-Test-1-complete-fixed/build/intermediates/merged_res/release/mergeReleaseResources/values-gl_values-gl.arsc.flat
/sdcard/BAI-Test-1-complete-fixed/build/intermediates/merged_res/release/mergeReleaseResources/values-h320dp-port-v13_values-h320dp-port-v13.arsc.flat
/sdcard/BAI-Test-1-complete-fixed/build/intermediates/merged_res/release/mergeReleaseResources/values-h480dp-v13_values-h480dp-v13.arsc.flat
/sdcard/BAI-Test-1-complete-fixed/build/intermediates/merged_res/release/mergeReleaseResources/values-hr_values-hr.arsc.flat
/sdcard/BAI-Test-1-complete-fixed/build/intermediates/merged_res/release/mergeReleaseResources/values-hu_values-hu.arsc.flat
/sdcard/BAI-Test-1-complete-fixed/build/intermediates/merged_res/release/mergeReleaseResources/values-hy_values-hy.arsc.flat
/sdcard/BAI-Test-1-complete-fixed/build/intermediates/merged_res/release/mergeReleaseResources/values-in_values-in.arsc.flat
/sdcard/BAI-Test-1-complete-fixed/build/intermediates/merged_res/release/mergeReleaseResources/values-is_values-is.arsc.flat
/sdcard/BAI-Test-1-complete-fixed/build/intermediates/merged_res/release/mergeReleaseResources/values-it_values-it.arsc.flat
/sdcard/BAI-Test-1-complete-fixed/build/intermediates/merged_res/release/mergeReleaseResources/values-ja_values-ja.arsc.flat
/sdcard/BAI-Test-1-complete-fixed/build/intermediates/merged_res/release/mergeReleaseResources/values-kk_values-kk.arsc.flat
/sdcard/BAI-Test-1-complete-fixed/build/intermediates/merged_res/release/mergeReleaseResources/values-kn_values-kn.arsc.flat
/sdcard/BAI-Test-1-complete-fixed/build/intermediates/merged_res/release/mergeReleaseResources/values-ko_values-ko.arsc.flat
/sdcard/BAI-Test-1-complete-fixed/build/intermediates/merged_res/release/mergeReleaseResources/values-ky_values-ky.arsc.flat
/sdcard/BAI-Test-1-complete-fixed/build/intermediates/merged_res/release/mergeReleaseResources/values-land_values-land.arsc.flat
/sdcard/BAI-Test-1-complete-fixed/build/intermediates/merged_res/release/mergeReleaseResources/values-large-v4_values-large-v4.arsc.flat
/sdcard/BAI-Test-1-complete-fixed/build/intermediates/merged_res/release/mergeReleaseResources/values-ldrtl-v17_values-ldrtl-v17.arsc.flat
/sdcard/BAI-Test-1-complete-fixed/build/intermediates/merged_res/release/mergeReleaseResources/values-lv_values-lv.arsc.flat
/sdcard/BAI-Test-1-complete-fixed/build/intermediates/merged_res/release/mergeReleaseResources/values-mn_values-mn.arsc.flat
/sdcard/BAI-Test-1-complete-fixed/build/intermediates/merged_res/release/mergeReleaseResources/values-mr_values-mr.arsc.flat
/sdcard/BAI-Test-1-complete-fixed/build/intermediates/merged_res/release/mergeReleaseResources/values-ne_values-ne.arsc.flat
/sdcard/BAI-Test-1-complete-fixed/build/intermediates/merged_res/release/mergeReleaseResources/values-pl_values-pl.arsc.flat
/sdcard/BAI-Test-1-complete-fixed/build/intermediates/merged_res/release/mergeReleaseResources/values-pt_values-pt.arsc.flat
/sdcard/BAI-Test-1-complete-fixed/build/intermediates/merged_res/release/mergeReleaseResources/values-ru_values-ru.arsc.flat
/sdcard/BAI-Test-1-complete-fixed/build/intermediates/merged_res/release/mergeReleaseResources/values-sl_values-sl.arsc.flat
/sdcard/BAI-Test-1-complete-fixed/build/intermediates/merged_res/release/mergeReleaseResources/values-sq_values-sq.arsc.flat
/sdcard/BAI-Test-1-complete-fixed/build/intermediates/merged_res/release/mergeReleaseResources/values-sr_values-sr.arsc.flat
/sdcard/BAI-Test-1-complete-fixed/build/intermediates/merged_res/release/mergeReleaseResources/values-sv_values-sv.arsc.flat
/sdcard/BAI-Test-1-complete-fixed/build/intermediates/merged_res/release/mergeReleaseResources/values-sw360dp-v13_values-sw360dp-v13.arsc.flat
/sdcard/BAI-Test-1-complete-fixed/build/intermediates/merged_res/release/mergeReleaseResources/values-sw_values-sw.arsc.flat
/sdcard/BAI-Test-1-complete-fixed/build/intermediates/merged_res/release/mergeReleaseResources/values-th_values-th.arsc.flat
/sdcard/BAI-Test-1-complete-fixed/build/intermediates/merged_res/release/mergeReleaseResources/values-tl_values-tl.arsc.flat
/sdcard/BAI-Test-1-complete-fixed/build/intermediates/merged_res/release/mergeReleaseResources/values-v16_values-v16.arsc.flat
/sdcard/BAI-Test-1-complete-fixed/build/intermediates/merged_res/release/mergeReleaseResources/values-v24_values-v24.arsc.flat
/sdcard/BAI-Test-1-complete-fixed/build/intermediates/merged_res/release/mergeReleaseResources/values-v25_values-v25.arsc.flat
/sdcard/BAI-Test-1-complete-fixed/build/intermediates/merged_res/release/mergeReleaseResources/values-v27_values-v27.arsc.flat
/sdcard/BAI-Test-1-complete-fixed/build/intermediates/merged_res/release/mergeReleaseResources/values-vi_values-vi.arsc.flat
/sdcard/BAI-Test-1-complete-fixed/build/intermediates/merged_res/release/mergeReleaseResources/values-w320dp-land-v13_values-w320dp-land-v13.arsc.flat
/sdcard/BAI-Test-1-complete-fixed/build/intermediates/merged_res/release/mergeReleaseResources/values-w360dp-port-v13_values-w360dp-port-v13.arsc.flat
/sdcard/BAI-Test-1-complete-fixed/build/intermediates/merged_res/release/mergeReleaseResources/values-watch-v21_values-watch-v21.arsc.flat
/sdcard/BAI-Test-1-complete-fixed/build/intermediates/merged_res/release/mergeReleaseResources/values-zh-rHK_values-zh-rHK.arsc.flat
/sdcard/BAI-Test-1-complete-fixed/build/intermediates/merged_res/release/mergeReleaseResources/values-zh-rTW_values-zh-rTW.arsc.flat
/sdcard/BAI-Test-1-complete-fixed/build/intermediates/merged_res/release/mergeReleaseResources/values-zu_values-zu.arsc.flat
/sdcard/BAI-Test-1-complete-fixed/build/intermediates/merged_res/release/mergeReleaseResources/values_values.arsc.flat
/sdcard/BAI-Test-1-complete-fixed/build/intermediates/merged_res/release/mergeReleaseResources/xml_preferences_super_secret.xml.flat
/sdcard/BAI-Test-1-complete-fixed/build/intermediates/merged_res/release/mergeReleaseResources/layout_activity_about.xml.flat
/sdcard/BAI-Test-1-complete-fixed/build/intermediates/merged_res/release/mergeReleaseResources/layout_activity_main.xml.flat
/sdcard/BAI-Test-1-complete-fixed/build/intermediates/merged_res/release/mergeReleaseResources/layout_activity_mi.xml.flat
/sdcard/BAI-Test-1-complete-fixed/build/intermediates/merged_res/release/mergeReleaseResources/layout_activity_preferences.xml.flat
/sdcard/BAI-Test-1-complete-fixed/build/intermediates/merged_res/release/mergeReleaseResources/layout_dialog_filter.xml.flat
/sdcard/BAI-Test-1-complete-fixed/build/intermediates/merged_res/release/mergeReleaseResources/layout_dialog_installerx.xml.flat
/sdcard/BAI-Test-1-complete-fixed/build/intermediates/merged_res/release/mergeReleaseResources/layout_fragment_backup.xml.flat
/sdcard/BAI-Test-1-complete-fixed/build/intermediates/merged_res/release/mergeReleaseResources/layout_fragment_installer.xml.flat
/sdcard/BAI-Test-1-complete-fixed/build/intermediates/merged_res/release/mergeReleaseResources/layout_fragment_local_backup_storage_setup.xml.flat
/sdcard/BAI-Test-1-complete-fixed/build/intermediates/merged_res/release/mergeReleaseResources/layout_fragment_mi_entry.xml.flat
/sdcard/BAI-Test-1-complete-fixed/build/intermediates/merged_res/release/mergeReleaseResources/layout_item_backup_app_details_header.xml.flat
/sdcard/BAI-Test-1-complete-fixed/build/intermediates/merged_res/release/mergeReleaseResources/layout_item_backup_dialog_split_part.xml.flat
/sdcard/BAI-Test-1-complete-fixed/build/intermediates/merged_res/release/mergeReleaseResources/layout_item_installerx_header.xml.flat
/sdcard/BAI-Test-1-complete-fixed/build/intermediates/merged_res/release/mergeReleaseResources/layout_item_installerx_notice.xml.flat
/sdcard/BAI-Test-1-complete-fixed/build/intermediates/merged_res/release/mergeReleaseResources/layout_item_installerx_split_part.xml.flat
/sdcard/BAI-Test-1-complete-fixed/build/intermediates/merged_res/release/mergeReleaseResources/layout_item_license.xml.flat
/sdcard/BAI-Test-1-complete-fixed/build/intermediates/merged_res/release/mergeReleaseResources/menu_app_details.xml.flat
/sdcard/BAI-Test-1-complete-fixed/build/intermediates/merged_res/release/mergeReleaseResources/menu_bottom_navigation.xml.flat
/sdcard/BAI-Test-1-complete-fixed/build/intermediates/merged_res/release/mergeReleaseResources/values-af_values-af.arsc.flat
/sdcard/BAI-Test-1-complete-fixed/build/intermediates/merged_res/release/mergeReleaseResources/values-am_values-am.arsc.flat
/sdcard/BAI-Test-1-complete-fixed/build/intermediates/merged_res/release/mergeReleaseResources/values-ar_values-ar.arsc.flat
/sdcard/BAI-Test-1-complete-fixed/build/intermediates/merged_res/release/mergeReleaseResources/values-az_values-az.arsc.flat
/sdcard/BAI-Test-1-complete-fixed/build/intermediates/merged_res/release/mergeReleaseResources/values-be_values-be.arsc.flat
/sdcard/BAI-Test-1-complete-fixed/build/intermediates/merged_res/release/mergeReleaseResources/values-bg_values-bg.arsc.flat
/sdcard/BAI-Test-1-complete-fixed/build/intermediates/merged_res/release/mergeReleaseResources/values-bs_values-bs.arsc.flat
/sdcard/BAI-Test-1-complete-fixed/build/intermediates/merged_res/release/mergeReleaseResources/values-da_values-da.arsc.flat
/sdcard/BAI-Test-1-complete-fixed/build/intermediates/merged_res/release/mergeReleaseResources/values-en-rAU_values-en-rAU.arsc.flat
/sdcard/BAI-Test-1-complete-fixed/build/intermediates/merged_res/release/mergeReleaseResources/values-en-rCA_values-en-rCA.arsc.flat
/sdcard/BAI-Test-1-complete-fixed/build/intermediates/merged_res/release/mergeReleaseResources/values-en-rXC_values-en-rXC.arsc.flat
/sdcard/BAI-Test-1-complete-fixed/build/intermediates/merged_res/release/mergeReleaseResources/values-eu_values-eu.arsc.flat
/sdcard/BAI-Test-1-complete-fixed/build/intermediates/merged_res/release/mergeReleaseResources/values-fi_values-fi.arsc.flat
/sdcard/BAI-Test-1-complete-fixed/build/intermediates/merged_res/release/mergeReleaseResources/values-gu_values-gu.arsc.flat
/sdcard/BAI-Test-1-complete-fixed/build/intermediates/merged_res/release/mergeReleaseResources/values-h320dp-v13_values-h320dp-v13.arsc.flat
/sdcard/BAI-Test-1-complete-fixed/build/intermediates/merged_res/release/mergeReleaseResources/values-h360dp-land-v13_values-h360dp-land-v13.arsc.flat
/sdcard/BAI-Test-1-complete-fixed/build/intermediates/merged_res/release/mergeReleaseResources/values-h480dp-land-v13_values-h480dp-land-v13.arsc.flat
/sdcard/BAI-Test-1-complete-fixed/build/intermediates/merged_res/release/mergeReleaseResources/values-h550dp-port-v13_values-h550dp-port-v13.arsc.flat
/sdcard/BAI-Test-1-complete-fixed/build/intermediates/merged_res/release/mergeReleaseResources/values-h720dp-v13_values-h720dp-v13.arsc.flat
/sdcard/BAI-Test-1-complete-fixed/build/intermediates/merged_res/release/mergeReleaseResources/values-hdpi-v4_values-hdpi-v4.arsc.flat
/sdcard/BAI-Test-1-complete-fixed/build/intermediates/merged_res/release/mergeReleaseResources/values-hi_values-hi.arsc.flat
/sdcard/BAI-Test-1-complete-fixed/build/intermediates/merged_res/release/mergeReleaseResources/values-iw_values-iw.arsc.flat
/sdcard/BAI-Test-1-complete-fixed/build/intermediates/merged_res/release/mergeReleaseResources/values-ka_values-ka.arsc.flat
/sdcard/BAI-Test-1-complete-fixed/build/intermediates/merged_res/release/mergeReleaseResources/values-km_values-km.arsc.flat
/sdcard/BAI-Test-1-complete-fixed/build/intermediates/merged_res/release/mergeReleaseResources/values-ldltr-v21_values-ldltr-v21.arsc.flat
/sdcard/BAI-Test-1-complete-fixed/build/intermediates/merged_res/release/mergeReleaseResources/values-lo_values-lo.arsc.flat
/sdcard/BAI-Test-1-complete-fixed/build/intermediates/merged_res/release/mergeReleaseResources/values-lt_values-lt.arsc.flat
/sdcard/BAI-Test-1-complete-fixed/build/intermediates/merged_res/release/mergeReleaseResources/values-mk_values-mk.arsc.flat
/sdcard/BAI-Test-1-complete-fixed/build/intermediates/merged_res/release/mergeReleaseResources/values-ml_values-ml.arsc.flat
/sdcard/BAI-Test-1-complete-fixed/build/intermediates/merged_res/release/mergeReleaseResources/values-ms_values-ms.arsc.flat
/sdcard/BAI-Test-1-complete-fixed/build/intermediates/merged_res/release/mergeReleaseResources/values-my_values-my.arsc.flat
/sdcard/BAI-Test-1-complete-fixed/build/intermediates/merged_res/release/mergeReleaseResources/values-nb_values-nb.arsc.flat
/sdcard/BAI-Test-1-complete-fixed/build/intermediates/merged_res/release/mergeReleaseResources/values-night-v8_values-night-v8.arsc.flat
/sdcard/BAI-Test-1-complete-fixed/build/intermediates/merged_res/release/mergeReleaseResources/values-nl_values-nl.arsc.flat
/sdcard/BAI-Test-1-complete-fixed/build/intermediates/merged_res/release/mergeReleaseResources/values-or_values-or.arsc.flat
/sdcard/BAI-Test-1-complete-fixed/build/intermediates/merged_res/release/mergeReleaseResources/values-pa_values-pa.arsc.flat
/sdcard/BAI-Test-1-complete-fixed/build/intermediates/merged_res/release/mergeReleaseResources/values-port_values-port.arsc.flat
/sdcard/BAI-Test-1-complete-fixed/build/intermediates/merged_res/release/mergeReleaseResources/values-pt-rBR_values-pt-rBR.arsc.flat
/sdcard/BAI-Test-1-complete-fixed/build/intermediates/merged_res/release/mergeReleaseResources/values-pt-rPT_values-pt-rPT.arsc.flat
/sdcard/BAI-Test-1-complete-fixed/build/intermediates/merged_res/release/mergeReleaseResources/values-ro_values-ro.arsc.flat
/sdcard/BAI-Test-1-complete-fixed/build/intermediates/merged_res/release/mergeReleaseResources/values-si_values-si.arsc.flat
/sdcard/BAI-Test-1-complete-fixed/build/intermediates/merged_res/release/mergeReleaseResources/values-sk_values-sk.arsc.flat
/sdcard/BAI-Test-1-complete-fixed/build/intermediates/merged_res/release/mergeReleaseResources/values-sv-rSE_values-sv-rSE.arsc.flat
/sdcard/BAI-Test-1-complete-fixed/build/intermediates/merged_res/release/mergeReleaseResources/values-sw600dp-v13_values-sw600dp-v13.arsc.flat
/sdcard/BAI-Test-1-complete-fixed/build/intermediates/merged_res/release/mergeReleaseResources/values-ta_values-ta.arsc.flat
/sdcard/BAI-Test-1-complete-fixed/build/intermediates/merged_res/release/mergeReleaseResources/values-te_values-te.arsc.flat
/sdcard/BAI-Test-1-complete-fixed/build/intermediates/merged_res/release/mergeReleaseResources/values-tr_values-tr.arsc.flat
/sdcard/BAI-Test-1-complete-fixed/build/intermediates/merged_res/release/mergeReleaseResources/values-uk_values-uk.arsc.flat
/sdcard/BAI-Test-1-complete-fixed/build/intermediates/merged_res/release/mergeReleaseResources/values-ur_values-ur.arsc.flat
/sdcard/BAI-Test-1-complete-fixed/build/intermediates/merged_res/release/mergeReleaseResources/values-uz_values-uz.arsc.flat
/sdcard/BAI-Test-1-complete-fixed/build/intermediates/merged_res/release/mergeReleaseResources/values-v17_values-v17.arsc.flat
/sdcard/BAI-Test-1-complete-fixed/build/intermediates/merged_res/release/mergeReleaseResources/values-v18_values-v18.arsc.flat
/sdcard/BAI-Test-1-complete-fixed/build/intermediates/merged_res/release/mergeReleaseResources/values-v21_values-v21.arsc.flat
/sdcard/BAI-Test-1-complete-fixed/build/intermediates/merged_res/release/mergeReleaseResources/values-v22_values-v22.arsc.flat
/sdcard/BAI-Test-1-complete-fixed/build/intermediates/merged_res/release/mergeReleaseResources/values-v23_values-v23.arsc.flat
/sdcard/BAI-Test-1-complete-fixed/build/intermediates/merged_res/release/mergeReleaseResources/values-v26_values-v26.arsc.flat
/sdcard/BAI-Test-1-complete-fixed/build/intermediates/merged_res/release/mergeReleaseResources/values-v28_values-v28.arsc.flat
/sdcard/BAI-Test-1-complete-fixed/build/intermediates/merged_res/release/mergeReleaseResources/values-v31_values-v31.arsc.flat
/sdcard/BAI-Test-1-complete-fixed/build/intermediates/merged_res/release/mergeReleaseResources/values-v33_values-v33.arsc.flat
/sdcard/BAI-Test-1-complete-fixed/build/intermediates/merged_res/release/mergeReleaseResources/values-v34_values-v34.arsc.flat
/sdcard/BAI-Test-1-complete-fixed/build/intermediates/merged_res/release/mergeReleaseResources/values-v35_values-v35.arsc.flat
/sdcard/BAI-Test-1-complete-fixed/build/intermediates/merged_res/release/mergeReleaseResources/values-w400dp-port-v13_values-w400dp-port-v13.arsc.flat
/sdcard/BAI-Test-1-complete-fixed/build/intermediates/merged_res/release/mergeReleaseResources/values-w600dp-land-v13_values-w600dp-land-v13.arsc.flat
/sdcard/BAI-Test-1-complete-fixed/build/intermediates/merged_res/release/mergeReleaseResources/values-w600dp-v13_values-w600dp-v13.arsc.flat
/sdcard/BAI-Test-1-complete-fixed/build/intermediates/merged_res/release/mergeReleaseResources/values-w820dp-v13_values-w820dp-v13.arsc.flat
/sdcard/BAI-Test-1-complete-fixed/build/intermediates/merged_res/release/mergeReleaseResources/values-watch-v20_values-watch-v20.arsc.flat
/sdcard/BAI-Test-1-complete-fixed/build/intermediates/merged_res/release/mergeReleaseResources/values-xlarge-v4_values-xlarge-v4.arsc.flat
/sdcard/BAI-Test-1-complete-fixed/build/intermediates/merged_res/release/mergeReleaseResources/values-zh-rCN_values-zh-rCN.arsc.flat
/sdcard/BAI-Test-1-complete-fixed/build/intermediates/merged_res/release/mergeReleaseResources/xml_locales_config.xml.flat
/sdcard/BAI-Test-1-complete-fixed/build/intermediates/merged_res/release/mergeReleaseResources/xml_preferences_lbs.xml.flat
/sdcard/BAI-Test-1-complete-fixed/build/intermediates/merged_res/release/mergeReleaseResources/xml_preferences_main.xml.flat
/sdcard/BAI-Test-1-complete-fixed/build/intermediates/merged_res_blame_folder
/sdcard/BAI-Test-1-complete-fixed/build/intermediates/merged_res_blame_folder/debug
/sdcard/BAI-Test-1-complete-fixed/build/intermediates/merged_res_blame_folder/debug/mergeDebugResources
/sdcard/BAI-Test-1-complete-fixed/build/intermediates/merged_res_blame_folder/debug/mergeDebugResources/out
/sdcard/BAI-Test-1-complete-fixed/build/intermediates/merged_res_blame_folder/debug/mergeDebugResources/out/multi-v2
/sdcard/BAI-Test-1-complete-fixed/build/intermediates/merged_res_blame_folder/debug/mergeDebugResources/out/multi-v2/mergeDebugResources.json
/sdcard/BAI-Test-1-complete-fixed/build/intermediates/merged_res_blame_folder/debug/mergeDebugResources/out/multi-v2/values-af.json
/sdcard/BAI-Test-1-complete-fixed/build/intermediates/merged_res_blame_folder/debug/mergeDebugResources/out/multi-v2/values-am.json
/sdcard/BAI-Test-1-complete-fixed/build/intermediates/merged_res_blame_folder/debug/mergeDebugResources/out/multi-v2/values-ar.json
/sdcard/BAI-Test-1-complete-fixed/build/intermediates/merged_res_blame_folder/debug/mergeDebugResources/out/multi-v2/values-as.json
/sdcard/BAI-Test-1-complete-fixed/build/intermediates/merged_res_blame_folder/debug/mergeDebugResources/out/multi-v2/values-az.json
/sdcard/BAI-Test-1-complete-fixed/build/intermediates/merged_res_blame_folder/debug/mergeDebugResources/out/multi-v2/values-b+es+419.json
/sdcard/BAI-Test-1-complete-fixed/build/intermediates/merged_res_blame_folder/debug/mergeDebugResources/out/multi-v2/values-b+sr+Latn.json
/sdcard/BAI-Test-1-complete-fixed/build/intermediates/merged_res_blame_folder/debug/mergeDebugResources/out/multi-v2/values-be.json
/sdcard/BAI-Test-1-complete-fixed/build/intermediates/merged_res_blame_folder/debug/mergeDebugResources/out/multi-v2/values-bg.json
/sdcard/BAI-Test-1-complete-fixed/build/intermediates/merged_res_blame_folder/debug/mergeDebugResources/out/multi-v2/values-bn.json
/sdcard/BAI-Test-1-complete-fixed/build/intermediates/merged_res_blame_folder/debug/mergeDebugResources/out/multi-v2/values-bs.json
/sdcard/BAI-Test-1-complete-fixed/build/intermediates/merged_res_blame_folder/debug/mergeDebugResources/out/multi-v2/values-ca.json
/sdcard/BAI-Test-1-complete-fixed/build/intermediates/merged_res_blame_folder/debug/mergeDebugResources/out/multi-v2/values-cs.json
/sdcard/BAI-Test-1-complete-fixed/build/intermediates/merged_res_blame_folder/debug/mergeDebugResources/out/multi-v2/values-da.json
/sdcard/BAI-Test-1-complete-fixed/build/intermediates/merged_res_blame_folder/debug/mergeDebugResources/out/multi-v2/values-de.json
/sdcard/BAI-Test-1-complete-fixed/build/intermediates/merged_res_blame_folder/debug/mergeDebugResources/out/multi-v2/values-el.json
/sdcard/BAI-Test-1-complete-fixed/build/intermediates/merged_res_blame_folder/debug/mergeDebugResources/out/multi-v2/values-en-rAU.json
/sdcard/BAI-Test-1-complete-fixed/build/intermediates/merged_res_blame_folder/debug/mergeDebugResources/out/multi-v2/values-en-rCA.json
/sdcard/BAI-Test-1-complete-fixed/build/intermediates/merged_res_blame_folder/debug/mergeDebugResources/out/multi-v2/values-en-rGB.json
/sdcard/BAI-Test-1-complete-fixed/build/intermediates/merged_res_blame_folder/debug/mergeDebugResources/out/multi-v2/values-en-rIN.json
/sdcard/BAI-Test-1-complete-fixed/build/intermediates/merged_res_blame_folder/debug/mergeDebugResources/out/multi-v2/values-en-rXC.json
/sdcard/BAI-Test-1-complete-fixed/build/intermediates/merged_res_blame_folder/debug/mergeDebugResources/out/multi-v2/values-es-rUS.json
/sdcard/BAI-Test-1-complete-fixed/build/intermediates/merged_res_blame_folder/debug/mergeDebugResources/out/multi-v2/values-es.json
/sdcard/BAI-Test-1-complete-fixed/build/intermediates/merged_res_blame_folder/debug/mergeDebugResources/out/multi-v2/values-et.json
/sdcard/BAI-Test-1-complete-fixed/build/intermediates/merged_res_blame_folder/debug/mergeDebugResources/out/multi-v2/values-eu.json
/sdcard/BAI-Test-1-complete-fixed/build/intermediates/merged_res_blame_folder/debug/mergeDebugResources/out/multi-v2/values-fa.json
/sdcard/BAI-Test-1-complete-fixed/build/intermediates/merged_res_blame_folder/debug/mergeDebugResources/out/multi-v2/values-fi.json
/sdcard/BAI-Test-1-complete-fixed/build/intermediates/merged_res_blame_folder/debug/mergeDebugResources/out/multi-v2/values-fr-rCA.json
/sdcard/BAI-Test-1-complete-fixed/build/intermediates/merged_res_blame_folder/debug/mergeDebugResources/out/multi-v2/values-fr.json
/sdcard/BAI-Test-1-complete-fixed/build/intermediates/merged_res_blame_folder/debug/mergeDebugResources/out/multi-v2/values-gl.json
/sdcard/BAI-Test-1-complete-fixed/build/intermediates/merged_res_blame_folder/debug/mergeDebugResources/out/multi-v2/values-gu.json
/sdcard/BAI-Test-1-complete-fixed/build/intermediates/merged_res_blame_folder/debug/mergeDebugResources/out/multi-v2/values-h320dp-port-v13.json
/sdcard/BAI-Test-1-complete-fixed/build/intermediates/merged_res_blame_folder/debug/mergeDebugResources/out/multi-v2/values-h320dp-v13.json
/sdcard/BAI-Test-1-complete-fixed/build/intermediates/merged_res_blame_folder/debug/mergeDebugResources/out/multi-v2/values-h360dp-land-v13.json
/sdcard/BAI-Test-1-complete-fixed/build/intermediates/merged_res_blame_folder/debug/mergeDebugResources/out/multi-v2/values-h480dp-land-v13.json
/sdcard/BAI-Test-1-complete-fixed/build/intermediates/merged_res_blame_folder/debug/mergeDebugResources/out/multi-v2/values-h480dp-v13.json
/sdcard/BAI-Test-1-complete-fixed/build/intermediates/merged_res_blame_folder/debug/mergeDebugResources/out/multi-v2/values-h550dp-port-v13.json
/sdcard/BAI-Test-1-complete-fixed/build/intermediates/merged_res_blame_folder/debug/mergeDebugResources/out/multi-v2/values-h720dp-v13.json
/sdcard/BAI-Test-1-complete-fixed/build/intermediates/merged_res_blame_folder/debug/mergeDebugResources/out/multi-v2/values-hdpi-v4.json
/sdcard/BAI-Test-1-complete-fixed/build/intermediates/merged_res_blame_folder/debug/mergeDebugResources/out/multi-v2/values-hi.json
/sdcard/BAI-Test-1-complete-fixed/build/intermediates/merged_res_blame_folder/debug/mergeDebugResources/out/multi-v2/values-hr.json
/sdcard/BAI-Test-1-complete-fixed/build/intermediates/merged_res_blame_folder/debug/mergeDebugResources/out/multi-v2/values-hu.json
/sdcard/BAI-Test-1-complete-fixed/build/intermediates/merged_res_blame_folder/debug/mergeDebugResources/out/multi-v2/values-hy.json
/sdcard/BAI-Test-1-complete-fixed/build/intermediates/merged_res_blame_folder/debug/mergeDebugResources/out/multi-v2/values-in.json
/sdcard/BAI-Test-1-complete-fixed/build/intermediates/merged_res_blame_folder/debug/mergeDebugResources/out/multi-v2/values-is.json
/sdcard/BAI-Test-1-complete-fixed/build/intermediates/merged_res_blame_folder/debug/mergeDebugResources/out/multi-v2/values-it.json
/sdcard/BAI-Test-1-complete-fixed/build/intermediates/merged_res_blame_folder/debug/mergeDebugResources/out/multi-v2/values-iw.json
/sdcard/BAI-Test-1-complete-fixed/build/intermediates/merged_res_blame_folder/debug/mergeDebugResources/out/multi-v2/values-ja.json
/sdcard/BAI-Test-1-complete-fixed/build/intermediates/merged_res_blame_folder/debug/mergeDebugResources/out/multi-v2/values-ka.json
/sdcard/BAI-Test-1-complete-fixed/build/intermediates/merged_res_blame_folder/debug/mergeDebugResources/out/multi-v2/values-kk.json
/sdcard/BAI-Test-1-complete-fixed/build/intermediates/merged_res_blame_folder/debug/mergeDebugResources/out/multi-v2/values-km.json
/sdcard/BAI-Test-1-complete-fixed/build/intermediates/merged_res_blame_folder/debug/mergeDebugResources/out/multi-v2/values-kn.json
/sdcard/BAI-Test-1-complete-fixed/build/intermediates/merged_res_blame_folder/debug/mergeDebugResources/out/multi-v2/values-ko.json
/sdcard/BAI-Test-1-complete-fixed/build/intermediates/merged_res_blame_folder/debug/mergeDebugResources/out/multi-v2/values-ky.json
/sdcard/BAI-Test-1-complete-fixed/build/intermediates/merged_res_blame_folder/debug/mergeDebugResources/out/multi-v2/values-land.json
/sdcard/BAI-Test-1-complete-fixed/build/intermediates/merged_res_blame_folder/debug/mergeDebugResources/out/multi-v2/values-large-v4.json
/sdcard/BAI-Test-1-complete-fixed/build/intermediates/merged_res_blame_folder/debug/mergeDebugResources/out/multi-v2/values-ldltr-v21.json
/sdcard/BAI-Test-1-complete-fixed/build/intermediates/merged_res_blame_folder/debug/mergeDebugResources/out/multi-v2/values-ldrtl-v17.json
/sdcard/BAI-Test-1-complete-fixed/build/intermediates/merged_res_blame_folder/debug/mergeDebugResources/out/multi-v2/values-lo.json
/sdcard/BAI-Test-1-complete-fixed/build/intermediates/merged_res_blame_folder/debug/mergeDebugResources/out/multi-v2/values-lt.json
/sdcard/BAI-Test-1-complete-fixed/build/intermediates/merged_res_blame_folder/debug/mergeDebugResources/out/multi-v2/values-lv.json
/sdcard/BAI-Test-1-complete-fixed/build/intermediates/merged_res_blame_folder/debug/mergeDebugResources/out/multi-v2/values-mk.json
/sdcard/BAI-Test-1-complete-fixed/build/intermediates/merged_res_blame_folder/debug/mergeDebugResources/out/multi-v2/values-ml.json
/sdcard/BAI-Test-1-complete-fixed/build/intermediates/merged_res_blame_folder/debug/mergeDebugResources/out/multi-v2/values-mn.json
/sdcard/BAI-Test-1-complete-fixed/build/intermediates/merged_res_blame_folder/debug/mergeDebugResources/out/multi-v2/values-mr.json
/sdcard/BAI-Test-1-complete-fixed/build/intermediates/merged_res_blame_folder/debug/mergeDebugResources/out/multi-v2/values-ms.json
/sdcard/BAI-Test-1-complete-fixed/build/intermediates/merged_res_blame_folder/debug/mergeDebugResources/out/multi-v2/values-my.json
/sdcard/BAI-Test-1-complete-fixed/build/intermediates/merged_res_blame_folder/debug/mergeDebugResources/out/multi-v2/values-nb.json
/sdcard/BAI-Test-1-complete-fixed/build/intermediates/merged_res_blame_folder/debug/mergeDebugResources/out/multi-v2/values-ne.json
/sdcard/BAI-Test-1-complete-fixed/build/intermediates/merged_res_blame_folder/debug/mergeDebugResources/out/multi-v2/values-night-v8.json
/sdcard/BAI-Test-1-complete-fixed/build/intermediates/merged_res_blame_folder/debug/mergeDebugResources/out/multi-v2/values-nl.json
/sdcard/BAI-Test-1-complete-fixed/build/intermediates/merged_res_blame_folder/debug/mergeDebugResources/out/multi-v2/values-or.json
/sdcard/BAI-Test-1-complete-fixed/build/intermediates/merged_res_blame_folder/debug/mergeDebugResources/out/multi-v2/values-pa.json
/sdcard/BAI-Test-1-complete-fixed/build/intermediates/merged_res_blame_folder/debug/mergeDebugResources/out/multi-v2/values-pl.json
/sdcard/BAI-Test-1-complete-fixed/build/intermediates/merged_res_blame_folder/debug/mergeDebugResources/out/multi-v2/values-port.json
/sdcard/BAI-Test-1-complete-fixed/build/intermediates/merged_res_blame_folder/debug/mergeDebugResources/out/multi-v2/values-pt-rBR.json
/sdcard/BAI-Test-1-complete-fixed/build/intermediates/merged_res_blame_folder/debug/mergeDebugResources/out/multi-v2/values-pt-rPT.json
/sdcard/BAI-Test-1-complete-fixed/build/intermediates/merged_res_blame_folder/debug/mergeDebugResources/out/multi-v2/values-pt.json
/sdcard/BAI-Test-1-complete-fixed/build/intermediates/merged_res_blame_folder/debug/mergeDebugResources/out/multi-v2/values-ro.json
/sdcard/BAI-Test-1-complete-fixed/build/intermediates/merged_res_blame_folder/debug/mergeDebugResources/out/multi-v2/values-ru.json
/sdcard/BAI-Test-1-complete-fixed/build/intermediates/merged_res_blame_folder/debug/mergeDebugResources/out/multi-v2/values-si.json
/sdcard/BAI-Test-1-complete-fixed/build/intermediates/merged_res_blame_folder/debug/mergeDebugResources/out/multi-v2/values-sk.json
/sdcard/BAI-Test-1-complete-fixed/build/intermediates/merged_res_blame_folder/debug/mergeDebugResources/out/multi-v2/values-sl.json
/sdcard/BAI-Test-1-complete-fixed/build/intermediates/merged_res_blame_folder/debug/mergeDebugResources/out/multi-v2/values-sq.json
/sdcard/BAI-Test-1-complete-fixed/build/intermediates/merged_res_blame_folder/debug/mergeDebugResources/out/multi-v2/values-sr.json
/sdcard/BAI-Test-1-complete-fixed/build/intermediates/merged_res_blame_folder/debug/mergeDebugResources/out/multi-v2/values-sv-rSE.json
/sdcard/BAI-Test-1-complete-fixed/build/intermediates/merged_res_blame_folder/debug/mergeDebugResources/out/multi-v2/values-sv.json
/sdcard/BAI-Test-1-complete-fixed/build/intermediates/merged_res_blame_folder/debug/mergeDebugResources/out/multi-v2/values-sw.json
/sdcard/BAI-Test-1-complete-fixed/build/intermediates/merged_res_blame_folder/debug/mergeDebugResources/out/multi-v2/values-sw360dp-v13.json
/sdcard/BAI-Test-1-complete-fixed/build/intermediates/merged_res_blame_folder/debug/mergeDebugResources/out/multi-v2/values-ta.json
/sdcard/BAI-Test-1-complete-fixed/build/intermediates/merged_res_blame_folder/debug/mergeDebugResources/out/multi-v2/values-sw600dp-v13.json
/sdcard/BAI-Test-1-complete-fixed/build/intermediates/merged_res_blame_folder/debug/mergeDebugResources/out/multi-v2/values-te.json
/sdcard/BAI-Test-1-complete-fixed/build/intermediates/merged_res_blame_folder/debug/mergeDebugResources/out/multi-v2/values-th.json
/sdcard/BAI-Test-1-complete-fixed/build/intermediates/merged_res_blame_folder/debug/mergeDebugResources/out/multi-v2/values-tl.json
/sdcard/BAI-Test-1-complete-fixed/build/intermediates/merged_res_blame_folder/debug/mergeDebugResources/out/multi-v2/values-tr.json
/sdcard/BAI-Test-1-complete-fixed/build/intermediates/merged_res_blame_folder/debug/mergeDebugResources/out/multi-v2/values-uk.json
/sdcard/BAI-Test-1-complete-fixed/build/intermediates/merged_res_blame_folder/debug/mergeDebugResources/out/multi-v2/values-ur.json
/sdcard/BAI-Test-1-complete-fixed/build/intermediates/merged_res_blame_folder/debug/mergeDebugResources/out/multi-v2/values-uz.json
/sdcard/BAI-Test-1-complete-fixed/build/intermediates/merged_res_blame_folder/debug/mergeDebugResources/out/multi-v2/values-v16.json
/sdcard/BAI-Test-1-complete-fixed/build/intermediates/merged_res_blame_folder/debug/mergeDebugResources/out/multi-v2/values-v17.json
/sdcard/BAI-Test-1-complete-fixed/build/intermediates/merged_res_blame_folder/debug/mergeDebugResources/out/multi-v2/values-v18.json
/sdcard/BAI-Test-1-complete-fixed/build/intermediates/merged_res_blame_folder/debug/mergeDebugResources/out/multi-v2/values-v21.json
/sdcard/BAI-Test-1-complete-fixed/build/intermediates/merged_res_blame_folder/debug/mergeDebugResources/out/multi-v2/values-v22.json
/sdcard/BAI-Test-1-complete-fixed/build/intermediates/merged_res_blame_folder/debug/mergeDebugResources/out/multi-v2/values-v23.json
/sdcard/BAI-Test-1-complete-fixed/build/intermediates/merged_res_blame_folder/debug/mergeDebugResources/out/multi-v2/values-v24.json
/sdcard/BAI-Test-1-complete-fixed/build/intermediates/merged_res_blame_folder/debug/mergeDebugResources/out/multi-v2/values-v25.json
/sdcard/BAI-Test-1-complete-fixed/build/intermediates/merged_res_blame_folder/debug/mergeDebugResources/out/multi-v2/values-v26.json
/sdcard/BAI-Test-1-complete-fixed/build/intermediates/merged_res_blame_folder/debug/mergeDebugResources/out/multi-v2/values-v27.json
/sdcard/BAI-Test-1-complete-fixed/build/intermediates/merged_res_blame_folder/debug/mergeDebugResources/out/multi-v2/values-v28.json
/sdcard/BAI-Test-1-complete-fixed/build/intermediates/merged_res_blame_folder/debug/mergeDebugResources/out/multi-v2/values-v31.json
/sdcard/BAI-Test-1-complete-fixed/build/intermediates/merged_res_blame_folder/debug/mergeDebugResources/out/multi-v2/values-v33.json
/sdcard/BAI-Test-1-complete-fixed/build/intermediates/merged_res_blame_folder/debug/mergeDebugResources/out/multi-v2/values-v34.json
/sdcard/BAI-Test-1-complete-fixed/build/intermediates/merged_res_blame_folder/debug/mergeDebugResources/out/multi-v2/values-v35.json
/sdcard/BAI-Test-1-complete-fixed/build/intermediates/merged_res_blame_folder/debug/mergeDebugResources/out/multi-v2/values-vi.json
/sdcard/BAI-Test-1-complete-fixed/build/intermediates/merged_res_blame_folder/debug/mergeDebugResources/out/multi-v2/values-w320dp-land-v13.json
/sdcard/BAI-Test-1-complete-fixed/build/intermediates/merged_res_blame_folder/debug/mergeDebugResources/out/multi-v2/values-w360dp-port-v13.json
/sdcard/BAI-Test-1-complete-fixed/build/intermediates/merged_res_blame_folder/debug/mergeDebugResources/out/multi-v2/values-w400dp-port-v13.json
/sdcard/BAI-Test-1-complete-fixed/build/intermediates/merged_res_blame_folder/debug/mergeDebugResources/out/multi-v2/values-w600dp-land-v13.json
/sdcard/BAI-Test-1-complete-fixed/build/intermediates/merged_res_blame_folder/debug/mergeDebugResources/out/multi-v2/values-w600dp-v13.json
/sdcard/BAI-Test-1-complete-fixed/build/intermediates/merged_res_blame_folder/debug/mergeDebugResources/out/multi-v2/values-w820dp-v13.json
/sdcard/BAI-Test-1-complete-fixed/build/intermediates/merged_res_blame_folder/debug/mergeDebugResources/out/multi-v2/values-watch-v20.json
/sdcard/BAI-Test-1-complete-fixed/build/intermediates/merged_res_blame_folder/debug/mergeDebugResources/out/multi-v2/values-watch-v21.json
/sdcard/BAI-Test-1-complete-fixed/build/intermediates/merged_res_blame_folder/debug/mergeDebugResources/out/multi-v2/values-xlarge-v4.json
/sdcard/BAI-Test-1-complete-fixed/build/intermediates/merged_res_blame_folder/debug/mergeDebugResources/out/multi-v2/values-zh-rCN.json
/sdcard/BAI-Test-1-complete-fixed/build/intermediates/merged_res_blame_folder/debug/mergeDebugResources/out/multi-v2/values-zh-rHK.json
/sdcard/BAI-Test-1-complete-fixed/build/intermediates/merged_res_blame_folder/debug/mergeDebugResources/out/multi-v2/values-zh-rTW.json
/sdcard/BAI-Test-1-complete-fixed/build/intermediates/merged_res_blame_folder/debug/mergeDebugResources/out/multi-v2/values-zu.json
/sdcard/BAI-Test-1-complete-fixed/build/intermediates/merged_res_blame_folder/debug/mergeDebugResources/out/multi-v2/values.json
/sdcard/BAI-Test-1-complete-fixed/build/intermediates/merged_res_blame_folder/debug/mergeDebugResources/out/single
/sdcard/BAI-Test-1-complete-fixed/build/intermediates/merged_res_blame_folder/debug/mergeDebugResources/out/single/mergeDebugResources.json
/sdcard/BAI-Test-1-complete-fixed/build/intermediates/merged_res_blame_folder/debugAndroidTest
/sdcard/BAI-Test-1-complete-fixed/build/intermediates/merged_res_blame_folder/debugAndroidTest/mergeDebugAndroidTestResources
/sdcard/BAI-Test-1-complete-fixed/build/intermediates/merged_res_blame_folder/debugAndroidTest/mergeDebugAndroidTestResources/out
/sdcard/BAI-Test-1-complete-fixed/build/intermediates/merged_res_blame_folder/release
/sdcard/BAI-Test-1-complete-fixed/build/intermediates/merged_res_blame_folder/release/mergeReleaseResources
/sdcard/BAI-Test-1-complete-fixed/build/intermediates/merged_res_blame_folder/release/mergeReleaseResources/out
/sdcard/BAI-Test-1-complete-fixed/build/intermediates/merged_res_blame_folder/release/mergeReleaseResources/out/multi-v2
/sdcard/BAI-Test-1-complete-fixed/build/intermediates/merged_res_blame_folder/release/mergeReleaseResources/out/multi-v2/mergeReleaseResources.json
/sdcard/BAI-Test-1-complete-fixed/build/intermediates/merged_res_blame_folder/release/mergeReleaseResources/out/multi-v2/values-af.json
/sdcard/BAI-Test-1-complete-fixed/build/intermediates/merged_res_blame_folder/release/mergeReleaseResources/out/multi-v2/values-am.json
/sdcard/BAI-Test-1-complete-fixed/build/intermediates/merged_res_blame_folder/release/mergeReleaseResources/out/multi-v2/values-ar.json
/sdcard/BAI-Test-1-complete-fixed/build/intermediates/merged_res_blame_folder/release/mergeReleaseResources/out/multi-v2/values-as.json
/sdcard/BAI-Test-1-complete-fixed/build/intermediates/merged_res_blame_folder/release/mergeReleaseResources/out/multi-v2/values-az.json
/sdcard/BAI-Test-1-complete-fixed/build/intermediates/merged_res_blame_folder/release/mergeReleaseResources/out/multi-v2/values-b+es+419.json
/sdcard/BAI-Test-1-complete-fixed/build/intermediates/merged_res_blame_folder/release/mergeReleaseResources/out/multi-v2/values-b+sr+Latn.json
/sdcard/BAI-Test-1-complete-fixed/build/intermediates/merged_res_blame_folder/release/mergeReleaseResources/out/multi-v2/values-be.json
/sdcard/BAI-Test-1-complete-fixed/build/intermediates/merged_res_blame_folder/release/mergeReleaseResources/out/multi-v2/values-bg.json
/sdcard/BAI-Test-1-complete-fixed/build/intermediates/merged_res_blame_folder/release/mergeReleaseResources/out/multi-v2/values-bn.json
/sdcard/BAI-Test-1-complete-fixed/build/intermediates/merged_res_blame_folder/release/mergeReleaseResources/out/multi-v2/values-bs.json
/sdcard/BAI-Test-1-complete-fixed/build/intermediates/merged_res_blame_folder/release/mergeReleaseResources/out/multi-v2/values-ca.json
/sdcard/BAI-Test-1-complete-fixed/build/intermediates/merged_res_blame_folder/release/mergeReleaseResources/out/multi-v2/values-cs.json
/sdcard/BAI-Test-1-complete-fixed/build/intermediates/merged_res_blame_folder/release/mergeReleaseResources/out/multi-v2/values-da.json
/sdcard/BAI-Test-1-complete-fixed/build/intermediates/merged_res_blame_folder/release/mergeReleaseResources/out/multi-v2/values-de.json
/sdcard/BAI-Test-1-complete-fixed/build/intermediates/merged_res_blame_folder/release/mergeReleaseResources/out/multi-v2/values-el.json
/sdcard/BAI-Test-1-complete-fixed/build/intermediates/merged_res_blame_folder/release/mergeReleaseResources/out/multi-v2/values-en-rAU.json
/sdcard/BAI-Test-1-complete-fixed/build/intermediates/merged_res_blame_folder/release/mergeReleaseResources/out/multi-v2/values-en-rCA.json
/sdcard/BAI-Test-1-complete-fixed/build/intermediates/merged_res_blame_folder/release/mergeReleaseResources/out/multi-v2/values-en-rGB.json
/sdcard/BAI-Test-1-complete-fixed/build/intermediates/merged_res_blame_folder/release/mergeReleaseResources/out/multi-v2/values-en-rIN.json
/sdcard/BAI-Test-1-complete-fixed/build/intermediates/merged_res_blame_folder/release/mergeReleaseResources/out/multi-v2/values-en-rXC.json
/sdcard/BAI-Test-1-complete-fixed/build/intermediates/merged_res_blame_folder/release/mergeReleaseResources/out/multi-v2/values-es-rUS.json
/sdcard/BAI-Test-1-complete-fixed/build/intermediates/merged_res_blame_folder/release/mergeReleaseResources/out/multi-v2/values-es.json
/sdcard/BAI-Test-1-complete-fixed/build/intermediates/merged_res_blame_folder/release/mergeReleaseResources/out/multi-v2/values-et.json
/sdcard/BAI-Test-1-complete-fixed/build/intermediates/merged_res_blame_folder/release/mergeReleaseResources/out/multi-v2/values-eu.json
/sdcard/BAI-Test-1-complete-fixed/build/intermediates/merged_res_blame_folder/release/mergeReleaseResources/out/multi-v2/values-fa.json
/sdcard/BAI-Test-1-complete-fixed/build/intermediates/merged_res_blame_folder/release/mergeReleaseResources/out/multi-v2/values-fi.json
/sdcard/BAI-Test-1-complete-fixed/build/intermediates/merged_res_blame_folder/release/mergeReleaseResources/out/multi-v2/values-fr-rCA.json
/sdcard/BAI-Test-1-complete-fixed/build/intermediates/merged_res_blame_folder/release/mergeReleaseResources/out/multi-v2/values-fr.json
/sdcard/BAI-Test-1-complete-fixed/build/intermediates/merged_res_blame_folder/release/mergeReleaseResources/out/multi-v2/values-gl.json
/sdcard/BAI-Test-1-complete-fixed/build/intermediates/merged_res_blame_folder/release/mergeReleaseResources/out/multi-v2/values-gu.json
/sdcard/BAI-Test-1-complete-fixed/build/intermediates/merged_res_blame_folder/release/mergeReleaseResources/out/multi-v2/values-h320dp-port-v13.json
/sdcard/BAI-Test-1-complete-fixed/build/intermediates/merged_res_blame_folder/release/mergeReleaseResources/out/multi-v2/values-h320dp-v13.json
/sdcard/BAI-Test-1-complete-fixed/build/intermediates/merged_res_blame_folder/release/mergeReleaseResources/out/multi-v2/values-h360dp-land-v13.json
/sdcard/BAI-Test-1-complete-fixed/build/intermediates/merged_res_blame_folder/release/mergeReleaseResources/out/multi-v2/values-h480dp-land-v13.json
/sdcard/BAI-Test-1-complete-fixed/build/intermediates/merged_res_blame_folder/release/mergeReleaseResources/out/multi-v2/values-h480dp-v13.json
/sdcard/BAI-Test-1-complete-fixed/build/intermediates/merged_res_blame_folder/release/mergeReleaseResources/out/multi-v2/values-h550dp-port-v13.json
/sdcard/BAI-Test-1-complete-fixed/build/intermediates/merged_res_blame_folder/release/mergeReleaseResources/out/multi-v2/values-h720dp-v13.json
/sdcard/BAI-Test-1-complete-fixed/build/intermediates/merged_res_blame_folder/release/mergeReleaseResources/out/multi-v2/values-hdpi-v4.json
/sdcard/BAI-Test-1-complete-fixed/build/intermediates/merged_res_blame_folder/release/mergeReleaseResources/out/multi-v2/values-hi.json
/sdcard/BAI-Test-1-complete-fixed/build/intermediates/merged_res_blame_folder/release/mergeReleaseResources/out/multi-v2/values-hr.json
/sdcard/BAI-Test-1-complete-fixed/build/intermediates/merged_res_blame_folder/release/mergeReleaseResources/out/multi-v2/values-hu.json
/sdcard/BAI-Test-1-complete-fixed/build/intermediates/merged_res_blame_folder/release/mergeReleaseResources/out/multi-v2/values-hy.json
/sdcard/BAI-Test-1-complete-fixed/build/intermediates/merged_res_blame_folder/release/mergeReleaseResources/out/multi-v2/values-in.json
/sdcard/BAI-Test-1-complete-fixed/build/intermediates/merged_res_blame_folder/release/mergeReleaseResources/out/multi-v2/values-is.json
/sdcard/BAI-Test-1-complete-fixed/build/intermediates/merged_res_blame_folder/release/mergeReleaseResources/out/multi-v2/values-it.json
/sdcard/BAI-Test-1-complete-fixed/build/intermediates/merged_res_blame_folder/release/mergeReleaseResources/out/multi-v2/values-iw.json
/sdcard/BAI-Test-1-complete-fixed/build/intermediates/merged_res_blame_folder/release/mergeReleaseResources/out/multi-v2/values-ja.json
/sdcard/BAI-Test-1-complete-fixed/build/intermediates/merged_res_blame_folder/release/mergeReleaseResources/out/multi-v2/values-ka.json
/sdcard/BAI-Test-1-complete-fixed/build/intermediates/merged_res_blame_folder/release/mergeReleaseResources/out/multi-v2/values-kk.json
/sdcard/BAI-Test-1-complete-fixed/build/intermediates/merged_res_blame_folder/release/mergeReleaseResources/out/multi-v2/values-km.json
/sdcard/BAI-Test-1-complete-fixed/build/intermediates/merged_res_blame_folder/release/mergeReleaseResources/out/multi-v2/values-kn.json
/sdcard/BAI-Test-1-complete-fixed/build/intermediates/merged_res_blame_folder/release/mergeReleaseResources/out/multi-v2/values-ko.json
/sdcard/BAI-Test-1-complete-fixed/build/intermediates/merged_res_blame_folder/release/mergeReleaseResources/out/multi-v2/values-ky.json
/sdcard/BAI-Test-1-complete-fixed/build/intermediates/merged_res_blame_folder/release/mergeReleaseResources/out/multi-v2/values-land.json
/sdcard/BAI-Test-1-complete-fixed/build/intermediates/merged_res_blame_folder/release/mergeReleaseResources/out/multi-v2/values-large-v4.json
/sdcard/BAI-Test-1-complete-fixed/build/intermediates/merged_res_blame_folder/release/mergeReleaseResources/out/multi-v2/values-ldltr-v21.json
/sdcard/BAI-Test-1-complete-fixed/build/intermediates/merged_res_blame_folder/release/mergeReleaseResources/out/multi-v2/values-ldrtl-v17.json
/sdcard/BAI-Test-1-complete-fixed/build/intermediates/merged_res_blame_folder/release/mergeReleaseResources/out/multi-v2/values-lo.json
/sdcard/BAI-Test-1-complete-fixed/build/intermediates/merged_res_blame_folder/release/mergeReleaseResources/out/multi-v2/values-lt.json
/sdcard/BAI-Test-1-complete-fixed/build/intermediates/merged_res_blame_folder/release/mergeReleaseResources/out/multi-v2/values-lv.json
/sdcard/BAI-Test-1-complete-fixed/build/intermediates/merged_res_blame_folder/release/mergeReleaseResources/out/multi-v2/values-mk.json
/sdcard/BAI-Test-1-complete-fixed/build/intermediates/merged_res_blame_folder/release/mergeReleaseResources/out/multi-v2/values-ml.json
/sdcard/BAI-Test-1-complete-fixed/build/intermediates/merged_res_blame_folder/release/mergeReleaseResources/out/multi-v2/values-mn.json
/sdcard/BAI-Test-1-complete-fixed/build/intermediates/merged_res_blame_folder/release/mergeReleaseResources/out/multi-v2/values-mr.json
/sdcard/BAI-Test-1-complete-fixed/build/intermediates/merged_res_blame_folder/release/mergeReleaseResources/out/multi-v2/values-ms.json
/sdcard/BAI-Test-1-complete-fixed/build/intermediates/merged_res_blame_folder/release/mergeReleaseResources/out/multi-v2/values-my.json
/sdcard/BAI-Test-1-complete-fixed/build/intermediates/merged_res_blame_folder/release/mergeReleaseResources/out/multi-v2/values-nb.json
/sdcard/BAI-Test-1-complete-fixed/build/intermediates/merged_res_blame_folder/release/mergeReleaseResources/out/multi-v2/values-ne.json
/sdcard/BAI-Test-1-complete-fixed/build/intermediates/merged_res_blame_folder/release/mergeReleaseResources/out/multi-v2/values-night-v8.json
/sdcard/BAI-Test-1-complete-fixed/build/intermediates/merged_res_blame_folder/release/mergeReleaseResources/out/multi-v2/values-nl.json
/sdcard/BAI-Test-1-complete-fixed/build/intermediates/merged_res_blame_folder/release/mergeReleaseResources/out/multi-v2/values-or.json
/sdcard/BAI-Test-1-complete-fixed/build/intermediates/merged_res_blame_folder/release/mergeReleaseResources/out/multi-v2/values-pa.json
/sdcard/BAI-Test-1-complete-fixed/build/intermediates/merged_res_blame_folder/release/mergeReleaseResources/out/multi-v2/values-pl.json
/sdcard/BAI-Test-1-complete-fixed/build/intermediates/merged_res_blame_folder/release/mergeReleaseResources/out/multi-v2/values-port.json
/sdcard/BAI-Test-1-complete-fixed/build/intermediates/merged_res_blame_folder/release/mergeReleaseResources/out/multi-v2/values-pt-rBR.json
/sdcard/BAI-Test-1-complete-fixed/build/intermediates/merged_res_blame_folder/release/mergeReleaseResources/out/multi-v2/values-pt-rPT.json
/sdcard/BAI-Test-1-complete-fixed/build/intermediates/merged_res_blame_folder/release/mergeReleaseResources/out/multi-v2/values-pt.json
/sdcard/BAI-Test-1-complete-fixed/build/intermediates/merged_res_blame_folder/release/mergeReleaseResources/out/multi-v2/values-ro.json
/sdcard/BAI-Test-1-complete-fixed/build/intermediates/merged_res_blame_folder/release/mergeReleaseResources/out/multi-v2/values-ru.json
/sdcard/BAI-Test-1-complete-fixed/build/intermediates/merged_res_blame_folder/release/mergeReleaseResources/out/multi-v2/values-si.json
/sdcard/BAI-Test-1-complete-fixed/build/intermediates/merged_res_blame_folder/release/mergeReleaseResources/out/multi-v2/values-sk.json
/sdcard/BAI-Test-1-complete-fixed/build/intermediates/merged_res_blame_folder/release/mergeReleaseResources/out/multi-v2/values-sl.json
/sdcard/BAI-Test-1-complete-fixed/build/intermediates/merged_res_blame_folder/release/mergeReleaseResources/out/multi-v2/values-sq.json
/sdcard/BAI-Test-1-complete-fixed/build/intermediates/merged_res_blame_folder/release/mergeReleaseResources/out/multi-v2/values-sr.json
/sdcard/BAI-Test-1-complete-fixed/build/intermediates/merged_res_blame_folder/release/mergeReleaseResources/out/multi-v2/values-sv-rSE.json
/sdcard/BAI-Test-1-complete-fixed/build/intermediates/merged_res_blame_folder/release/mergeReleaseResources/out/multi-v2/values-sv.json
/sdcard/BAI-Test-1-complete-fixed/build/intermediates/merged_res_blame_folder/release/mergeReleaseResources/out/multi-v2/values-sw.json
/sdcard/BAI-Test-1-complete-fixed/build/intermediates/merged_res_blame_folder/release/mergeReleaseResources/out/multi-v2/values-sw360dp-v13.json
/sdcard/BAI-Test-1-complete-fixed/build/intermediates/merged_res_blame_folder/release/mergeReleaseResources/out/multi-v2/values-sw600dp-v13.json
/sdcard/BAI-Test-1-complete-fixed/build/intermediates/merged_res_blame_folder/release/mergeReleaseResources/out/multi-v2/values-ta.json
/sdcard/BAI-Test-1-complete-fixed/build/intermediates/merged_res_blame_folder/release/mergeReleaseResources/out/multi-v2/values-te.json
/sdcard/BAI-Test-1-complete-fixed/build/intermediates/merged_res_blame_folder/release/mergeReleaseResources/out/multi-v2/values-th.json
/sdcard/BAI-Test-1-complete-fixed/build/intermediates/merged_res_blame_folder/release/mergeReleaseResources/out/multi-v2/values-tl.json
/sdcard/BAI-Test-1-complete-fixed/build/intermediates/merged_res_blame_folder/release/mergeReleaseResources/out/multi-v2/values-tr.json
/sdcard/BAI-Test-1-complete-fixed/build/intermediates/merged_res_blame_folder/release/mergeReleaseResources/out/multi-v2/values-uk.json
/sdcard/BAI-Test-1-complete-fixed/build/intermediates/merged_res_blame_folder/release/mergeReleaseResources/out/multi-v2/values-ur.json
/sdcard/BAI-Test-1-complete-fixed/build/intermediates/merged_res_blame_folder/release/mergeReleaseResources/out/multi-v2/values-uz.json
/sdcard/BAI-Test-1-complete-fixed/build/intermediates/merged_res_blame_folder/release/mergeReleaseResources/out/multi-v2/values-v16.json
/sdcard/BAI-Test-1-complete-fixed/build/intermediates/merged_res_blame_folder/release/mergeReleaseResources/out/multi-v2/values-v17.json
/sdcard/BAI-Test-1-complete-fixed/build/intermediates/merged_res_blame_folder/release/mergeReleaseResources/out/multi-v2/values-v18.json
/sdcard/BAI-Test-1-complete-fixed/build/intermediates/merged_res_blame_folder/release/mergeReleaseResources/out/multi-v2/values-v21.json
/sdcard/BAI-Test-1-complete-fixed/build/intermediates/merged_res_blame_folder/release/mergeReleaseResources/out/multi-v2/values-v22.json
/sdcard/BAI-Test-1-complete-fixed/build/intermediates/merged_res_blame_folder/release/mergeReleaseResources/out/multi-v2/values-v23.json
/sdcard/BAI-Test-1-complete-fixed/build/intermediates/merged_res_blame_folder/release/mergeReleaseResources/out/multi-v2/values-v24.json
/sdcard/BAI-Test-1-complete-fixed/build/intermediates/merged_res_blame_folder/release/mergeReleaseResources/out/multi-v2/values-v25.json
/sdcard/BAI-Test-1-complete-fixed/build/intermediates/merged_res_blame_folder/release/mergeReleaseResources/out/multi-v2/values-v26.json
/sdcard/BAI-Test-1-complete-fixed/build/intermediates/merged_res_blame_folder/release/mergeReleaseResources/out/multi-v2/values-v27.json
/sdcard/BAI-Test-1-complete-fixed/build/intermediates/merged_res_blame_folder/release/mergeReleaseResources/out/multi-v2/values-v28.json
/sdcard/BAI-Test-1-complete-fixed/build/intermediates/merged_res_blame_folder/release/mergeReleaseResources/out/multi-v2/values-v31.json
/sdcard/BAI-Test-1-complete-fixed/build/intermediates/merged_res_blame_folder/release/mergeReleaseResources/out/multi-v2/values-v33.json
/sdcard/BAI-Test-1-complete-fixed/build/intermediates/merged_res_blame_folder/release/mergeReleaseResources/out/multi-v2/values-v34.json
/sdcard/BAI-Test-1-complete-fixed/build/intermediates/merged_res_blame_folder/release/mergeReleaseResources/out/multi-v2/values-v35.json
/sdcard/BAI-Test-1-complete-fixed/build/intermediates/merged_res_blame_folder/release/mergeReleaseResources/out/multi-v2/values-vi.json
/sdcard/BAI-Test-1-complete-fixed/build/intermediates/merged_res_blame_folder/release/mergeReleaseResources/out/multi-v2/values-w320dp-land-v13.json
/sdcard/BAI-Test-1-complete-fixed/build/intermediates/merged_res_blame_folder/release/mergeReleaseResources/out/multi-v2/values-w360dp-port-v13.json
/sdcard/BAI-Test-1-complete-fixed/build/intermediates/merged_res_blame_folder/release/mergeReleaseResources/out/multi-v2/values-w400dp-port-v13.json
/sdcard/BAI-Test-1-complete-fixed/build/intermediates/merged_res_blame_folder/release/mergeReleaseResources/out/multi-v2/values-w600dp-land-v13.json
/sdcard/BAI-Test-1-complete-fixed/build/intermediates/merged_res_blame_folder/release/mergeReleaseResources/out/multi-v2/values-w600dp-v13.json
/sdcard/BAI-Test-1-complete-fixed/build/intermediates/merged_res_blame_folder/release/mergeReleaseResources/out/multi-v2/values-w820dp-v13.json
/sdcard/BAI-Test-1-complete-fixed/build/intermediates/merged_res_blame_folder/release/mergeReleaseResources/out/multi-v2/values-watch-v20.json
/sdcard/BAI-Test-1-complete-fixed/build/intermediates/merged_res_blame_folder/release/mergeReleaseResources/out/multi-v2/values-watch-v21.json
/sdcard/BAI-Test-1-complete-fixed/build/intermediates/merged_res_blame_folder/release/mergeReleaseResources/out/multi-v2/values-xlarge-v4.json
/sdcard/BAI-Test-1-complete-fixed/build/intermediates/merged_res_blame_folder/release/mergeReleaseResources/out/multi-v2/values-zh-rCN.json
/sdcard/BAI-Test-1-complete-fixed/build/intermediates/merged_res_blame_folder/release/mergeReleaseResources/out/multi-v2/values-zh-rHK.json
/sdcard/BAI-Test-1-complete-fixed/build/intermediates/merged_res_blame_folder/release/mergeReleaseResources/out/multi-v2/values-zh-rTW.json
/sdcard/BAI-Test-1-complete-fixed/build/intermediates/merged_res_blame_folder/release/mergeReleaseResources/out/multi-v2/values-zu.json
/sdcard/BAI-Test-1-complete-fixed/build/intermediates/merged_res_blame_folder/release/mergeReleaseResources/out/multi-v2/values.json
/sdcard/BAI-Test-1-complete-fixed/build/intermediates/merged_res_blame_folder/release/mergeReleaseResources/out/single
/sdcard/BAI-Test-1-complete-fixed/build/intermediates/merged_res_blame_folder/release/mergeReleaseResources/out/single/mergeReleaseResources.json
/sdcard/BAI-Test-1-complete-fixed/build/intermediates/merged_startup_profile
/sdcard/BAI-Test-1-complete-fixed/build/intermediates/merged_startup_profile/release
/sdcard/BAI-Test-1-complete-fixed/build/intermediates/merged_startup_profile/release/mergeReleaseStartupProfile
/sdcard/BAI-Test-1-complete-fixed/build/intermediates/mixed_scope_dex_archive
/sdcard/BAI-Test-1-complete-fixed/build/intermediates/mixed_scope_dex_archive/debug
/sdcard/BAI-Test-1-complete-fixed/build/intermediates/mixed_scope_dex_archive/debug/dexBuilderDebug
/sdcard/BAI-Test-1-complete-fixed/build/intermediates/mixed_scope_dex_archive/debug/dexBuilderDebug/out
/sdcard/BAI-Test-1-complete-fixed/build/intermediates/mixed_scope_dex_archive/debugAndroidTest
/sdcard/BAI-Test-1-complete-fixed/build/intermediates/mixed_scope_dex_archive/debugAndroidTest/dexBuilderDebugAndroidTest
/sdcard/BAI-Test-1-complete-fixed/build/intermediates/mixed_scope_dex_archive/debugAndroidTest/dexBuilderDebugAndroidTest/out
/sdcard/BAI-Test-1-complete-fixed/build/intermediates/mixed_scope_dex_archive/release
/sdcard/BAI-Test-1-complete-fixed/build/intermediates/mixed_scope_dex_archive/release/dexBuilderRelease
/sdcard/BAI-Test-1-complete-fixed/build/intermediates/mixed_scope_dex_archive/release/dexBuilderRelease/out
/sdcard/BAI-Test-1-complete-fixed/build/intermediates/navigation_json
/sdcard/BAI-Test-1-complete-fixed/build/intermediates/navigation_json/debug
/sdcard/BAI-Test-1-complete-fixed/build/intermediates/navigation_json/debug/extractDeepLinksDebug
/sdcard/BAI-Test-1-complete-fixed/build/intermediates/navigation_json/debug/extractDeepLinksDebug/navigation.json
/sdcard/BAI-Test-1-complete-fixed/build/intermediates/navigation_json/release
/sdcard/BAI-Test-1-complete-fixed/build/intermediates/navigation_json/release/extractDeepLinksRelease
/sdcard/BAI-Test-1-complete-fixed/build/intermediates/navigation_json/release/extractDeepLinksRelease/navigation.json
/sdcard/BAI-Test-1-complete-fixed/build/intermediates/nested_resources_validation_report
/sdcard/BAI-Test-1-complete-fixed/build/intermediates/nested_resources_validation_report/debug
/sdcard/BAI-Test-1-complete-fixed/build/intermediates/nested_resources_validation_report/debug/generateDebugResources
/sdcard/BAI-Test-1-complete-fixed/build/intermediates/nested_resources_validation_report/debug/generateDebugResources/nestedResourcesValidationReport.txt
/sdcard/BAI-Test-1-complete-fixed/build/intermediates/nested_resources_validation_report/debugAndroidTest
/sdcard/BAI-Test-1-complete-fixed/build/intermediates/nested_resources_validation_report/debugAndroidTest/generateDebugAndroidTestResources
/sdcard/BAI-Test-1-complete-fixed/build/intermediates/nested_resources_validation_report/debugAndroidTest/generateDebugAndroidTestResources/nestedResourcesValidationReport.txt
/sdcard/BAI-Test-1-complete-fixed/build/intermediates/nested_resources_validation_report/release
/sdcard/BAI-Test-1-complete-fixed/build/intermediates/nested_resources_validation_report/release/generateReleaseResources
/sdcard/BAI-Test-1-complete-fixed/build/intermediates/nested_resources_validation_report/release/generateReleaseResources/nestedResourcesValidationReport.txt
/sdcard/BAI-Test-1-complete-fixed/build/intermediates/packaged_manifests
/sdcard/BAI-Test-1-complete-fixed/build/intermediates/packaged_manifests/debug
/sdcard/BAI-Test-1-complete-fixed/build/intermediates/packaged_manifests/debug/processDebugManifestForPackage
/sdcard/BAI-Test-1-complete-fixed/build/intermediates/packaged_manifests/debug/processDebugManifestForPackage/AndroidManifest.xml
/sdcard/BAI-Test-1-complete-fixed/build/intermediates/packaged_manifests/debug/processDebugManifestForPackage/output-metadata.json
/sdcard/BAI-Test-1-complete-fixed/build/intermediates/packaged_manifests/debugAndroidTest
/sdcard/BAI-Test-1-complete-fixed/build/intermediates/packaged_manifests/debugAndroidTest/processDebugAndroidTestManifest
/sdcard/BAI-Test-1-complete-fixed/build/intermediates/packaged_manifests/debugAndroidTest/processDebugAndroidTestManifest/AndroidManifest.xml
/sdcard/BAI-Test-1-complete-fixed/build/intermediates/packaged_manifests/debugAndroidTest/processDebugAndroidTestManifest/output-metadata.json
/sdcard/BAI-Test-1-complete-fixed/build/intermediates/packaged_manifests/release
/sdcard/BAI-Test-1-complete-fixed/build/intermediates/packaged_manifests/release/processReleaseManifestForPackage
/sdcard/BAI-Test-1-complete-fixed/build/intermediates/packaged_manifests/release/processReleaseManifestForPackage/AndroidManifest.xml
/sdcard/BAI-Test-1-complete-fixed/build/intermediates/packaged_manifests/release/processReleaseManifestForPackage/output-metadata.json
/sdcard/BAI-Test-1-complete-fixed/build/intermediates/packaged_res
/sdcard/BAI-Test-1-complete-fixed/build/intermediates/packaged_res/debug
/sdcard/BAI-Test-1-complete-fixed/build/intermediates/packaged_res/debug/packageDebugResources
/sdcard/BAI-Test-1-complete-fixed/build/intermediates/packaged_res/debug/packageDebugResources/anim
/sdcard/BAI-Test-1-complete-fixed/build/intermediates/packaged_res/debug/packageDebugResources/anim/alpha_in.xml
/sdcard/BAI-Test-1-complete-fixed/build/intermediates/packaged_res/debug/packageDebugResources/anim/alpha_out.xml
/sdcard/BAI-Test-1-complete-fixed/build/intermediates/packaged_res/debug/packageDebugResources/color
/sdcard/BAI-Test-1-complete-fixed/build/intermediates/packaged_res/debug/packageDebugResources/color/selector_bottom_navigation.xml
/sdcard/BAI-Test-1-complete-fixed/build/intermediates/packaged_res/debug/packageDebugResources/color/selector_chip_background_color_filter.xml
/sdcard/BAI-Test-1-complete-fixed/build/intermediates/packaged_res/debug/packageDebugResources/color/selector_chip_background_color_selection.xml
/sdcard/BAI-Test-1-complete-fixed/build/intermediates/packaged_res/debug/packageDebugResources/color/selector_chip_text_color_selection.xml
/sdcard/BAI-Test-1-complete-fixed/build/intermediates/packaged_res/debug/packageDebugResources/color/selector_fastscroll_thumb_color.xml
/sdcard/BAI-Test-1-complete-fixed/build/intermediates/packaged_res/debug/packageDebugResources/color/selector_outlined_button_outline_color.xml
/sdcard/BAI-Test-1-complete-fixed/build/intermediates/packaged_res/debug/packageDebugResources/color/selector_outlined_button_text_color.xml
/sdcard/BAI-Test-1-complete-fixed/build/intermediates/packaged_res/debug/packageDebugResources/color/selector_radio_button.xml
/sdcard/BAI-Test-1-complete-fixed/build/intermediates/packaged_res/debug/packageDebugResources/color/selector_theme_card_ripple.xml
/sdcard/BAI-Test-1-complete-fixed/build/intermediates/packaged_res/debug/packageDebugResources/color/textinputlayout_outline_color.xml
/sdcard/BAI-Test-1-complete-fixed/build/intermediates/packaged_res/debug/packageDebugResources/drawable
/sdcard/BAI-Test-1-complete-fixed/build/intermediates/packaged_res/debug/packageDebugResources/drawable/bg_outline_button.xml
/sdcard/BAI-Test-1-complete-fixed/build/intermediates/packaged_res/debug/packageDebugResources/drawable/bg_rounded_alert_dialog.xml
/sdcard/BAI-Test-1-complete-fixed/build/intermediates/packaged_res/debug/packageDebugResources/drawable/bg_rounded_popup.xml
/sdcard/BAI-Test-1-complete-fixed/build/intermediates/packaged_res/debug/packageDebugResources/drawable/fastscroll_thumb.xml
/sdcard/BAI-Test-1-complete-fixed/build/intermediates/packaged_res/debug/packageDebugResources/drawable/fastscroll_thumb_shape.xml
/sdcard/BAI-Test-1-complete-fixed/build/intermediates/packaged_res/debug/packageDebugResources/drawable/ic_backup_enqueue.xml
/sdcard/BAI-Test-1-complete-fixed/build/intermediates/packaged_res/debug/packageDebugResources/drawable/ic_backup_status_higher_version.xml
/sdcard/BAI-Test-1-complete-fixed/build/intermediates/packaged_res/debug/packageDebugResources/drawable/ic_backup_status_lower_version.xml
/sdcard/BAI-Test-1-complete-fixed/build/intermediates/packaged_res/debug/packageDebugResources/drawable/ic_backup_status_not_installed.xml
/sdcard/BAI-Test-1-complete-fixed/build/intermediates/packaged_res/debug/packageDebugResources/drawable/ic_backup_status_no_backup.xml
/sdcard/BAI-Test-1-complete-fixed/build/intermediates/packaged_res/debug/packageDebugResources/drawable/ic_backup_status_same_version.xml
/sdcard/BAI-Test-1-complete-fixed/build/intermediates/packaged_res/debug/packageDebugResources/drawable/ic_chip_checked.xml
/sdcard/BAI-Test-1-complete-fixed/build/intermediates/packaged_res/debug/packageDebugResources/drawable/ic_clear_selection.xml
/sdcard/BAI-Test-1-complete-fixed/build/intermediates/packaged_res/debug/packageDebugResources/drawable/ic_dark_theme_2.xml
/sdcard/BAI-Test-1-complete-fixed/build/intermediates/packaged_res/debug/packageDebugResources/drawable/ic_delete.xml
/sdcard/BAI-Test-1-complete-fixed/build/intermediates/packaged_res/debug/packageDebugResources/drawable/ic_error.xml
/sdcard/BAI-Test-1-complete-fixed/build/intermediates/packaged_res/debug/packageDebugResources/drawable/ic_filter.xml
/sdcard/BAI-Test-1-complete-fixed/build/intermediates/packaged_res/debug/packageDebugResources/drawable/ic_go_back.xml
/sdcard/BAI-Test-1-complete-fixed/build/intermediates/packaged_res/debug/packageDebugResources/drawable/ic_help.xml
/sdcard/BAI-Test-1-complete-fixed/build/intermediates/packaged_res/debug/packageDebugResources/drawable/ic_install_full.xml
/sdcard/BAI-Test-1-complete-fixed/build/intermediates/packaged_res/debug/packageDebugResources/drawable/ic_language.xml
/sdcard/BAI-Test-1-complete-fixed/build/intermediates/packaged_res/debug/packageDebugResources/drawable/ic_launch.xml
/sdcard/BAI-Test-1-complete-fixed/build/intermediates/packaged_res/debug/packageDebugResources/drawable/ic_light_theme.xml
/sdcard/BAI-Test-1-complete-fixed/build/intermediates/packaged_res/debug/packageDebugResources/drawable/ic_more.xml
/sdcard/BAI-Test-1-complete-fixed/build/intermediates/packaged_res/debug/packageDebugResources/drawable/ic_pref_analytics.xml
/sdcard/BAI-Test-1-complete-fixed/build/intermediates/packaged_res/debug/packageDebugResources/drawable/ic_pref_auto_theme.xml
/sdcard/BAI-Test-1-complete-fixed/build/intermediates/packaged_res/debug/packageDebugResources/drawable/ic_pref_backup_dir.xml
/sdcard/BAI-Test-1-complete-fixed/build/intermediates/packaged_res/debug/packageDebugResources/drawable/ic_pref_backup_name_format.xml
/sdcard/BAI-Test-1-complete-fixed/build/intermediates/packaged_res/debug/packageDebugResources/drawable/ic_pref_backup_settings.xml
/sdcard/BAI-Test-1-complete-fixed/build/intermediates/packaged_res/debug/packageDebugResources/drawable/ic_pref_enable_apk_action_view.xml
/sdcard/BAI-Test-1-complete-fixed/build/intermediates/packaged_res/debug/packageDebugResources/drawable/ic_pref_feature.xml
/sdcard/BAI-Test-1-complete-fixed/build/intermediates/packaged_res/debug/packageDebugResources/drawable/ic_pref_home.xml
/sdcard/BAI-Test-1-complete-fixed/build/intermediates/packaged_res/debug/packageDebugResources/drawable/ic_pref_info.xml
/sdcard/BAI-Test-1-complete-fixed/build/intermediates/packaged_res/debug/packageDebugResources/drawable/ic_pref_install_location.xml
/sdcard/BAI-Test-1-complete-fixed/build/intermediates/packaged_res/debug/packageDebugResources/drawable/ic_pref_key.xml
/sdcard/BAI-Test-1-complete-fixed/build/intermediates/packaged_res/debug/packageDebugResources/drawable/ic_pref_language.xml
/sdcard/BAI-Test-1-complete-fixed/build/intermediates/packaged_res/debug/packageDebugResources/drawable/ic_pref_old_installer.xml
/sdcard/BAI-Test-1-complete-fixed/build/intermediates/packaged_res/debug/packageDebugResources/drawable/ic_pref_pro_mode.xml
/sdcard/BAI-Test-1-complete-fixed/build/intermediates/packaged_res/debug/packageDebugResources/drawable/ic_pref_root.xml
/sdcard/BAI-Test-1-complete-fixed/build/intermediates/packaged_res/debug/packageDebugResources/drawable/ic_pref_show_dialogs.xml
/sdcard/BAI-Test-1-complete-fixed/build/intermediates/packaged_res/debug/packageDebugResources/drawable/ic_pref_sort.xml
/sdcard/BAI-Test-1-complete-fixed/build/intermediates/packaged_res/debug/packageDebugResources/drawable/ic_pref_theme.xml
/sdcard/BAI-Test-1-complete-fixed/build/intermediates/packaged_res/debug/packageDebugResources/drawable/ic_pref_unarchive.xml
/sdcard/BAI-Test-1-complete-fixed/build/intermediates/packaged_res/debug/packageDebugResources/drawable/ic_restore.xml
/sdcard/BAI-Test-1-complete-fixed/build/intermediates/packaged_res/debug/packageDebugResources/drawable/ic_search.xml
/sdcard/BAI-Test-1-complete-fixed/build/intermediates/packaged_res/debug/packageDebugResources/drawable/ic_select_all.xml
/sdcard/BAI-Test-1-complete-fixed/build/intermediates/packaged_res/debug/packageDebugResources/drawable/ic_warning.xml
/sdcard/BAI-Test-1-complete-fixed/build/intermediates/packaged_res/debug/packageDebugResources/drawable-v26
/sdcard/BAI-Test-1-complete-fixed/build/intermediates/packaged_res/debug/packageDebugResources/drawable-v26/icon_b.xml
/sdcard/BAI-Test-1-complete-fixed/build/intermediates/packaged_res/debug/packageDebugResources/drawable-xhdpi-v4
/sdcard/BAI-Test-1-complete-fixed/build/intermediates/packaged_res/debug/packageDebugResources/drawable-xhdpi-v4/tv_banner.png
/sdcard/BAI-Test-1-complete-fixed/build/intermediates/packaged_res/debug/packageDebugResources/drawable-xxhdpi-v4
/sdcard/BAI-Test-1-complete-fixed/build/intermediates/packaged_res/debug/packageDebugResources/drawable-xxhdpi-v4/tv_banner.png
/sdcard/BAI-Test-1-complete-fixed/build/intermediates/packaged_res/debug/packageDebugResources/drawable-xxxhdpi-v26
/sdcard/BAI-Test-1-complete-fixed/build/intermediates/packaged_res/debug/packageDebugResources/drawable-xxxhdpi-v26/icon_f.png
/sdcard/BAI-Test-1-complete-fixed/build/intermediates/packaged_res/debug/packageDebugResources/drawable-xxxhdpi-v4
/sdcard/BAI-Test-1-complete-fixed/build/intermediates/packaged_res/debug/packageDebugResources/drawable-xxxhdpi-v4/ic_alert.png
/sdcard/BAI-Test-1-complete-fixed/build/intermediates/packaged_res/debug/packageDebugResources/drawable-xxxhdpi-v4/ic_analytics.png
/sdcard/BAI-Test-1-complete-fixed/build/intermediates/packaged_res/debug/packageDebugResources/drawable-xxxhdpi-v4/ic_auto_theme.png
/sdcard/BAI-Test-1-complete-fixed/build/intermediates/packaged_res/debug/packageDebugResources/drawable-xxxhdpi-v4/ic_backup.png
/sdcard/BAI-Test-1-complete-fixed/build/intermediates/packaged_res/debug/packageDebugResources/drawable-xxxhdpi-v4/ic_backup_dir.png
/sdcard/BAI-Test-1-complete-fixed/build/intermediates/packaged_res/debug/packageDebugResources/drawable-xxxhdpi-v4/ic_backup_name_format.png
/sdcard/BAI-Test-1-complete-fixed/build/intermediates/packaged_res/debug/packageDebugResources/drawable-xxxhdpi-v4/ic_dark_theme.png
/sdcard/BAI-Test-1-complete-fixed/build/intermediates/packaged_res/debug/packageDebugResources/drawable-xxxhdpi-v4/ic_feature.png
/sdcard/BAI-Test-1-complete-fixed/build/intermediates/packaged_res/debug/packageDebugResources/drawable-xxxhdpi-v4/ic_history.png
/sdcard/BAI-Test-1-complete-fixed/build/intermediates/packaged_res/debug/packageDebugResources/drawable-xxxhdpi-v4/ic_home.png
/sdcard/BAI-Test-1-complete-fixed/build/intermediates/packaged_res/debug/packageDebugResources/drawable-xxxhdpi-v4/ic_info.png
/sdcard/BAI-Test-1-complete-fixed/build/intermediates/packaged_res/debug/packageDebugResources/drawable-xxxhdpi-v4/ic_install.png
/sdcard/BAI-Test-1-complete-fixed/build/intermediates/packaged_res/debug/packageDebugResources/drawable-xxxhdpi-v4/ic_install_location.png
/sdcard/BAI-Test-1-complete-fixed/build/intermediates/packaged_res/debug/packageDebugResources/drawable-xxxhdpi-v4/ic_key.png
/sdcard/BAI-Test-1-complete-fixed/build/intermediates/packaged_res/debug/packageDebugResources/drawable-xxxhdpi-v4/ic_open_via.png
/sdcard/BAI-Test-1-complete-fixed/build/intermediates/packaged_res/debug/packageDebugResources/drawable-xxxhdpi-v4/ic_pro_mode.png
/sdcard/BAI-Test-1-complete-fixed/build/intermediates/packaged_res/debug/packageDebugResources/drawable-xxxhdpi-v4/ic_root.png
/sdcard/BAI-Test-1-complete-fixed/build/intermediates/packaged_res/debug/packageDebugResources/drawable-xxxhdpi-v4/ic_settings.png
/sdcard/BAI-Test-1-complete-fixed/build/intermediates/packaged_res/debug/packageDebugResources/drawable-xxxhdpi-v4/ic_sort.png
/sdcard/BAI-Test-1-complete-fixed/build/intermediates/packaged_res/debug/packageDebugResources/drawable-xxxhdpi-v4/ic_unarchive.png
/sdcard/BAI-Test-1-complete-fixed/build/intermediates/packaged_res/debug/packageDebugResources/drawable-xxxhdpi-v4/logo.png
/sdcard/BAI-Test-1-complete-fixed/build/intermediates/packaged_res/debug/packageDebugResources/drawable-xxxhdpi-v4/placeholder_app_icon.png
/sdcard/BAI-Test-1-complete-fixed/build/intermediates/packaged_res/debug/packageDebugResources/drawable-xxxhdpi-v4/tv_banner.png
/sdcard/BAI-Test-1-complete-fixed/build/intermediates/packaged_res/debug/packageDebugResources/layout
/sdcard/BAI-Test-1-complete-fixed/build/intermediates/packaged_res/debug/packageDebugResources/layout/activity_about.xml
/sdcard/BAI-Test-1-complete-fixed/build/intermediates/packaged_res/debug/packageDebugResources/layout/activity_backup_manage_app.xml
/sdcard/BAI-Test-1-complete-fixed/build/intermediates/packaged_res/debug/packageDebugResources/layout/activity_backup_settings.xml
/sdcard/BAI-Test-1-complete-fixed/build/intermediates/packaged_res/debug/packageDebugResources/layout/activity_eula.xml
/sdcard/BAI-Test-1-complete-fixed/build/intermediates/packaged_res/debug/packageDebugResources/layout/activity_licenses.xml
/sdcard/BAI-Test-1-complete-fixed/build/intermediates/packaged_res/debug/packageDebugResources/layout/activity_main.xml
/sdcard/BAI-Test-1-complete-fixed/build/intermediates/packaged_res/debug/packageDebugResources/layout/activity_mi.xml
/sdcard/BAI-Test-1-complete-fixed/build/intermediates/packaged_res/debug/packageDebugResources/layout/activity_preferences.xml
/sdcard/BAI-Test-1-complete-fixed/build/intermediates/packaged_res/debug/packageDebugResources/layout/dialog_backup.xml
/sdcard/BAI-Test-1-complete-fixed/build/intermediates/packaged_res/debug/packageDebugResources/layout/dialog_bottom_sheet_base.xml
/sdcard/BAI-Test-1-complete-fixed/build/intermediates/packaged_res/debug/packageDebugResources/layout/dialog_dark_light_theme_selection.xml
/sdcard/BAI-Test-1-complete-fixed/build/intermediates/packaged_res/debug/packageDebugResources/layout/dialog_filter.xml
/sdcard/BAI-Test-1-complete-fixed/build/intermediates/packaged_res/debug/packageDebugResources/layout/dialog_installerx.xml
/sdcard/BAI-Test-1-complete-fixed/build/intermediates/packaged_res/debug/packageDebugResources/layout/dialog_name_format_builder.xml
/sdcard/BAI-Test-1-complete-fixed/build/intermediates/packaged_res/debug/packageDebugResources/layout/fragment_backup.xml
/sdcard/BAI-Test-1-complete-fixed/build/intermediates/packaged_res/debug/packageDebugResources/layout/fragment_backup_manage_app.xml
/sdcard/BAI-Test-1-complete-fixed/build/intermediates/packaged_res/debug/packageDebugResources/layout/fragment_installer.xml
/sdcard/BAI-Test-1-complete-fixed/build/intermediates/packaged_res/debug/packageDebugResources/layout/fragment_installer2.xml
/sdcard/BAI-Test-1-complete-fixed/build/intermediates/packaged_res/debug/packageDebugResources/layout/fragment_local_backup_storage_setup.xml
/sdcard/BAI-Test-1-complete-fixed/build/intermediates/packaged_res/debug/packageDebugResources/layout/fragment_mi_entry.xml
/sdcard/BAI-Test-1-complete-fixed/build/intermediates/packaged_res/debug/packageDebugResources/layout/item_backup_app_details_backup.xml
/sdcard/BAI-Test-1-complete-fixed/build/intermediates/packaged_res/debug/packageDebugResources/layout/item_backup_app_details_header.xml
/sdcard/BAI-Test-1-complete-fixed/build/intermediates/packaged_res/debug/packageDebugResources/layout/item_backup_app_feature.xml
/sdcard/BAI-Test-1-complete-fixed/build/intermediates/packaged_res/debug/packageDebugResources/layout/item_backup_component.xml
/sdcard/BAI-Test-1-complete-fixed/build/intermediates/packaged_res/debug/packageDebugResources/layout/item_backup_dialog_split_part.xml
/sdcard/BAI-Test-1-complete-fixed/build/intermediates/packaged_res/debug/packageDebugResources/layout/item_backup_package.xml
/sdcard/BAI-Test-1-complete-fixed/build/intermediates/packaged_res/debug/packageDebugResources/layout/item_installerx_header.xml
/sdcard/BAI-Test-1-complete-fixed/build/intermediates/packaged_res/debug/packageDebugResources/layout/item_installerx_notice.xml
/sdcard/BAI-Test-1-complete-fixed/build/intermediates/packaged_res/debug/packageDebugResources/layout/item_installerx_split_category.xml
/sdcard/BAI-Test-1-complete-fixed/build/intermediates/packaged_res/debug/packageDebugResources/layout/item_installerx_split_part.xml
/sdcard/BAI-Test-1-complete-fixed/build/intermediates/packaged_res/debug/packageDebugResources/layout/item_installer_session.xml
/sdcard/BAI-Test-1-complete-fixed/build/intermediates/packaged_res/debug/packageDebugResources/layout/item_license.xml
/sdcard/BAI-Test-1-complete-fixed/build/intermediates/packaged_res/debug/packageDebugResources/layout/item_name_format_builder_chip.xml
/sdcard/BAI-Test-1-complete-fixed/build/intermediates/packaged_res/debug/packageDebugResources/layout/item_single_choice_dialog.xml
/sdcard/BAI-Test-1-complete-fixed/build/intermediates/packaged_res/debug/packageDebugResources/layout/item_theme.xml
/sdcard/BAI-Test-1-complete-fixed/build/intermediates/packaged_res/debug/packageDebugResources/menu
/sdcard/BAI-Test-1-complete-fixed/build/intermediates/packaged_res/debug/packageDebugResources/menu/app_details.xml
/sdcard/BAI-Test-1-complete-fixed/build/intermediates/packaged_res/debug/packageDebugResources/menu/backup_fragment.xml
/sdcard/BAI-Test-1-complete-fixed/build/intermediates/packaged_res/debug/packageDebugResources/menu/bottom_navigation.xml
/sdcard/BAI-Test-1-complete-fixed/build/intermediates/packaged_res/debug/packageDebugResources/mipmap-anydpi-v26
/sdcard/BAI-Test-1-complete-fixed/build/intermediates/packaged_res/debug/packageDebugResources/mipmap-anydpi-v26/icon.xml
/sdcard/BAI-Test-1-complete-fixed/build/intermediates/packaged_res/debug/packageDebugResources/mipmap-xxxhdpi-v4
/sdcard/BAI-Test-1-complete-fixed/build/intermediates/packaged_res/debug/packageDebugResources/mipmap-xxxhdpi-v4/icon.png
/sdcard/BAI-Test-1-complete-fixed/build/intermediates/packaged_res/debug/packageDebugResources/values
/sdcard/BAI-Test-1-complete-fixed/build/intermediates/packaged_res/debug/packageDebugResources/values/values.xml
/sdcard/BAI-Test-1-complete-fixed/build/intermediates/packaged_res/debug/packageDebugResources/values-ar
/sdcard/BAI-Test-1-complete-fixed/build/intermediates/packaged_res/debug/packageDebugResources/values-ar/values-ar.xml
/sdcard/BAI-Test-1-complete-fixed/build/intermediates/packaged_res/debug/packageDebugResources/values-az
/sdcard/BAI-Test-1-complete-fixed/build/intermediates/packaged_res/debug/packageDebugResources/values-az/values-az.xml
/sdcard/BAI-Test-1-complete-fixed/build/intermediates/packaged_res/debug/packageDebugResources/values-bg
/sdcard/BAI-Test-1-complete-fixed/build/intermediates/packaged_res/debug/packageDebugResources/values-bg/values-bg.xml
/sdcard/BAI-Test-1-complete-fixed/build/intermediates/packaged_res/debug/packageDebugResources/values-de
/sdcard/BAI-Test-1-complete-fixed/build/intermediates/packaged_res/debug/packageDebugResources/values-de/values-de.xml
/sdcard/BAI-Test-1-complete-fixed/build/intermediates/packaged_res/debug/packageDebugResources/values-el
/sdcard/BAI-Test-1-complete-fixed/build/intermediates/packaged_res/debug/packageDebugResources/values-el/values-el.xml
/sdcard/BAI-Test-1-complete-fixed/build/intermediates/packaged_res/debug/packageDebugResources/values-es
/sdcard/BAI-Test-1-complete-fixed/build/intermediates/packaged_res/debug/packageDebugResources/values-es/values-es.xml
/sdcard/BAI-Test-1-complete-fixed/build/intermediates/packaged_res/debug/packageDebugResources/values-fr
/sdcard/BAI-Test-1-complete-fixed/build/intermediates/packaged_res/debug/packageDebugResources/values-fr/values-fr.xml
/sdcard/BAI-Test-1-complete-fixed/build/intermediates/packaged_res/debug/packageDebugResources/values-it
/sdcard/BAI-Test-1-complete-fixed/build/intermediates/packaged_res/debug/packageDebugResources/values-it/values-it.xml
/sdcard/BAI-Test-1-complete-fixed/build/intermediates/packaged_res/debug/packageDebugResources/values-ja
/sdcard/BAI-Test-1-complete-fixed/build/intermediates/packaged_res/debug/packageDebugResources/values-ja/values-ja.xml
/sdcard/BAI-Test-1-complete-fixed/build/intermediates/packaged_res/debug/packageDebugResources/values-ko
/sdcard/BAI-Test-1-complete-fixed/build/intermediates/packaged_res/debug/packageDebugResources/values-ko/values-ko.xml
/sdcard/BAI-Test-1-complete-fixed/build/intermediates/packaged_res/debug/packageDebugResources/values-pl
/sdcard/BAI-Test-1-complete-fixed/build/intermediates/packaged_res/debug/packageDebugResources/values-pl/values-pl.xml
/sdcard/BAI-Test-1-complete-fixed/build/intermediates/packaged_res/debug/packageDebugResources/values-pt-rBR
/sdcard/BAI-Test-1-complete-fixed/build/intermediates/packaged_res/debug/packageDebugResources/values-pt-rBR/values-pt-rBR.xml
/sdcard/BAI-Test-1-complete-fixed/build/intermediates/packaged_res/debug/packageDebugResources/values-ru
/sdcard/BAI-Test-1-complete-fixed/build/intermediates/packaged_res/debug/packageDebugResources/values-ru/values-ru.xml
/sdcard/BAI-Test-1-complete-fixed/build/intermediates/packaged_res/debug/packageDebugResources/values-sv-rSE
/sdcard/BAI-Test-1-complete-fixed/build/intermediates/packaged_res/debug/packageDebugResources/values-sv-rSE/values-sv-rSE.xml
/sdcard/BAI-Test-1-complete-fixed/build/intermediates/packaged_res/debug/packageDebugResources/values-tr
/sdcard/BAI-Test-1-complete-fixed/build/intermediates/packaged_res/debug/packageDebugResources/values-tr/values-tr.xml
/sdcard/BAI-Test-1-complete-fixed/build/intermediates/packaged_res/debug/packageDebugResources/values-uk
/sdcard/BAI-Test-1-complete-fixed/build/intermediates/packaged_res/debug/packageDebugResources/values-uk/values-uk.xml
/sdcard/BAI-Test-1-complete-fixed/build/intermediates/packaged_res/debug/packageDebugResources/values-v23
/sdcard/BAI-Test-1-complete-fixed/build/intermediates/packaged_res/debug/packageDebugResources/values-v23/values-v23.xml
/sdcard/BAI-Test-1-complete-fixed/build/intermediates/packaged_res/debug/packageDebugResources/values-v27
/sdcard/BAI-Test-1-complete-fixed/build/intermediates/packaged_res/debug/packageDebugResources/values-v27/values-v27.xml
/sdcard/BAI-Test-1-complete-fixed/build/intermediates/packaged_res/debug/packageDebugResources/values-vi
/sdcard/BAI-Test-1-complete-fixed/build/intermediates/packaged_res/debug/packageDebugResources/values-vi/values-vi.xml
/sdcard/BAI-Test-1-complete-fixed/build/intermediates/packaged_res/debug/packageDebugResources/values-zh-rCN
/sdcard/BAI-Test-1-complete-fixed/build/intermediates/packaged_res/debug/packageDebugResources/values-zh-rCN/values-zh-rCN.xml
/sdcard/BAI-Test-1-complete-fixed/build/intermediates/packaged_res/debug/packageDebugResources/values-zh-rTW
/sdcard/BAI-Test-1-complete-fixed/build/intermediates/packaged_res/debug/packageDebugResources/values-zh-rTW/values-zh-rTW.xml
/sdcard/BAI-Test-1-complete-fixed/build/intermediates/packaged_res/debug/packageDebugResources/xml
/sdcard/BAI-Test-1-complete-fixed/build/intermediates/packaged_res/debug/packageDebugResources/xml/locales_config.xml
/sdcard/BAI-Test-1-complete-fixed/build/intermediates/packaged_res/debug/packageDebugResources/xml/preferences_lbs.xml
/sdcard/BAI-Test-1-complete-fixed/build/intermediates/packaged_res/debug/packageDebugResources/xml/preferences_main.xml
/sdcard/BAI-Test-1-complete-fixed/build/intermediates/packaged_res/debug/packageDebugResources/xml/preferences_super_secret.xml
/sdcard/BAI-Test-1-complete-fixed/build/intermediates/packaged_res/debugAndroidTest
/sdcard/BAI-Test-1-complete-fixed/build/intermediates/packaged_res/debugAndroidTest/packageDebugAndroidTestResources
/sdcard/BAI-Test-1-complete-fixed/build/intermediates/packaged_res/release
/sdcard/BAI-Test-1-complete-fixed/build/intermediates/packaged_res/release/packageReleaseResources
/sdcard/BAI-Test-1-complete-fixed/build/intermediates/packaged_res/release/packageReleaseResources/anim
/sdcard/BAI-Test-1-complete-fixed/build/intermediates/packaged_res/release/packageReleaseResources/anim/alpha_in.xml
/sdcard/BAI-Test-1-complete-fixed/build/intermediates/packaged_res/release/packageReleaseResources/anim/alpha_out.xml
/sdcard/BAI-Test-1-complete-fixed/build/intermediates/packaged_res/release/packageReleaseResources/color
/sdcard/BAI-Test-1-complete-fixed/build/intermediates/packaged_res/release/packageReleaseResources/color/selector_bottom_navigation.xml
/sdcard/BAI-Test-1-complete-fixed/build/intermediates/packaged_res/release/packageReleaseResources/color/selector_chip_background_color_filter.xml
/sdcard/BAI-Test-1-complete-fixed/build/intermediates/packaged_res/release/packageReleaseResources/color/selector_chip_background_color_selection.xml
/sdcard/BAI-Test-1-complete-fixed/build/intermediates/packaged_res/release/packageReleaseResources/color/selector_chip_text_color_selection.xml
/sdcard/BAI-Test-1-complete-fixed/build/intermediates/packaged_res/release/packageReleaseResources/color/selector_fastscroll_thumb_color.xml
/sdcard/BAI-Test-1-complete-fixed/build/intermediates/packaged_res/release/packageReleaseResources/color/selector_outlined_button_outline_color.xml
/sdcard/BAI-Test-1-complete-fixed/build/intermediates/packaged_res/release/packageReleaseResources/color/selector_outlined_button_text_color.xml
/sdcard/BAI-Test-1-complete-fixed/build/intermediates/packaged_res/release/packageReleaseResources/color/selector_radio_button.xml
/sdcard/BAI-Test-1-complete-fixed/build/intermediates/packaged_res/release/packageReleaseResources/color/selector_theme_card_ripple.xml
/sdcard/BAI-Test-1-complete-fixed/build/intermediates/packaged_res/release/packageReleaseResources/color/textinputlayout_outline_color.xml
/sdcard/BAI-Test-1-complete-fixed/build/intermediates/packaged_res/release/packageReleaseResources/drawable
/sdcard/BAI-Test-1-complete-fixed/build/intermediates/packaged_res/release/packageReleaseResources/drawable/bg_outline_button.xml
/sdcard/BAI-Test-1-complete-fixed/build/intermediates/packaged_res/release/packageReleaseResources/drawable/bg_rounded_alert_dialog.xml
/sdcard/BAI-Test-1-complete-fixed/build/intermediates/packaged_res/release/packageReleaseResources/drawable/bg_rounded_popup.xml
/sdcard/BAI-Test-1-complete-fixed/build/intermediates/packaged_res/release/packageReleaseResources/drawable/fastscroll_thumb.xml
/sdcard/BAI-Test-1-complete-fixed/build/intermediates/packaged_res/release/packageReleaseResources/drawable/fastscroll_thumb_shape.xml
/sdcard/BAI-Test-1-complete-fixed/build/intermediates/packaged_res/release/packageReleaseResources/drawable/ic_backup_enqueue.xml
/sdcard/BAI-Test-1-complete-fixed/build/intermediates/packaged_res/release/packageReleaseResources/drawable/ic_backup_status_higher_version.xml
/sdcard/BAI-Test-1-complete-fixed/build/intermediates/packaged_res/release/packageReleaseResources/drawable/ic_backup_status_lower_version.xml
/sdcard/BAI-Test-1-complete-fixed/build/intermediates/packaged_res/release/packageReleaseResources/drawable/ic_backup_status_not_installed.xml
/sdcard/BAI-Test-1-complete-fixed/build/intermediates/packaged_res/release/packageReleaseResources/drawable/ic_backup_status_no_backup.xml
/sdcard/BAI-Test-1-complete-fixed/build/intermediates/packaged_res/release/packageReleaseResources/drawable/ic_backup_status_same_version.xml
/sdcard/BAI-Test-1-complete-fixed/build/intermediates/packaged_res/release/packageReleaseResources/drawable/ic_chip_checked.xml
/sdcard/BAI-Test-1-complete-fixed/build/intermediates/packaged_res/release/packageReleaseResources/drawable/ic_clear_selection.xml
/sdcard/BAI-Test-1-complete-fixed/build/intermediates/packaged_res/release/packageReleaseResources/drawable/ic_dark_theme_2.xml
/sdcard/BAI-Test-1-complete-fixed/build/intermediates/packaged_res/release/packageReleaseResources/drawable/ic_delete.xml
/sdcard/BAI-Test-1-complete-fixed/build/intermediates/packaged_res/release/packageReleaseResources/drawable/ic_error.xml
/sdcard/BAI-Test-1-complete-fixed/build/intermediates/packaged_res/release/packageReleaseResources/drawable/ic_filter.xml
/sdcard/BAI-Test-1-complete-fixed/build/intermediates/packaged_res/release/packageReleaseResources/drawable/ic_go_back.xml
/sdcard/BAI-Test-1-complete-fixed/build/intermediates/packaged_res/release/packageReleaseResources/drawable/ic_help.xml
/sdcard/BAI-Test-1-complete-fixed/build/intermediates/packaged_res/release/packageReleaseResources/drawable/ic_install_full.xml
/sdcard/BAI-Test-1-complete-fixed/build/intermediates/packaged_res/release/packageReleaseResources/drawable/ic_language.xml
/sdcard/BAI-Test-1-complete-fixed/build/intermediates/packaged_res/release/packageReleaseResources/drawable/ic_launch.xml
/sdcard/BAI-Test-1-complete-fixed/build/intermediates/packaged_res/release/packageReleaseResources/drawable/ic_light_theme.xml
/sdcard/BAI-Test-1-complete-fixed/build/intermediates/packaged_res/release/packageReleaseResources/drawable/ic_more.xml
/sdcard/BAI-Test-1-complete-fixed/build/intermediates/packaged_res/release/packageReleaseResources/drawable/ic_pref_analytics.xml
/sdcard/BAI-Test-1-complete-fixed/build/intermediates/packaged_res/release/packageReleaseResources/drawable/ic_pref_auto_theme.xml
/sdcard/BAI-Test-1-complete-fixed/build/intermediates/packaged_res/release/packageReleaseResources/drawable/ic_pref_backup_dir.xml
/sdcard/BAI-Test-1-complete-fixed/build/intermediates/packaged_res/release/packageReleaseResources/drawable/ic_pref_backup_name_format.xml
/sdcard/BAI-Test-1-complete-fixed/build/intermediates/packaged_res/release/packageReleaseResources/drawable/ic_pref_backup_settings.xml
/sdcard/BAI-Test-1-complete-fixed/build/intermediates/packaged_res/release/packageReleaseResources/drawable/ic_pref_enable_apk_action_view.xml
/sdcard/BAI-Test-1-complete-fixed/build/intermediates/packaged_res/release/packageReleaseResources/drawable/ic_pref_feature.xml
/sdcard/BAI-Test-1-complete-fixed/build/intermediates/packaged_res/release/packageReleaseResources/drawable/ic_pref_home.xml
/sdcard/BAI-Test-1-complete-fixed/build/intermediates/packaged_res/release/packageReleaseResources/drawable/ic_pref_info.xml
/sdcard/BAI-Test-1-complete-fixed/build/intermediates/packaged_res/release/packageReleaseResources/drawable/ic_pref_install_location.xml
/sdcard/BAI-Test-1-complete-fixed/build/intermediates/packaged_res/release/packageReleaseResources/drawable/ic_pref_key.xml
/sdcard/BAI-Test-1-complete-fixed/build/intermediates/packaged_res/release/packageReleaseResources/drawable/ic_pref_language.xml
/sdcard/BAI-Test-1-complete-fixed/build/intermediates/packaged_res/release/packageReleaseResources/drawable/ic_pref_old_installer.xml
/sdcard/BAI-Test-1-complete-fixed/build/intermediates/packaged_res/release/packageReleaseResources/drawable/ic_pref_pro_mode.xml
/sdcard/BAI-Test-1-complete-fixed/build/intermediates/packaged_res/release/packageReleaseResources/drawable/ic_pref_root.xml
/sdcard/BAI-Test-1-complete-fixed/build/intermediates/packaged_res/release/packageReleaseResources/drawable/ic_pref_show_dialogs.xml
/sdcard/BAI-Test-1-complete-fixed/build/intermediates/packaged_res/release/packageReleaseResources/drawable/ic_pref_sort.xml
/sdcard/BAI-Test-1-complete-fixed/build/intermediates/packaged_res/release/packageReleaseResources/drawable/ic_pref_theme.xml
/sdcard/BAI-Test-1-complete-fixed/build/intermediates/packaged_res/release/packageReleaseResources/drawable/ic_pref_unarchive.xml
/sdcard/BAI-Test-1-complete-fixed/build/intermediates/packaged_res/release/packageReleaseResources/drawable/ic_restore.xml
/sdcard/BAI-Test-1-complete-fixed/build/intermediates/packaged_res/release/packageReleaseResources/drawable/ic_search.xml
/sdcard/BAI-Test-1-complete-fixed/build/intermediates/packaged_res/release/packageReleaseResources/drawable/ic_select_all.xml
/sdcard/BAI-Test-1-complete-fixed/build/intermediates/packaged_res/release/packageReleaseResources/drawable/ic_warning.xml
/sdcard/BAI-Test-1-complete-fixed/build/intermediates/packaged_res/release/packageReleaseResources/drawable-v26
/sdcard/BAI-Test-1-complete-fixed/build/intermediates/packaged_res/release/packageReleaseResources/drawable-v26/icon_b.xml
/sdcard/BAI-Test-1-complete-fixed/build/intermediates/packaged_res/release/packageReleaseResources/drawable-xhdpi-v4
/sdcard/BAI-Test-1-complete-fixed/build/intermediates/packaged_res/release/packageReleaseResources/drawable-xhdpi-v4/tv_banner.png
/sdcard/BAI-Test-1-complete-fixed/build/intermediates/packaged_res/release/packageReleaseResources/drawable-xxhdpi-v4
/sdcard/BAI-Test-1-complete-fixed/build/intermediates/packaged_res/release/packageReleaseResources/drawable-xxhdpi-v4/tv_banner.png
/sdcard/BAI-Test-1-complete-fixed/build/intermediates/packaged_res/release/packageReleaseResources/drawable-xxxhdpi-v26
/sdcard/BAI-Test-1-complete-fixed/build/intermediates/packaged_res/release/packageReleaseResources/drawable-xxxhdpi-v26/icon_f.png
/sdcard/BAI-Test-1-complete-fixed/build/intermediates/packaged_res/release/packageReleaseResources/drawable-xxxhdpi-v4
/sdcard/BAI-Test-1-complete-fixed/build/intermediates/packaged_res/release/packageReleaseResources/drawable-xxxhdpi-v4/ic_alert.png
/sdcard/BAI-Test-1-complete-fixed/build/intermediates/packaged_res/release/packageReleaseResources/drawable-xxxhdpi-v4/ic_analytics.png
/sdcard/BAI-Test-1-complete-fixed/build/intermediates/packaged_res/release/packageReleaseResources/drawable-xxxhdpi-v4/ic_auto_theme.png
/sdcard/BAI-Test-1-complete-fixed/build/intermediates/packaged_res/release/packageReleaseResources/drawable-xxxhdpi-v4/ic_backup.png
/sdcard/BAI-Test-1-complete-fixed/build/intermediates/packaged_res/release/packageReleaseResources/drawable-xxxhdpi-v4/ic_backup_dir.png
/sdcard/BAI-Test-1-complete-fixed/build/intermediates/packaged_res/release/packageReleaseResources/drawable-xxxhdpi-v4/ic_backup_name_format.png
/sdcard/BAI-Test-1-complete-fixed/build/intermediates/packaged_res/release/packageReleaseResources/drawable-xxxhdpi-v4/ic_dark_theme.png
/sdcard/BAI-Test-1-complete-fixed/build/intermediates/packaged_res/release/packageReleaseResources/drawable-xxxhdpi-v4/ic_feature.png
/sdcard/BAI-Test-1-complete-fixed/build/intermediates/packaged_res/release/packageReleaseResources/drawable-xxxhdpi-v4/ic_history.png
/sdcard/BAI-Test-1-complete-fixed/build/intermediates/packaged_res/release/packageReleaseResources/drawable-xxxhdpi-v4/ic_home.png
/sdcard/BAI-Test-1-complete-fixed/build/intermediates/packaged_res/release/packageReleaseResources/drawable-xxxhdpi-v4/ic_info.png
/sdcard/BAI-Test-1-complete-fixed/build/intermediates/packaged_res/release/packageReleaseResources/drawable-xxxhdpi-v4/ic_install.png
/sdcard/BAI-Test-1-complete-fixed/build/intermediates/packaged_res/release/packageReleaseResources/drawable-xxxhdpi-v4/ic_install_location.png
/sdcard/BAI-Test-1-complete-fixed/build/intermediates/packaged_res/release/packageReleaseResources/drawable-xxxhdpi-v4/ic_key.png
/sdcard/BAI-Test-1-complete-fixed/build/intermediates/packaged_res/release/packageReleaseResources/drawable-xxxhdpi-v4/ic_open_via.png
/sdcard/BAI-Test-1-complete-fixed/build/intermediates/packaged_res/release/packageReleaseResources/drawable-xxxhdpi-v4/ic_pro_mode.png
/sdcard/BAI-Test-1-complete-fixed/build/intermediates/packaged_res/release/packageReleaseResources/drawable-xxxhdpi-v4/ic_root.png
/sdcard/BAI-Test-1-complete-fixed/build/intermediates/packaged_res/release/packageReleaseResources/drawable-xxxhdpi-v4/ic_settings.png
/sdcard/BAI-Test-1-complete-fixed/build/intermediates/packaged_res/release/packageReleaseResources/drawable-xxxhdpi-v4/ic_sort.png
/sdcard/BAI-Test-1-complete-fixed/build/intermediates/packaged_res/release/packageReleaseResources/drawable-xxxhdpi-v4/ic_unarchive.png
/sdcard/BAI-Test-1-complete-fixed/build/intermediates/packaged_res/release/packageReleaseResources/drawable-xxxhdpi-v4/logo.png
/sdcard/BAI-Test-1-complete-fixed/build/intermediates/packaged_res/release/packageReleaseResources/drawable-xxxhdpi-v4/placeholder_app_icon.png
/sdcard/BAI-Test-1-complete-fixed/build/intermediates/packaged_res/release/packageReleaseResources/drawable-xxxhdpi-v4/tv_banner.png
/sdcard/BAI-Test-1-complete-fixed/build/intermediates/packaged_res/release/packageReleaseResources/layout
/sdcard/BAI-Test-1-complete-fixed/build/intermediates/packaged_res/release/packageReleaseResources/layout/activity_about.xml
/sdcard/BAI-Test-1-complete-fixed/build/intermediates/packaged_res/release/packageReleaseResources/layout/activity_backup_manage_app.xml
/sdcard/BAI-Test-1-complete-fixed/build/intermediates/packaged_res/release/packageReleaseResources/layout/activity_backup_settings.xml
/sdcard/BAI-Test-1-complete-fixed/build/intermediates/packaged_res/release/packageReleaseResources/layout/activity_eula.xml
/sdcard/BAI-Test-1-complete-fixed/build/intermediates/packaged_res/release/packageReleaseResources/layout/activity_licenses.xml
/sdcard/BAI-Test-1-complete-fixed/build/intermediates/packaged_res/release/packageReleaseResources/layout/activity_main.xml
/sdcard/BAI-Test-1-complete-fixed/build/intermediates/packaged_res/release/packageReleaseResources/layout/activity_mi.xml
/sdcard/BAI-Test-1-complete-fixed/build/intermediates/packaged_res/release/packageReleaseResources/layout/activity_preferences.xml
/sdcard/BAI-Test-1-complete-fixed/build/intermediates/packaged_res/release/packageReleaseResources/layout/dialog_backup.xml
/sdcard/BAI-Test-1-complete-fixed/build/intermediates/packaged_res/release/packageReleaseResources/layout/dialog_bottom_sheet_base.xml
/sdcard/BAI-Test-1-complete-fixed/build/intermediates/packaged_res/release/packageReleaseResources/layout/dialog_dark_light_theme_selection.xml
/sdcard/BAI-Test-1-complete-fixed/build/intermediates/packaged_res/release/packageReleaseResources/layout/dialog_filter.xml
/sdcard/BAI-Test-1-complete-fixed/build/intermediates/packaged_res/release/packageReleaseResources/layout/dialog_installerx.xml
/sdcard/BAI-Test-1-complete-fixed/build/intermediates/packaged_res/release/packageReleaseResources/layout/dialog_name_format_builder.xml
/sdcard/BAI-Test-1-complete-fixed/build/intermediates/packaged_res/release/packageReleaseResources/layout/fragment_backup.xml
/sdcard/BAI-Test-1-complete-fixed/build/intermediates/packaged_res/release/packageReleaseResources/layout/fragment_backup_manage_app.xml
/sdcard/BAI-Test-1-complete-fixed/build/intermediates/packaged_res/release/packageReleaseResources/layout/fragment_installer.xml
/sdcard/BAI-Test-1-complete-fixed/build/intermediates/packaged_res/release/packageReleaseResources/layout/fragment_installer2.xml
/sdcard/BAI-Test-1-complete-fixed/build/intermediates/packaged_res/release/packageReleaseResources/layout/fragment_local_backup_storage_setup.xml
/sdcard/BAI-Test-1-complete-fixed/build/intermediates/packaged_res/release/packageReleaseResources/layout/fragment_mi_entry.xml
/sdcard/BAI-Test-1-complete-fixed/build/intermediates/packaged_res/release/packageReleaseResources/layout/item_backup_app_details_backup.xml
/sdcard/BAI-Test-1-complete-fixed/build/intermediates/packaged_res/release/packageReleaseResources/layout/item_backup_app_details_header.xml
/sdcard/BAI-Test-1-complete-fixed/build/intermediates/packaged_res/release/packageReleaseResources/layout/item_backup_app_feature.xml
/sdcard/BAI-Test-1-complete-fixed/build/intermediates/packaged_res/release/packageReleaseResources/layout/item_backup_component.xml
/sdcard/BAI-Test-1-complete-fixed/build/intermediates/packaged_res/release/packageReleaseResources/layout/item_backup_dialog_split_part.xml
/sdcard/BAI-Test-1-complete-fixed/build/intermediates/packaged_res/release/packageReleaseResources/layout/item_backup_package.xml
/sdcard/BAI-Test-1-complete-fixed/build/intermediates/packaged_res/release/packageReleaseResources/layout/item_installerx_header.xml
/sdcard/BAI-Test-1-complete-fixed/build/intermediates/packaged_res/release/packageReleaseResources/layout/item_installerx_notice.xml
/sdcard/BAI-Test-1-complete-fixed/build/intermediates/packaged_res/release/packageReleaseResources/layout/item_installerx_split_category.xml
/sdcard/BAI-Test-1-complete-fixed/build/intermediates/packaged_res/release/packageReleaseResources/layout/item_installerx_split_part.xml
/sdcard/BAI-Test-1-complete-fixed/build/intermediates/packaged_res/release/packageReleaseResources/layout/item_installer_session.xml
/sdcard/BAI-Test-1-complete-fixed/build/intermediates/packaged_res/release/packageReleaseResources/layout/item_license.xml
/sdcard/BAI-Test-1-complete-fixed/build/intermediates/packaged_res/release/packageReleaseResources/layout/item_name_format_builder_chip.xml
/sdcard/BAI-Test-1-complete-fixed/build/intermediates/packaged_res/release/packageReleaseResources/layout/item_single_choice_dialog.xml
/sdcard/BAI-Test-1-complete-fixed/build/intermediates/packaged_res/release/packageReleaseResources/layout/item_theme.xml
/sdcard/BAI-Test-1-complete-fixed/build/intermediates/packaged_res/release/packageReleaseResources/menu
/sdcard/BAI-Test-1-complete-fixed/build/intermediates/packaged_res/release/packageReleaseResources/menu/app_details.xml
/sdcard/BAI-Test-1-complete-fixed/build/intermediates/packaged_res/release/packageReleaseResources/menu/backup_fragment.xml
/sdcard/BAI-Test-1-complete-fixed/build/intermediates/packaged_res/release/packageReleaseResources/menu/bottom_navigation.xml
/sdcard/BAI-Test-1-complete-fixed/build/intermediates/packaged_res/release/packageReleaseResources/mipmap-anydpi-v26
/sdcard/BAI-Test-1-complete-fixed/build/intermediates/packaged_res/release/packageReleaseResources/mipmap-anydpi-v26/icon.xml
/sdcard/BAI-Test-1-complete-fixed/build/intermediates/packaged_res/release/packageReleaseResources/mipmap-xxxhdpi-v4
/sdcard/BAI-Test-1-complete-fixed/build/intermediates/packaged_res/release/packageReleaseResources/mipmap-xxxhdpi-v4/icon.png
/sdcard/BAI-Test-1-complete-fixed/build/intermediates/packaged_res/release/packageReleaseResources/values
/sdcard/BAI-Test-1-complete-fixed/build/intermediates/packaged_res/release/packageReleaseResources/values/values.xml
/sdcard/BAI-Test-1-complete-fixed/build/intermediates/packaged_res/release/packageReleaseResources/values-ar
/sdcard/BAI-Test-1-complete-fixed/build/intermediates/packaged_res/release/packageReleaseResources/values-ar/values-ar.xml
/sdcard/BAI-Test-1-complete-fixed/build/intermediates/packaged_res/release/packageReleaseResources/values-az
/sdcard/BAI-Test-1-complete-fixed/build/intermediates/packaged_res/release/packageReleaseResources/values-az/values-az.xml
/sdcard/BAI-Test-1-complete-fixed/build/intermediates/packaged_res/release/packageReleaseResources/values-bg
/sdcard/BAI-Test-1-complete-fixed/build/intermediates/packaged_res/release/packageReleaseResources/values-bg/values-bg.xml
/sdcard/BAI-Test-1-complete-fixed/build/intermediates/packaged_res/release/packageReleaseResources/values-de
/sdcard/BAI-Test-1-complete-fixed/build/intermediates/packaged_res/release/packageReleaseResources/values-de/values-de.xml
/sdcard/BAI-Test-1-complete-fixed/build/intermediates/packaged_res/release/packageReleaseResources/values-el
/sdcard/BAI-Test-1-complete-fixed/build/intermediates/packaged_res/release/packageReleaseResources/values-el/values-el.xml
/sdcard/BAI-Test-1-complete-fixed/build/intermediates/packaged_res/release/packageReleaseResources/values-es
/sdcard/BAI-Test-1-complete-fixed/build/intermediates/packaged_res/release/packageReleaseResources/values-es/values-es.xml
/sdcard/BAI-Test-1-complete-fixed/build/intermediates/packaged_res/release/packageReleaseResources/values-fr
/sdcard/BAI-Test-1-complete-fixed/build/intermediates/packaged_res/release/packageReleaseResources/values-fr/values-fr.xml
/sdcard/BAI-Test-1-complete-fixed/build/intermediates/packaged_res/release/packageReleaseResources/values-it
/sdcard/BAI-Test-1-complete-fixed/build/intermediates/packaged_res/release/packageReleaseResources/values-it/values-it.xml
/sdcard/BAI-Test-1-complete-fixed/build/intermediates/packaged_res/release/packageReleaseResources/values-ja
/sdcard/BAI-Test-1-complete-fixed/build/intermediates/packaged_res/release/packageReleaseResources/values-ja/values-ja.xml
/sdcard/BAI-Test-1-complete-fixed/build/intermediates/packaged_res/release/packageReleaseResources/values-ko
/sdcard/BAI-Test-1-complete-fixed/build/intermediates/packaged_res/release/packageReleaseResources/values-ko/values-ko.xml
/sdcard/BAI-Test-1-complete-fixed/build/intermediates/packaged_res/release/packageReleaseResources/values-pl
/sdcard/BAI-Test-1-complete-fixed/build/intermediates/packaged_res/release/packageReleaseResources/values-pl/values-pl.xml
/sdcard/BAI-Test-1-complete-fixed/build/intermediates/packaged_res/release/packageReleaseResources/values-pt-rBR
/sdcard/BAI-Test-1-complete-fixed/build/intermediates/packaged_res/release/packageReleaseResources/values-pt-rBR/values-pt-rBR.xml
/sdcard/BAI-Test-1-complete-fixed/build/intermediates/packaged_res/release/packageReleaseResources/values-ru
/sdcard/BAI-Test-1-complete-fixed/build/intermediates/packaged_res/release/packageReleaseResources/values-ru/values-ru.xml
/sdcard/BAI-Test-1-complete-fixed/build/intermediates/packaged_res/release/packageReleaseResources/values-sv-rSE
/sdcard/BAI-Test-1-complete-fixed/build/intermediates/packaged_res/release/packageReleaseResources/values-sv-rSE/values-sv-rSE.xml
/sdcard/BAI-Test-1-complete-fixed/build/intermediates/packaged_res/release/packageReleaseResources/values-tr
/sdcard/BAI-Test-1-complete-fixed/build/intermediates/packaged_res/release/packageReleaseResources/values-tr/values-tr.xml
/sdcard/BAI-Test-1-complete-fixed/build/intermediates/packaged_res/release/packageReleaseResources/values-uk
/sdcard/BAI-Test-1-complete-fixed/build/intermediates/packaged_res/release/packageReleaseResources/values-uk/values-uk.xml
/sdcard/BAI-Test-1-complete-fixed/build/intermediates/packaged_res/release/packageReleaseResources/values-v23
/sdcard/BAI-Test-1-complete-fixed/build/intermediates/packaged_res/release/packageReleaseResources/values-v23/values-v23.xml
/sdcard/BAI-Test-1-complete-fixed/build/intermediates/packaged_res/release/packageReleaseResources/values-v27
/sdcard/BAI-Test-1-complete-fixed/build/intermediates/packaged_res/release/packageReleaseResources/values-v27/values-v27.xml
/sdcard/BAI-Test-1-complete-fixed/build/intermediates/packaged_res/release/packageReleaseResources/values-vi
/sdcard/BAI-Test-1-complete-fixed/build/intermediates/packaged_res/release/packageReleaseResources/values-vi/values-vi.xml
/sdcard/BAI-Test-1-complete-fixed/build/intermediates/packaged_res/release/packageReleaseResources/values-zh-rCN
/sdcard/BAI-Test-1-complete-fixed/build/intermediates/packaged_res/release/packageReleaseResources/values-zh-rCN/values-zh-rCN.xml
/sdcard/BAI-Test-1-complete-fixed/build/intermediates/packaged_res/release/packageReleaseResources/values-zh-rTW
/sdcard/BAI-Test-1-complete-fixed/build/intermediates/packaged_res/release/packageReleaseResources/values-zh-rTW/values-zh-rTW.xml
/sdcard/BAI-Test-1-complete-fixed/build/intermediates/packaged_res/release/packageReleaseResources/xml
/sdcard/BAI-Test-1-complete-fixed/build/intermediates/packaged_res/release/packageReleaseResources/xml/locales_config.xml
/sdcard/BAI-Test-1-complete-fixed/build/intermediates/packaged_res/release/packageReleaseResources/xml/preferences_lbs.xml
/sdcard/BAI-Test-1-complete-fixed/build/intermediates/packaged_res/release/packageReleaseResources/xml/preferences_main.xml
/sdcard/BAI-Test-1-complete-fixed/build/intermediates/packaged_res/release/packageReleaseResources/xml/preferences_super_secret.xml
/sdcard/BAI-Test-1-complete-fixed/build/intermediates/project_dex_archive
/sdcard/BAI-Test-1-complete-fixed/build/intermediates/project_dex_archive/debug
/sdcard/BAI-Test-1-complete-fixed/build/intermediates/project_dex_archive/debug/dexBuilderDebug
/sdcard/BAI-Test-1-complete-fixed/build/intermediates/project_dex_archive/debug/dexBuilderDebug/out
/sdcard/BAI-Test-1-complete-fixed/build/intermediates/project_dex_archive/debug/dexBuilderDebug/out/6161b3b64379d6ccfca46985e3875a5506853114c27c6956e4ff1a5fcd316aca_0.jar
/sdcard/BAI-Test-1-complete-fixed/build/intermediates/project_dex_archive/debug/dexBuilderDebug/out/6161b3b64379d6ccfca46985e3875a5506853114c27c6956e4ff1a5fcd316aca_1.jar
/sdcard/BAI-Test-1-complete-fixed/build/intermediates/project_dex_archive/debug/dexBuilderDebug/out/com
/sdcard/BAI-Test-1-complete-fixed/build/intermediates/project_dex_archive/debug/dexBuilderDebug/out/com/aefyr
/sdcard/BAI-Test-1-complete-fixed/build/intermediates/project_dex_archive/debug/dexBuilderDebug/out/com/aefyr/flexfilter
/sdcard/BAI-Test-1-complete-fixed/build/intermediates/project_dex_archive/debug/dexBuilderDebug/out/com/aefyr/flexfilter/applier
/sdcard/BAI-Test-1-complete-fixed/build/intermediates/project_dex_archive/debug/dexBuilderDebug/out/com/aefyr/flexfilter/applier/ComplexCustomFilter$Builder.dex
/sdcard/BAI-Test-1-complete-fixed/build/intermediates/project_dex_archive/debug/dexBuilderDebug/out/com/aefyr/flexfilter/applier/ComplexCustomFilter.dex
/sdcard/BAI-Test-1-complete-fixed/build/intermediates/project_dex_archive/debug/dexBuilderDebug/out/com/aefyr/flexfilter/applier/CustomFilter.dex
/sdcard/BAI-Test-1-complete-fixed/build/intermediates/project_dex_archive/debug/dexBuilderDebug/out/com/aefyr/flexfilter/applier/LiveFilterApplier.dex
/sdcard/BAI-Test-1-complete-fixed/build/intermediates/project_dex_archive/debug/dexBuilderDebug/out/com/aefyr/flexfilter/builtin
/sdcard/BAI-Test-1-complete-fixed/build/intermediates/project_dex_archive/debug/dexBuilderDebug/out/com/aefyr/flexfilter/builtin/DefaultCustomFilterFactory.dex
/sdcard/BAI-Test-1-complete-fixed/build/intermediates/project_dex_archive/debug/dexBuilderDebug/out/com/aefyr/flexfilter/builtin/DefaultFilterConfigViewHolderFactory.dex
/sdcard/BAI-Test-1-complete-fixed/build/intermediates/project_dex_archive/debug/dexBuilderDebug/out/com/aefyr/flexfilter/builtin/filter
/sdcard/BAI-Test-1-complete-fixed/build/intermediates/project_dex_archive/debug/dexBuilderDebug/out/com/aefyr/flexfilter/builtin/filter/singlechoice
/sdcard/BAI-Test-1-complete-fixed/build/intermediates/project_dex_archive/debug/dexBuilderDebug/out/com/aefyr/flexfilter/builtin/filter/singlechoice/SingleChoiceFilterConfig.dex
/sdcard/BAI-Test-1-complete-fixed/build/intermediates/project_dex_archive/debug/dexBuilderDebug/out/com/aefyr/flexfilter/builtin/filter/singlechoice/SingleChoiceFilterConfigOption.dex
/sdcard/BAI-Test-1-complete-fixed/build/intermediates/project_dex_archive/debug/dexBuilderDebug/out/com/aefyr/flexfilter/builtin/filter/sort
/sdcard/BAI-Test-1-complete-fixed/build/intermediates/project_dex_archive/debug/dexBuilderDebug/out/com/aefyr/flexfilter/builtin/filter/sort/SortFilterConfig.dex
/sdcard/BAI-Test-1-complete-fixed/build/intermediates/project_dex_archive/debug/dexBuilderDebug/out/com/aefyr/flexfilter/builtin/filter/sort/SortFilterConfigOption.dex
/sdcard/BAI-Test-1-complete-fixed/build/intermediates/project_dex_archive/debug/dexBuilderDebug/out/com/aefyr/flexfilter/config
/sdcard/BAI-Test-1-complete-fixed/build/intermediates/project_dex_archive/debug/dexBuilderDebug/out/com/aefyr/flexfilter/config/core
/sdcard/BAI-Test-1-complete-fixed/build/intermediates/project_dex_archive/debug/dexBuilderDebug/out/com/aefyr/flexfilter/config/core/ComplexFilterConfig.dex
/sdcard/BAI-Test-1-complete-fixed/build/intermediates/project_dex_archive/debug/dexBuilderDebug/out/com/aefyr/flexfilter/config/core/FilterConfig.dex
/sdcard/BAI-Test-1-complete-fixed/build/intermediates/project_dex_archive/debug/dexBuilderDebug/out/com/aefyr/flexfilter/ui
/sdcard/BAI-Test-1-complete-fixed/build/intermediates/project_dex_archive/debug/dexBuilderDebug/out/com/aefyr/flexfilter/ui/FilterDialog$OnApplyConfigListener.dex
/sdcard/BAI-Test-1-complete-fixed/build/intermediates/project_dex_archive/debug/dexBuilderDebug/out/com/aefyr/flexfilter/ui/FilterDialog.dex
/sdcard/BAI-Test-1-complete-fixed/build/intermediates/project_dex_archive/debug/dexBuilderDebug/out/com/aefyr/pseudoapksigner
/sdcard/BAI-Test-1-complete-fixed/build/intermediates/project_dex_archive/debug/dexBuilderDebug/out/com/aefyr/pseudoapksigner/PseudoApkSigner.dex
/sdcard/BAI-Test-1-complete-fixed/build/intermediates/project_dex_archive/debug/dexBuilderDebug/out/com/sumon
/sdcard/BAI-Test-1-complete-fixed/build/intermediates/project_dex_archive/debug/dexBuilderDebug/out/com/sumon/bundleapp
/sdcard/BAI-Test-1-complete-fixed/build/intermediates/project_dex_archive/debug/dexBuilderDebug/out/com/sumon/bundleapp/installer
/sdcard/BAI-Test-1-complete-fixed/build/intermediates/project_dex_archive/debug/dexBuilderDebug/out/com/sumon/bundleapp/installer/adapters
/sdcard/BAI-Test-1-complete-fixed/build/intermediates/project_dex_archive/debug/dexBuilderDebug/out/com/sumon/bundleapp/installer/adapters/BackupAppDetailsAdapter$ActionDelegate.dex
/sdcard/BAI-Test-1-complete-fixed/build/intermediates/project_dex_archive/debug/dexBuilderDebug/out/com/sumon/bundleapp/installer/adapters/BackupAppDetailsAdapter$BackupViewHolder.dex
/sdcard/BAI-Test-1-complete-fixed/build/intermediates/project_dex_archive/debug/dexBuilderDebug/out/com/sumon/bundleapp/installer/adapters/BackupAppDetailsAdapter$BaseViewHolder.dex
/sdcard/BAI-Test-1-complete-fixed/build/intermediates/project_dex_archive/debug/dexBuilderDebug/out/com/sumon/bundleapp/installer/adapters/BackupAppDetailsAdapter$HeaderViewHolder.dex
/sdcard/BAI-Test-1-complete-fixed/build/intermediates/project_dex_archive/debug/dexBuilderDebug/out/com/sumon/bundleapp/installer/adapters/BackupAppDetailsAdapter.dex
/sdcard/BAI-Test-1-complete-fixed/build/intermediates/project_dex_archive/debug/dexBuilderDebug/out/com/sumon/bundleapp/installer/adapters/BackupAppFeatureAdapter$ViewHolder.dex
/sdcard/BAI-Test-1-complete-fixed/build/intermediates/project_dex_archive/debug/dexBuilderDebug/out/com/sumon/bundleapp/installer/adapters/BackupAppFeatureAdapter.dex
/sdcard/BAI-Test-1-complete-fixed/build/intermediates/project_dex_archive/debug/dexBuilderDebug/out/com/sumon/bundleapp/installer/adapters/BackupComponentsAdapter$ComponentRenderer.dex
/sdcard/BAI-Test-1-complete-fixed/build/intermediates/project_dex_archive/debug/dexBuilderDebug/out/com/sumon/bundleapp/installer/adapters/BackupComponentsAdapter$DefaultComponentRenderer.dex
/sdcard/BAI-Test-1-complete-fixed/build/intermediates/project_dex_archive/debug/dexBuilderDebug/out/com/sumon/bundleapp/installer/adapters/BackupComponentsAdapter$ViewHolder.dex
/sdcard/BAI-Test-1-complete-fixed/build/intermediates/project_dex_archive/debug/dexBuilderDebug/out/com/sumon/bundleapp/installer/adapters/BackupComponentsAdapter.dex
/sdcard/BAI-Test-1-complete-fixed/build/intermediates/project_dex_archive/debug/dexBuilderDebug/out/com/sumon/bundleapp/installer/adapters/BackupNameFormatBuilderPartsAdapter$ViewHolder.dex
/sdcard/BAI-Test-1-complete-fixed/build/intermediates/project_dex_archive/debug/dexBuilderDebug/out/com/sumon/bundleapp/installer/adapters/BackupNameFormatBuilderPartsAdapter.dex
/sdcard/BAI-Test-1-complete-fixed/build/intermediates/project_dex_archive/debug/dexBuilderDebug/out/com/sumon/bundleapp/installer/adapters/BackupPackagesAdapter$1.dex
/sdcard/BAI-Test-1-complete-fixed/build/intermediates/project_dex_archive/debug/dexBuilderDebug/out/com/sumon/bundleapp/installer/adapters/BackupPackagesAdapter$OnItemInteractionListener.dex
/sdcard/BAI-Test-1-complete-fixed/build/intermediates/project_dex_archive/debug/dexBuilderDebug/out/com/sumon/bundleapp/installer/adapters/BackupPackagesAdapter$ViewHolder.dex
/sdcard/BAI-Test-1-complete-fixed/build/intermediates/project_dex_archive/debug/dexBuilderDebug/out/com/sumon/bundleapp/installer/adapters/BackupPackagesAdapter.dex
/sdcard/BAI-Test-1-complete-fixed/build/intermediates/project_dex_archive/debug/dexBuilderDebug/out/com/sumon/bundleapp/installer/adapters/BackupSplitPartsAdapter$ViewHolder.dex
/sdcard/BAI-Test-1-complete-fixed/build/intermediates/project_dex_archive/debug/dexBuilderDebug/out/com/sumon/bundleapp/installer/adapters/BackupSplitPartsAdapter.dex
/sdcard/BAI-Test-1-complete-fixed/build/intermediates/project_dex_archive/debug/dexBuilderDebug/out/com/sumon/bundleapp/installer/adapters/LicensesAdapter$ViewHolder.dex
/sdcard/BAI-Test-1-complete-fixed/build/intermediates/project_dex_archive/debug/dexBuilderDebug/out/com/sumon/bundleapp/installer/adapters/LicensesAdapter.dex
/sdcard/BAI-Test-1-complete-fixed/build/intermediates/project_dex_archive/debug/dexBuilderDebug/out/com/sumon/bundleapp/installer/adapters/SaiPiSessionsAdapter$1.dex
/sdcard/BAI-Test-1-complete-fixed/build/intermediates/project_dex_archive/debug/dexBuilderDebug/out/com/sumon/bundleapp/installer/adapters/SaiPiSessionsAdapter$ActionDelegate.dex
/sdcard/BAI-Test-1-complete-fixed/build/intermediates/project_dex_archive/debug/dexBuilderDebug/out/com/sumon/bundleapp/installer/adapters/SaiPiSessionsAdapter$ViewHolder.dex
/sdcard/BAI-Test-1-complete-fixed/build/intermediates/project_dex_archive/debug/dexBuilderDebug/out/com/sumon/bundleapp/installer/adapters/SaiPiSessionsAdapter.dex
/sdcard/BAI-Test-1-complete-fixed/build/intermediates/project_dex_archive/debug/dexBuilderDebug/out/com/sumon/bundleapp/installer/adapters/selection
/sdcard/BAI-Test-1-complete-fixed/build/intermediates/project_dex_archive/debug/dexBuilderDebug/out/com/sumon/bundleapp/installer/adapters/selection/SelectableAdapter$1.dex
/sdcard/BAI-Test-1-complete-fixed/build/intermediates/project_dex_archive/debug/dexBuilderDebug/out/com/sumon/bundleapp/installer/adapters/selection/SelectableAdapter$2.dex
/sdcard/BAI-Test-1-complete-fixed/build/intermediates/project_dex_archive/debug/dexBuilderDebug/out/com/sumon/bundleapp/installer/adapters/selection/SelectableAdapter$3.dex
/sdcard/BAI-Test-1-complete-fixed/build/intermediates/project_dex_archive/debug/dexBuilderDebug/out/com/sumon/bundleapp/installer/adapters/selection/SelectableAdapter.dex
/sdcard/BAI-Test-1-complete-fixed/build/intermediates/project_dex_archive/debug/dexBuilderDebug/out/com/sumon/bundleapp/installer/adapters/selection/Selection$1.dex
/sdcard/BAI-Test-1-complete-fixed/build/intermediates/project_dex_archive/debug/dexBuilderDebug/out/com/sumon/bundleapp/installer/adapters/selection/Selection$KeyStorage.dex
/sdcard/BAI-Test-1-complete-fixed/build/intermediates/project_dex_archive/debug/dexBuilderDebug/out/com/sumon/bundleapp/installer/adapters/selection/Selection$Observer.dex
/sdcard/BAI-Test-1-complete-fixed/build/intermediates/project_dex_archive/debug/dexBuilderDebug/out/com/sumon/bundleapp/installer/adapters/selection/Selection.dex
/sdcard/BAI-Test-1-complete-fixed/build/intermediates/project_dex_archive/debug/dexBuilderDebug/out/com/sumon/bundleapp/installer/adapters/selection/SimpleKeyStorage.dex
/sdcard/BAI-Test-1-complete-fixed/build/intermediates/project_dex_archive/debug/dexBuilderDebug/out/com/sumon/bundleapp/installer/adapters/SplitApkSourceMetaAdapter$BaseViewHolder.dex
/sdcard/BAI-Test-1-complete-fixed/build/intermediates/project_dex_archive/debug/dexBuilderDebug/out/com/sumon/bundleapp/installer/adapters/SplitApkSourceMetaAdapter$HeaderViewHolder.dex
/sdcard/BAI-Test-1-complete-fixed/build/intermediates/project_dex_archive/debug/dexBuilderDebug/out/com/sumon/bundleapp/installer/adapters/SplitApkSourceMetaAdapter$NoticeViewHolder.dex
/sdcard/BAI-Test-1-complete-fixed/build/intermediates/project_dex_archive/debug/dexBuilderDebug/out/com/sumon/bundleapp/installer/adapters/SplitApkSourceMetaAdapter$SplitCategoryViewHolder.dex
/sdcard/BAI-Test-1-complete-fixed/build/intermediates/project_dex_archive/debug/dexBuilderDebug/out/com/sumon/bundleapp/installer/adapters/SplitApkSourceMetaAdapter$SplitPartViewHolder.dex
/sdcard/BAI-Test-1-complete-fixed/build/intermediates/project_dex_archive/debug/dexBuilderDebug/out/com/sumon/bundleapp/installer/adapters/SplitApkSourceMetaAdapter.dex
/sdcard/BAI-Test-1-complete-fixed/build/intermediates/project_dex_archive/debug/dexBuilderDebug/out/com/sumon/bundleapp/installer/adapters/ThemeAdapter$OnThemeInteractionListener.dex
/sdcard/BAI-Test-1-complete-fixed/build/intermediates/project_dex_archive/debug/dexBuilderDebug/out/com/sumon/bundleapp/installer/adapters/ThemeAdapter$ViewHolder.dex
/sdcard/BAI-Test-1-complete-fixed/build/intermediates/project_dex_archive/debug/dexBuilderDebug/out/com/sumon/bundleapp/installer/adapters/ThemeAdapter.dex
/sdcard/BAI-Test-1-complete-fixed/build/intermediates/project_dex_archive/debug/dexBuilderDebug/out/com/sumon/bundleapp/installer/analytics
/sdcard/BAI-Test-1-complete-fixed/build/intermediates/project_dex_archive/debug/dexBuilderDebug/out/com/sumon/bundleapp/installer/analytics/AnalyticsProvider.dex
/sdcard/BAI-Test-1-complete-fixed/build/intermediates/project_dex_archive/debug/dexBuilderDebug/out/com/sumon/bundleapp/installer/analytics/DefaultAnalyticsProvider.dex
/sdcard/BAI-Test-1-complete-fixed/build/intermediates/project_dex_archive/debug/dexBuilderDebug/out/com/sumon/bundleapp/installer/backup2
/sdcard/BAI-Test-1-complete-fixed/build/intermediates/project_dex_archive/debug/dexBuilderDebug/out/com/sumon/bundleapp/installer/backup2/Backup.dex
/sdcard/BAI-Test-1-complete-fixed/build/intermediates/project_dex_archive/debug/dexBuilderDebug/out/com/sumon/bundleapp/installer/backup2/BackupApp.dex
/sdcard/BAI-Test-1-complete-fixed/build/intermediates/project_dex_archive/debug/dexBuilderDebug/out/com/sumon/bundleapp/installer/backup2/BackupAppDetails$State.dex
/sdcard/BAI-Test-1-complete-fixed/build/intermediates/project_dex_archive/debug/dexBuilderDebug/out/com/sumon/bundleapp/installer/backup2/BackupAppDetails.dex
/sdcard/BAI-Test-1-complete-fixed/build/intermediates/project_dex_archive/debug/dexBuilderDebug/out/com/sumon/bundleapp/installer/backup2/BackupComponent.dex
/sdcard/BAI-Test-1-complete-fixed/build/intermediates/project_dex_archive/debug/dexBuilderDebug/out/com/sumon/bundleapp/installer/backup2/BackupIndex$BackupIconProvider.dex
/sdcard/BAI-Test-1-complete-fixed/build/intermediates/project_dex_archive/debug/dexBuilderDebug/out/com/sumon/bundleapp/installer/backup2/BackupIndex.dex
/sdcard/BAI-Test-1-complete-fixed/build/intermediates/project_dex_archive/debug/dexBuilderDebug/out/com/sumon/bundleapp/installer/backup2/BackupManager$BackupDeletionCallback.dex
/sdcard/BAI-Test-1-complete-fixed/build/intermediates/project_dex_archive/debug/dexBuilderDebug/out/com/sumon/bundleapp/installer/backup2/BackupManager$IndexingStatus.dex
/sdcard/BAI-Test-1-complete-fixed/build/intermediates/project_dex_archive/debug/dexBuilderDebug/out/com/sumon/bundleapp/installer/backup2/BackupManager.dex
/sdcard/BAI-Test-1-complete-fixed/build/intermediates/project_dex_archive/debug/dexBuilderDebug/out/com/sumon/bundleapp/installer/backup2/BackupStatus.dex
/sdcard/BAI-Test-1-complete-fixed/build/intermediates/project_dex_archive/debug/dexBuilderDebug/out/com/sumon/bundleapp/installer/backup2/BackupStorage$BackupProgressListener.dex
/sdcard/BAI-Test-1-complete-fixed/build/intermediates/project_dex_archive/debug/dexBuilderDebug/out/com/sumon/bundleapp/installer/backup2/BackupStorage$BackupTaskState.dex
/sdcard/BAI-Test-1-complete-fixed/build/intermediates/project_dex_archive/debug/dexBuilderDebug/out/com/sumon/bundleapp/installer/backup2/BackupStorage$BackupTaskStatus.dex
/sdcard/BAI-Test-1-complete-fixed/build/intermediates/project_dex_archive/debug/dexBuilderDebug/out/com/sumon/bundleapp/installer/backup2/BackupStorage$BatchBackupTaskStatus.dex
/sdcard/BAI-Test-1-complete-fixed/build/intermediates/project_dex_archive/debug/dexBuilderDebug/out/com/sumon/bundleapp/installer/backup2/BackupStorage$Observer.dex
/sdcard/BAI-Test-1-complete-fixed/build/intermediates/project_dex_archive/debug/dexBuilderDebug/out/com/sumon/bundleapp/installer/backup2/BackupStorage.dex
/sdcard/BAI-Test-1-complete-fixed/build/intermediates/project_dex_archive/debug/dexBuilderDebug/out/com/sumon/bundleapp/installer/backup2/BackupStorageProvider.dex
/sdcard/BAI-Test-1-complete-fixed/build/intermediates/project_dex_archive/debug/dexBuilderDebug/out/com/sumon/bundleapp/installer/backup2/backuptask
/sdcard/BAI-Test-1-complete-fixed/build/intermediates/project_dex_archive/debug/dexBuilderDebug/out/com/sumon/bundleapp/installer/backup2/backuptask/config
/sdcard/BAI-Test-1-complete-fixed/build/intermediates/project_dex_archive/debug/dexBuilderDebug/out/com/sumon/bundleapp/installer/backup2/backuptask/config/BackupTaskConfig.dex
/sdcard/BAI-Test-1-complete-fixed/build/intermediates/project_dex_archive/debug/dexBuilderDebug/out/com/sumon/bundleapp/installer/backup2/backuptask/config/BatchBackupTaskConfig.dex
/sdcard/BAI-Test-1-complete-fixed/build/intermediates/project_dex_archive/debug/dexBuilderDebug/out/com/sumon/bundleapp/installer/backup2/backuptask/config/SingleBackupTaskConfig$1.dex
/sdcard/BAI-Test-1-complete-fixed/build/intermediates/project_dex_archive/debug/dexBuilderDebug/out/com/sumon/bundleapp/installer/backup2/backuptask/config/SingleBackupTaskConfig$Builder.dex
/sdcard/BAI-Test-1-complete-fixed/build/intermediates/project_dex_archive/debug/dexBuilderDebug/out/com/sumon/bundleapp/installer/backup2/backuptask/config/SingleBackupTaskConfig.dex
/sdcard/BAI-Test-1-complete-fixed/build/intermediates/project_dex_archive/debug/dexBuilderDebug/out/com/sumon/bundleapp/installer/backup2/backuptask/executor
/sdcard/BAI-Test-1-complete-fixed/build/intermediates/project_dex_archive/debug/dexBuilderDebug/out/com/sumon/bundleapp/installer/backup2/backuptask/executor/BatchBackupTaskExecutor$1.dex
/sdcard/BAI-Test-1-complete-fixed/build/intermediates/project_dex_archive/debug/dexBuilderDebug/out/com/sumon/bundleapp/installer/backup2/backuptask/executor/BatchBackupTaskExecutor$Listener.dex
/sdcard/BAI-Test-1-complete-fixed/build/intermediates/project_dex_archive/debug/dexBuilderDebug/out/com/sumon/bundleapp/installer/backup2/backuptask/executor/BatchBackupTaskExecutor$SingleBackupTaskExecutorFactory.dex
/sdcard/BAI-Test-1-complete-fixed/build/intermediates/project_dex_archive/debug/dexBuilderDebug/out/com/sumon/bundleapp/installer/backup2/backuptask/executor/BatchBackupTaskExecutor.dex
/sdcard/BAI-Test-1-complete-fixed/build/intermediates/project_dex_archive/debug/dexBuilderDebug/out/com/sumon/bundleapp/installer/backup2/backuptask/executor/CancellableBackupTaskExecutor.dex
/sdcard/BAI-Test-1-complete-fixed/build/intermediates/project_dex_archive/debug/dexBuilderDebug/out/com/sumon/bundleapp/installer/backup2/backuptask/executor/SingleBackupTaskExecutor$DelegatedFile.dex
/sdcard/BAI-Test-1-complete-fixed/build/intermediates/project_dex_archive/debug/dexBuilderDebug/out/com/sumon/bundleapp/installer/backup2/backuptask/executor/SingleBackupTaskExecutor$Listener.dex
/sdcard/BAI-Test-1-complete-fixed/build/intermediates/project_dex_archive/debug/dexBuilderDebug/out/com/sumon/bundleapp/installer/backup2/backuptask/executor/SingleBackupTaskExecutor$TaskCancelledException.dex
/sdcard/BAI-Test-1-complete-fixed/build/intermediates/project_dex_archive/debug/dexBuilderDebug/out/com/sumon/bundleapp/installer/backup2/backuptask/executor/SingleBackupTaskExecutor.dex
/sdcard/BAI-Test-1-complete-fixed/build/intermediates/project_dex_archive/debug/dexBuilderDebug/out/com/sumon/bundleapp/installer/backup2/impl
/sdcard/BAI-Test-1-complete-fixed/build/intermediates/project_dex_archive/debug/dexBuilderDebug/out/com/sumon/bundleapp/installer/backup2/impl/BackupService2$1.dex
/sdcard/BAI-Test-1-complete-fixed/build/intermediates/project_dex_archive/debug/dexBuilderDebug/out/com/sumon/bundleapp/installer/backup2/impl/BackupService2$BackupTaskInfo.dex
/sdcard/BAI-Test-1-complete-fixed/build/intermediates/project_dex_archive/debug/dexBuilderDebug/out/com/sumon/bundleapp/installer/backup2/impl/BackupService2$BatchBackupTaskInfo.dex
/sdcard/BAI-Test-1-complete-fixed/build/intermediates/project_dex_archive/debug/dexBuilderDebug/out/com/sumon/bundleapp/installer/backup2/impl/BackupService2.dex
/sdcard/BAI-Test-1-complete-fixed/build/intermediates/project_dex_archive/debug/dexBuilderDebug/out/com/sumon/bundleapp/installer/backup2/impl/components
/sdcard/BAI-Test-1-complete-fixed/build/intermediates/project_dex_archive/debug/dexBuilderDebug/out/com/sumon/bundleapp/installer/backup2/impl/components/SimpleBackupComponent.dex
/sdcard/BAI-Test-1-complete-fixed/build/intermediates/project_dex_archive/debug/dexBuilderDebug/out/com/sumon/bundleapp/installer/backup2/impl/components/StandardComponentTypes.dex
/sdcard/BAI-Test-1-complete-fixed/build/intermediates/project_dex_archive/debug/dexBuilderDebug/out/com/sumon/bundleapp/installer/backup2/impl/db
/sdcard/BAI-Test-1-complete-fixed/build/intermediates/project_dex_archive/debug/dexBuilderDebug/out/com/sumon/bundleapp/installer/backup2/impl/db/BackupComponentEntity.dex
/sdcard/BAI-Test-1-complete-fixed/build/intermediates/project_dex_archive/debug/dexBuilderDebug/out/com/sumon/bundleapp/installer/backup2/impl/db/BackupDao.dex
/sdcard/BAI-Test-1-complete-fixed/build/intermediates/project_dex_archive/debug/dexBuilderDebug/out/com/sumon/bundleapp/installer/backup2/impl/db/BackupDao_Impl$1.dex
/sdcard/BAI-Test-1-complete-fixed/build/intermediates/project_dex_archive/debug/dexBuilderDebug/out/com/sumon/bundleapp/installer/backup2/impl/db/BackupDao_Impl$2.dex
/sdcard/BAI-Test-1-complete-fixed/build/intermediates/project_dex_archive/debug/dexBuilderDebug/out/com/sumon/bundleapp/installer/backup2/impl/db/BackupDao_Impl.dex
/sdcard/BAI-Test-1-complete-fixed/build/intermediates/project_dex_archive/debug/dexBuilderDebug/out/com/sumon/bundleapp/installer/backup2/impl/db/BackupEntity.dex
/sdcard/BAI-Test-1-complete-fixed/build/intermediates/project_dex_archive/debug/dexBuilderDebug/out/com/sumon/bundleapp/installer/backup2/impl/db/BackupWithComponents.dex
/sdcard/BAI-Test-1-complete-fixed/build/intermediates/project_dex_archive/debug/dexBuilderDebug/out/com/sumon/bundleapp/installer/backup2/impl/db/DaoBackedBackupIndex.dex
/sdcard/BAI-Test-1-complete-fixed/build/intermediates/project_dex_archive/debug/dexBuilderDebug/out/com/sumon/bundleapp/installer/backup2/impl/DefaultBackupManager$1.dex
/sdcard/BAI-Test-1-complete-fixed/build/intermediates/project_dex_archive/debug/dexBuilderDebug/out/com/sumon/bundleapp/installer/backup2/impl/DefaultBackupManager$AppsObserver.dex
/sdcard/BAI-Test-1-complete-fixed/build/intermediates/project_dex_archive/debug/dexBuilderDebug/out/com/sumon/bundleapp/installer/backup2/impl/DefaultBackupManager$BackupAppDetailsImpl.dex
/sdcard/BAI-Test-1-complete-fixed/build/intermediates/project_dex_archive/debug/dexBuilderDebug/out/com/sumon/bundleapp/installer/backup2/impl/DefaultBackupManager$BackupAppImpl.dex
/sdcard/BAI-Test-1-complete-fixed/build/intermediates/project_dex_archive/debug/dexBuilderDebug/out/com/sumon/bundleapp/installer/backup2/impl/DefaultBackupManager$LiveAppDetails.dex
/sdcard/BAI-Test-1-complete-fixed/build/intermediates/project_dex_archive/debug/dexBuilderDebug/out/com/sumon/bundleapp/installer/backup2/impl/DefaultBackupManager.dex
/sdcard/BAI-Test-1-complete-fixed/build/intermediates/project_dex_archive/debug/dexBuilderDebug/out/com/sumon/bundleapp/installer/backup2/impl/local
/sdcard/BAI-Test-1-complete-fixed/build/intermediates/project_dex_archive/debug/dexBuilderDebug/out/com/sumon/bundleapp/installer/backup2/impl/local/LocalBackupStorage.dex
/sdcard/BAI-Test-1-complete-fixed/build/intermediates/project_dex_archive/debug/dexBuilderDebug/out/com/sumon/bundleapp/installer/backup2/impl/local/LocalBackupStorageProvider$OnConfigChangeListener.dex
/sdcard/BAI-Test-1-complete-fixed/build/intermediates/project_dex_archive/debug/dexBuilderDebug/out/com/sumon/bundleapp/installer/backup2/impl/local/LocalBackupStorageProvider$OnConfigChangeListenerHandlerWrapper.dex
/sdcard/BAI-Test-1-complete-fixed/build/intermediates/project_dex_archive/debug/dexBuilderDebug/out/com/sumon/bundleapp/installer/backup2/impl/local/LocalBackupStorageProvider.dex
/sdcard/BAI-Test-1-complete-fixed/build/intermediates/project_dex_archive/debug/dexBuilderDebug/out/com/sumon/bundleapp/installer/backup2/impl/local/LocalBackupUtils.dex
/sdcard/BAI-Test-1-complete-fixed/build/intermediates/project_dex_archive/debug/dexBuilderDebug/out/com/sumon/bundleapp/installer/backup2/impl/local/prefs
/sdcard/BAI-Test-1-complete-fixed/build/intermediates/project_dex_archive/debug/dexBuilderDebug/out/com/sumon/bundleapp/installer/backup2/impl/local/prefs/LocalBackupStoragePrefConstants.dex
/sdcard/BAI-Test-1-complete-fixed/build/intermediates/project_dex_archive/debug/dexBuilderDebug/out/com/sumon/bundleapp/installer/backup2/impl/local/ui
/sdcard/BAI-Test-1-complete-fixed/build/intermediates/project_dex_archive/debug/dexBuilderDebug/out/com/sumon/bundleapp/installer/backup2/impl/local/ui/fragments
/sdcard/BAI-Test-1-complete-fixed/build/intermediates/project_dex_archive/debug/dexBuilderDebug/out/com/sumon/bundleapp/installer/backup2/impl/local/ui/fragments/LocalBackupStorageSettingsFragment.dex
/sdcard/BAI-Test-1-complete-fixed/build/intermediates/project_dex_archive/debug/dexBuilderDebug/out/com/sumon/bundleapp/installer/backup2/impl/local/ui/fragments/LocalBackupStorageSetupFragment.dex
/sdcard/BAI-Test-1-complete-fixed/build/intermediates/project_dex_archive/debug/dexBuilderDebug/out/com/sumon/bundleapp/installer/backup2/impl/local/ui/viewmodels
/sdcard/BAI-Test-1-complete-fixed/build/intermediates/project_dex_archive/debug/dexBuilderDebug/out/com/sumon/bundleapp/installer/backup2/impl/local/ui/viewmodels/LocalBackupStorageSetupViewModel.dex
/sdcard/BAI-Test-1-complete-fixed/build/intermediates/project_dex_archive/debug/dexBuilderDebug/out/com/sumon/bundleapp/installer/backup2/impl/MutableBackup.dex
/sdcard/BAI-Test-1-complete-fixed/build/intermediates/project_dex_archive/debug/dexBuilderDebug/out/com/sumon/bundleapp/installer/backup2/impl/storage
/sdcard/BAI-Test-1-complete-fixed/build/intermediates/project_dex_archive/debug/dexBuilderDebug/out/com/sumon/bundleapp/installer/backup2/impl/storage/ApksBackupStorage$1.dex
/sdcard/BAI-Test-1-complete-fixed/build/intermediates/project_dex_archive/debug/dexBuilderDebug/out/com/sumon/bundleapp/installer/backup2/impl/storage/ApksBackupStorage$2.dex
/sdcard/BAI-Test-1-complete-fixed/build/intermediates/project_dex_archive/debug/dexBuilderDebug/out/com/sumon/bundleapp/installer/backup2/impl/storage/ApksBackupStorage$InternalDelegatedFile.dex
/sdcard/BAI-Test-1-complete-fixed/build/intermediates/project_dex_archive/debug/dexBuilderDebug/out/com/sumon/bundleapp/installer/backup2/impl/storage/ApksBackupStorage$InternalSingleBackupTaskExecutorFactory.dex
/sdcard/BAI-Test-1-complete-fixed/build/intermediates/project_dex_archive/debug/dexBuilderDebug/out/com/sumon/bundleapp/installer/backup2/impl/storage/ApksBackupStorage.dex
/sdcard/BAI-Test-1-complete-fixed/build/intermediates/project_dex_archive/debug/dexBuilderDebug/out/com/sumon/bundleapp/installer/backup2/impl/storage/ApksSingleBackupTaskExecutor.dex
/sdcard/BAI-Test-1-complete-fixed/build/intermediates/project_dex_archive/debug/dexBuilderDebug/out/com/sumon/bundleapp/installer/backup2/impl/storage/BaseBackupStorage$ObserverHandlerWrapper.dex
/sdcard/BAI-Test-1-complete-fixed/build/intermediates/project_dex_archive/debug/dexBuilderDebug/out/com/sumon/bundleapp/installer/backup2/impl/storage/BaseBackupStorage$ProgressListenerHandlerWrapper.dex
/sdcard/BAI-Test-1-complete-fixed/build/intermediates/project_dex_archive/debug/dexBuilderDebug/out/com/sumon/bundleapp/installer/backup2/impl/storage/BaseBackupStorage.dex
/sdcard/BAI-Test-1-complete-fixed/build/intermediates/project_dex_archive/debug/dexBuilderDebug/out/com/sumon/bundleapp/installer/BuildConfig.dex
/sdcard/BAI-Test-1-complete-fixed/build/intermediates/project_dex_archive/debug/dexBuilderDebug/out/com/sumon/bundleapp/installer/common
/sdcard/BAI-Test-1-complete-fixed/build/intermediates/project_dex_archive/debug/dexBuilderDebug/out/com/sumon/bundleapp/installer/common/AppDatabase.dex
/sdcard/BAI-Test-1-complete-fixed/build/intermediates/project_dex_archive/debug/dexBuilderDebug/out/com/sumon/bundleapp/installer/common/AppDatabase_Impl$1.dex
/sdcard/BAI-Test-1-complete-fixed/build/intermediates/project_dex_archive/debug/dexBuilderDebug/out/com/sumon/bundleapp/installer/common/AppDatabase_Impl.dex
/sdcard/BAI-Test-1-complete-fixed/build/intermediates/project_dex_archive/debug/dexBuilderDebug/out/com/sumon/bundleapp/installer/flavor
/sdcard/BAI-Test-1-complete-fixed/build/intermediates/project_dex_archive/debug/dexBuilderDebug/out/com/sumon/bundleapp/installer/flavor/FlavorInitProvider.dex
/sdcard/BAI-Test-1-complete-fixed/build/intermediates/project_dex_archive/debug/dexBuilderDebug/out/com/sumon/bundleapp/installer/installer
/sdcard/BAI-Test-1-complete-fixed/build/intermediates/project_dex_archive/debug/dexBuilderDebug/out/com/sumon/bundleapp/installer/installer/ApkSourceBuilder.dex
/sdcard/BAI-Test-1-complete-fixed/build/intermediates/project_dex_archive/debug/dexBuilderDebug/out/com/sumon/bundleapp/installer/installer/PackageInstallerProvider.dex
/sdcard/BAI-Test-1-complete-fixed/build/intermediates/project_dex_archive/debug/dexBuilderDebug/out/com/sumon/bundleapp/installer/installer/QueuedInstallation.dex
/sdcard/BAI-Test-1-complete-fixed/build/intermediates/project_dex_archive/debug/dexBuilderDebug/out/com/sumon/bundleapp/installer/installer/rooted
/sdcard/BAI-Test-1-complete-fixed/build/intermediates/project_dex_archive/debug/dexBuilderDebug/out/com/sumon/bundleapp/installer/installer/rooted/RootedSAIPackageInstaller.dex
/sdcard/BAI-Test-1-complete-fixed/build/intermediates/project_dex_archive/debug/dexBuilderDebug/out/com/sumon/bundleapp/installer/installer/rootless
/sdcard/BAI-Test-1-complete-fixed/build/intermediates/project_dex_archive/debug/dexBuilderDebug/out/com/sumon/bundleapp/installer/installer/rootless/RootlessSAIPackageInstaller$1.dex
/sdcard/BAI-Test-1-complete-fixed/build/intermediates/project_dex_archive/debug/dexBuilderDebug/out/com/sumon/bundleapp/installer/installer/rootless/RootlessSAIPackageInstaller.dex
/sdcard/BAI-Test-1-complete-fixed/build/intermediates/project_dex_archive/debug/dexBuilderDebug/out/com/sumon/bundleapp/installer/installer/rootless/RootlessSAIPIService.dex
/sdcard/BAI-Test-1-complete-fixed/build/intermediates/project_dex_archive/debug/dexBuilderDebug/out/com/sumon/bundleapp/installer/installer/SAIPackageInstaller$InstallationStatus.dex
/sdcard/BAI-Test-1-complete-fixed/build/intermediates/project_dex_archive/debug/dexBuilderDebug/out/com/sumon/bundleapp/installer/installer/SAIPackageInstaller$InstallationStatusListener.dex
/sdcard/BAI-Test-1-complete-fixed/build/intermediates/project_dex_archive/debug/dexBuilderDebug/out/com/sumon/bundleapp/installer/installer/SAIPackageInstaller.dex
/sdcard/BAI-Test-1-complete-fixed/build/intermediates/project_dex_archive/debug/dexBuilderDebug/out/com/sumon/bundleapp/installer/installer/ShellSAIPackageInstaller$1.dex
/sdcard/BAI-Test-1-complete-fixed/build/intermediates/project_dex_archive/debug/dexBuilderDebug/out/com/sumon/bundleapp/installer/installer/ShellSAIPackageInstaller.dex
/sdcard/BAI-Test-1-complete-fixed/build/intermediates/project_dex_archive/debug/dexBuilderDebug/out/com/sumon/bundleapp/installer/installer/shizuku
/sdcard/BAI-Test-1-complete-fixed/build/intermediates/project_dex_archive/debug/dexBuilderDebug/out/com/sumon/bundleapp/installer/installer/shizuku/ShizukuSAIPackageInstaller.dex
/sdcard/BAI-Test-1-complete-fixed/build/intermediates/project_dex_archive/debug/dexBuilderDebug/out/com/sumon/bundleapp/installer/installer2
/sdcard/BAI-Test-1-complete-fixed/build/intermediates/project_dex_archive/debug/dexBuilderDebug/out/com/sumon/bundleapp/installer/installer2/base
/sdcard/BAI-Test-1-complete-fixed/build/intermediates/project_dex_archive/debug/dexBuilderDebug/out/com/sumon/bundleapp/installer/installer2/base/model
/sdcard/BAI-Test-1-complete-fixed/build/intermediates/project_dex_archive/debug/dexBuilderDebug/out/com/sumon/bundleapp/installer/installer2/base/model/AndroidPackageInstallerError.dex
/sdcard/BAI-Test-1-complete-fixed/build/intermediates/project_dex_archive/debug/dexBuilderDebug/out/com/sumon/bundleapp/installer/installer2/base/model/SaiPiSessionParams.dex
/sdcard/BAI-Test-1-complete-fixed/build/intermediates/project_dex_archive/debug/dexBuilderDebug/out/com/sumon/bundleapp/installer/installer2/base/model/SaiPiSessionState$Builder.dex
/sdcard/BAI-Test-1-complete-fixed/build/intermediates/project_dex_archive/debug/dexBuilderDebug/out/com/sumon/bundleapp/installer/installer2/base/model/SaiPiSessionState.dex
/sdcard/BAI-Test-1-complete-fixed/build/intermediates/project_dex_archive/debug/dexBuilderDebug/out/com/sumon/bundleapp/installer/installer2/base/model/SaiPiSessionStatus.dex
/sdcard/BAI-Test-1-complete-fixed/build/intermediates/project_dex_archive/debug/dexBuilderDebug/out/com/sumon/bundleapp/installer/installer2/base/SaiPackageInstaller.dex
/sdcard/BAI-Test-1-complete-fixed/build/intermediates/project_dex_archive/debug/dexBuilderDebug/out/com/sumon/bundleapp/installer/installer2/base/SaiPiSessionObserver.dex
/sdcard/BAI-Test-1-complete-fixed/build/intermediates/project_dex_archive/debug/dexBuilderDebug/out/com/sumon/bundleapp/installer/installer2/impl
/sdcard/BAI-Test-1-complete-fixed/build/intermediates/project_dex_archive/debug/dexBuilderDebug/out/com/sumon/bundleapp/installer/installer2/impl/BaseSaiPackageInstaller.dex
/sdcard/BAI-Test-1-complete-fixed/build/intermediates/project_dex_archive/debug/dexBuilderDebug/out/com/sumon/bundleapp/installer/installer2/impl/FlexSaiPackageInstaller.dex
/sdcard/BAI-Test-1-complete-fixed/build/intermediates/project_dex_archive/debug/dexBuilderDebug/out/com/sumon/bundleapp/installer/installer2/impl/rootless
/sdcard/BAI-Test-1-complete-fixed/build/intermediates/project_dex_archive/debug/dexBuilderDebug/out/com/sumon/bundleapp/installer/installer2/impl/rootless/ConfirmationIntentWrapperActivity2.dex
/sdcard/BAI-Test-1-complete-fixed/build/intermediates/project_dex_archive/debug/dexBuilderDebug/out/com/sumon/bundleapp/installer/installer2/impl/rootless/RootlessSaiPackageInstaller.dex
/sdcard/BAI-Test-1-complete-fixed/build/intermediates/project_dex_archive/debug/dexBuilderDebug/out/com/sumon/bundleapp/installer/installer2/impl/rootless/RootlessSaiPiBroadcastReceiver$EventObserver.dex
/sdcard/BAI-Test-1-complete-fixed/build/intermediates/project_dex_archive/debug/dexBuilderDebug/out/com/sumon/bundleapp/installer/installer2/impl/rootless/RootlessSaiPiBroadcastReceiver.dex
/sdcard/BAI-Test-1-complete-fixed/build/intermediates/project_dex_archive/debug/dexBuilderDebug/out/com/sumon/bundleapp/installer/installer2/impl/shell
/sdcard/BAI-Test-1-complete-fixed/build/intermediates/project_dex_archive/debug/dexBuilderDebug/out/com/sumon/bundleapp/installer/installer2/impl/shell/RootedSaiPackageInstaller.dex
/sdcard/BAI-Test-1-complete-fixed/build/intermediates/project_dex_archive/debug/dexBuilderDebug/out/com/sumon/bundleapp/installer/installer2/impl/shell/ShellSaiPackageInstaller$1.dex
/sdcard/BAI-Test-1-complete-fixed/build/intermediates/project_dex_archive/debug/dexBuilderDebug/out/com/sumon/bundleapp/installer/installer2/impl/shell/ShellSaiPackageInstaller.dex
/sdcard/BAI-Test-1-complete-fixed/build/intermediates/project_dex_archive/debug/dexBuilderDebug/out/com/sumon/bundleapp/installer/installer2/impl/shell/ShizukuSaiPackageInstaller.dex
/sdcard/BAI-Test-1-complete-fixed/build/intermediates/project_dex_archive/debug/dexBuilderDebug/out/com/sumon/bundleapp/installer/installerx
/sdcard/BAI-Test-1-complete-fixed/build/intermediates/project_dex_archive/debug/dexBuilderDebug/out/com/sumon/bundleapp/installer/installerx/common
/sdcard/BAI-Test-1-complete-fixed/build/intermediates/project_dex_archive/debug/dexBuilderDebug/out/com/sumon/bundleapp/installer/installerx/common/Category.dex
/sdcard/BAI-Test-1-complete-fixed/build/intermediates/project_dex_archive/debug/dexBuilderDebug/out/com/sumon/bundleapp/installer/installerx/common/MutableSplitCategory.dex
/sdcard/BAI-Test-1-complete-fixed/build/intermediates/project_dex_archive/debug/dexBuilderDebug/out/com/sumon/bundleapp/installer/installerx/common/MutableSplitPart.dex
/sdcard/BAI-Test-1-complete-fixed/build/intermediates/project_dex_archive/debug/dexBuilderDebug/out/com/sumon/bundleapp/installer/installerx/common/ParserContext.dex
/sdcard/BAI-Test-1-complete-fixed/build/intermediates/project_dex_archive/debug/dexBuilderDebug/out/com/sumon/bundleapp/installer/installerx/common/SealedSplitCategory.dex
/sdcard/BAI-Test-1-complete-fixed/build/intermediates/project_dex_archive/debug/dexBuilderDebug/out/com/sumon/bundleapp/installer/installerx/common/SealedSplitPart.dex
/sdcard/BAI-Test-1-complete-fixed/build/intermediates/project_dex_archive/debug/dexBuilderDebug/out/com/sumon/bundleapp/installer/installerx/common/SplitApkSourceMeta.dex
/sdcard/BAI-Test-1-complete-fixed/build/intermediates/project_dex_archive/debug/dexBuilderDebug/out/com/sumon/bundleapp/installer/installerx/common/SplitCategory.dex
/sdcard/BAI-Test-1-complete-fixed/build/intermediates/project_dex_archive/debug/dexBuilderDebug/out/com/sumon/bundleapp/installer/installerx/common/SplitPart.dex
/sdcard/BAI-Test-1-complete-fixed/build/intermediates/project_dex_archive/debug/dexBuilderDebug/out/com/sumon/bundleapp/installer/installerx/postprocessing
/sdcard/BAI-Test-1-complete-fixed/build/intermediates/project_dex_archive/debug/dexBuilderDebug/out/com/sumon/bundleapp/installer/installerx/postprocessing/DeviceInfoAwarePostprocessor.dex
/sdcard/BAI-Test-1-complete-fixed/build/intermediates/project_dex_archive/debug/dexBuilderDebug/out/com/sumon/bundleapp/installer/installerx/postprocessing/HugeAppWarningPostprocessor.dex
/sdcard/BAI-Test-1-complete-fixed/build/intermediates/project_dex_archive/debug/dexBuilderDebug/out/com/sumon/bundleapp/installer/installerx/postprocessing/Postprocessor.dex
/sdcard/BAI-Test-1-complete-fixed/build/intermediates/project_dex_archive/debug/dexBuilderDebug/out/com/sumon/bundleapp/installer/installerx/postprocessing/SortPostprocessor.dex
/sdcard/BAI-Test-1-complete-fixed/build/intermediates/project_dex_archive/debug/dexBuilderDebug/out/com/sumon/bundleapp/installer/installerx/resolver
/sdcard/BAI-Test-1-complete-fixed/build/intermediates/project_dex_archive/debug/dexBuilderDebug/out/com/sumon/bundleapp/installer/installerx/resolver/appmeta
/sdcard/BAI-Test-1-complete-fixed/build/intermediates/project_dex_archive/debug/dexBuilderDebug/out/com/sumon/bundleapp/installer/installerx/resolver/appmeta/apkm
/sdcard/BAI-Test-1-complete-fixed/build/intermediates/project_dex_archive/debug/dexBuilderDebug/out/com/sumon/bundleapp/installer/installerx/resolver/appmeta/apkm/ApkmAppMetaExtractor.dex
/sdcard/BAI-Test-1-complete-fixed/build/intermediates/project_dex_archive/debug/dexBuilderDebug/out/com/sumon/bundleapp/installer/installerx/resolver/appmeta/apks
/sdcard/BAI-Test-1-complete-fixed/build/intermediates/project_dex_archive/debug/dexBuilderDebug/out/com/sumon/bundleapp/installer/installerx/resolver/appmeta/apks/SaiAppMetaExtractor.dex
/sdcard/BAI-Test-1-complete-fixed/build/intermediates/project_dex_archive/debug/dexBuilderDebug/out/com/sumon/bundleapp/installer/installerx/resolver/appmeta/AppMeta$Builder.dex
/sdcard/BAI-Test-1-complete-fixed/build/intermediates/project_dex_archive/debug/dexBuilderDebug/out/com/sumon/bundleapp/installer/installerx/resolver/appmeta/AppMeta.dex
/sdcard/BAI-Test-1-complete-fixed/build/intermediates/project_dex_archive/debug/dexBuilderDebug/out/com/sumon/bundleapp/installer/installerx/resolver/appmeta/AppMetaExtractor.dex
/sdcard/BAI-Test-1-complete-fixed/build/intermediates/project_dex_archive/debug/dexBuilderDebug/out/com/sumon/bundleapp/installer/installerx/resolver/appmeta/brute
/sdcard/BAI-Test-1-complete-fixed/build/intermediates/project_dex_archive/debug/dexBuilderDebug/out/com/sumon/bundleapp/installer/installerx/resolver/appmeta/brute/BruteAppMetaExtractor.dex
/sdcard/BAI-Test-1-complete-fixed/build/intermediates/project_dex_archive/debug/dexBuilderDebug/out/com/sumon/bundleapp/installer/installerx/resolver/appmeta/DefaultAppMetaExtractor.dex
/sdcard/BAI-Test-1-complete-fixed/build/intermediates/project_dex_archive/debug/dexBuilderDebug/out/com/sumon/bundleapp/installer/installerx/resolver/appmeta/installedapp
/sdcard/BAI-Test-1-complete-fixed/build/intermediates/project_dex_archive/debug/dexBuilderDebug/out/com/sumon/bundleapp/installer/installerx/resolver/appmeta/installedapp/InstalledAppAppMetaExtractor.dex
/sdcard/BAI-Test-1-complete-fixed/build/intermediates/project_dex_archive/debug/dexBuilderDebug/out/com/sumon/bundleapp/installer/installerx/resolver/appmeta/xapk
/sdcard/BAI-Test-1-complete-fixed/build/intermediates/project_dex_archive/debug/dexBuilderDebug/out/com/sumon/bundleapp/installer/installerx/resolver/appmeta/xapk/XapkAppMetaExtractor.dex
/sdcard/BAI-Test-1-complete-fixed/build/intermediates/project_dex_archive/debug/dexBuilderDebug/out/com/sumon/bundleapp/installer/installerx/resolver/meta
/sdcard/BAI-Test-1-complete-fixed/build/intermediates/project_dex_archive/debug/dexBuilderDebug/out/com/sumon/bundleapp/installer/installerx/resolver/meta/ApkSourceFile$Entry.dex
/sdcard/BAI-Test-1-complete-fixed/build/intermediates/project_dex_archive/debug/dexBuilderDebug/out/com/sumon/bundleapp/installer/installerx/resolver/meta/ApkSourceFile.dex
/sdcard/BAI-Test-1-complete-fixed/build/intermediates/project_dex_archive/debug/dexBuilderDebug/out/com/sumon/bundleapp/installer/installerx/resolver/meta/ApkSourceMetaResolutionError.dex
/sdcard/BAI-Test-1-complete-fixed/build/intermediates/project_dex_archive/debug/dexBuilderDebug/out/com/sumon/bundleapp/installer/installerx/resolver/meta/ApkSourceMetaResolutionResult.dex
/sdcard/BAI-Test-1-complete-fixed/build/intermediates/project_dex_archive/debug/dexBuilderDebug/out/com/sumon/bundleapp/installer/installerx/resolver/meta/impl
/sdcard/BAI-Test-1-complete-fixed/build/intermediates/project_dex_archive/debug/dexBuilderDebug/out/com/sumon/bundleapp/installer/installerx/resolver/meta/impl/DefaultSplitApkSourceMetaResolver.dex
/sdcard/BAI-Test-1-complete-fixed/build/intermediates/project_dex_archive/debug/dexBuilderDebug/out/com/sumon/bundleapp/installer/installerx/resolver/meta/impl/InstalledAppApkSourceFile.dex
/sdcard/BAI-Test-1-complete-fixed/build/intermediates/project_dex_archive/debug/dexBuilderDebug/out/com/sumon/bundleapp/installer/installerx/resolver/meta/impl/ZipFileApkSourceFile$InternalEntry.dex
/sdcard/BAI-Test-1-complete-fixed/build/intermediates/project_dex_archive/debug/dexBuilderDebug/out/com/sumon/bundleapp/installer/installerx/resolver/meta/impl/ZipFileApkSourceFile.dex
/sdcard/BAI-Test-1-complete-fixed/build/intermediates/project_dex_archive/debug/dexBuilderDebug/out/com/sumon/bundleapp/installer/installerx/resolver/meta/Notice.dex
/sdcard/BAI-Test-1-complete-fixed/build/intermediates/project_dex_archive/debug/dexBuilderDebug/out/com/sumon/bundleapp/installer/installerx/resolver/meta/SplitApkSourceMetaResolver.dex
/sdcard/BAI-Test-1-complete-fixed/build/intermediates/project_dex_archive/debug/dexBuilderDebug/out/com/sumon/bundleapp/installer/installerx/resolver/urimess
/sdcard/BAI-Test-1-complete-fixed/build/intermediates/project_dex_archive/debug/dexBuilderDebug/out/com/sumon/bundleapp/installer/installerx/resolver/urimess/impl
/sdcard/BAI-Test-1-complete-fixed/build/intermediates/project_dex_archive/debug/dexBuilderDebug/out/com/sumon/bundleapp/installer/installerx/resolver/urimess/impl/AndroidUriHost$CopyFileUriAsFile.dex
/sdcard/BAI-Test-1-complete-fixed/build/intermediates/project_dex_archive/debug/dexBuilderDebug/out/com/sumon/bundleapp/installer/installerx/resolver/urimess/impl/AndroidUriHost$ProcSelfFdUriAsFile.dex
/sdcard/BAI-Test-1-complete-fixed/build/intermediates/project_dex_archive/debug/dexBuilderDebug/out/com/sumon/bundleapp/installer/installerx/resolver/urimess/impl/AndroidUriHost.dex
/sdcard/BAI-Test-1-complete-fixed/build/intermediates/project_dex_archive/debug/dexBuilderDebug/out/com/sumon/bundleapp/installer/installerx/resolver/urimess/impl/DefaultUriMessResolver$MultipleApkFilesApkSourceFile$InternalEntry.dex
/sdcard/BAI-Test-1-complete-fixed/build/intermediates/project_dex_archive/debug/dexBuilderDebug/out/com/sumon/bundleapp/installer/installerx/resolver/urimess/impl/DefaultUriMessResolver$MultipleApkFilesApkSourceFile.dex
/sdcard/BAI-Test-1-complete-fixed/build/intermediates/project_dex_archive/debug/dexBuilderDebug/out/com/sumon/bundleapp/installer/installerx/resolver/urimess/impl/DefaultUriMessResolver.dex
/sdcard/BAI-Test-1-complete-fixed/build/intermediates/project_dex_archive/debug/dexBuilderDebug/out/com/sumon/bundleapp/installer/installerx/resolver/urimess/SourceType.dex
/sdcard/BAI-Test-1-complete-fixed/build/intermediates/project_dex_archive/debug/dexBuilderDebug/out/com/sumon/bundleapp/installer/installerx/resolver/urimess/UriHost$UriAsFile.dex
/sdcard/BAI-Test-1-complete-fixed/build/intermediates/project_dex_archive/debug/dexBuilderDebug/out/com/sumon/bundleapp/installer/installerx/resolver/urimess/UriHost.dex
/sdcard/BAI-Test-1-complete-fixed/build/intermediates/project_dex_archive/debug/dexBuilderDebug/out/com/sumon/bundleapp/installer/installerx/resolver/urimess/UriHostFactory.dex
/sdcard/BAI-Test-1-complete-fixed/build/intermediates/project_dex_archive/debug/dexBuilderDebug/out/com/sumon/bundleapp/installer/installerx/resolver/urimess/UriMessResolutionError.dex
/sdcard/BAI-Test-1-complete-fixed/build/intermediates/project_dex_archive/debug/dexBuilderDebug/out/com/sumon/bundleapp/installer/installerx/resolver/urimess/UriMessResolutionResult.dex
/sdcard/BAI-Test-1-complete-fixed/build/intermediates/project_dex_archive/debug/dexBuilderDebug/out/com/sumon/bundleapp/installer/installerx/resolver/urimess/UriMessResolver.dex
/sdcard/BAI-Test-1-complete-fixed/build/intermediates/project_dex_archive/debug/dexBuilderDebug/out/com/sumon/bundleapp/installer/installerx/splitmeta
/sdcard/BAI-Test-1-complete-fixed/build/intermediates/project_dex_archive/debug/dexBuilderDebug/out/com/sumon/bundleapp/installer/installerx/splitmeta/BaseSplitMeta.dex
/sdcard/BAI-Test-1-complete-fixed/build/intermediates/project_dex_archive/debug/dexBuilderDebug/out/com/sumon/bundleapp/installer/installerx/splitmeta/config
/sdcard/BAI-Test-1-complete-fixed/build/intermediates/project_dex_archive/debug/dexBuilderDebug/out/com/sumon/bundleapp/installer/installerx/splitmeta/config/AbiConfigSplitMeta.dex
/sdcard/BAI-Test-1-complete-fixed/build/intermediates/project_dex_archive/debug/dexBuilderDebug/out/com/sumon/bundleapp/installer/installerx/splitmeta/config/ConfigSplitMeta.dex
/sdcard/BAI-Test-1-complete-fixed/build/intermediates/project_dex_archive/debug/dexBuilderDebug/out/com/sumon/bundleapp/installer/installerx/splitmeta/config/LocaleConfigSplitMeta.dex
/sdcard/BAI-Test-1-complete-fixed/build/intermediates/project_dex_archive/debug/dexBuilderDebug/out/com/sumon/bundleapp/installer/installerx/splitmeta/config/ScreenDestinyConfigSplitMeta.dex
/sdcard/BAI-Test-1-complete-fixed/build/intermediates/project_dex_archive/debug/dexBuilderDebug/out/com/sumon/bundleapp/installer/installerx/splitmeta/config/UnknownConfigSplitMeta.dex
/sdcard/BAI-Test-1-complete-fixed/build/intermediates/project_dex_archive/debug/dexBuilderDebug/out/com/sumon/bundleapp/installer/installerx/splitmeta/FeatureSplitMeta.dex
/sdcard/BAI-Test-1-complete-fixed/build/intermediates/project_dex_archive/debug/dexBuilderDebug/out/com/sumon/bundleapp/installer/installerx/splitmeta/SplitMeta.dex
/sdcard/BAI-Test-1-complete-fixed/build/intermediates/project_dex_archive/debug/dexBuilderDebug/out/com/sumon/bundleapp/installer/installerx/splitmeta/UnknownSplitMeta.dex
/sdcard/BAI-Test-1-complete-fixed/build/intermediates/project_dex_archive/debug/dexBuilderDebug/out/com/sumon/bundleapp/installer/installerx/util
/sdcard/BAI-Test-1-complete-fixed/build/intermediates/project_dex_archive/debug/dexBuilderDebug/out/com/sumon/bundleapp/installer/installerx/util/AndroidBinXmlParser$Attribute.dex
/sdcard/BAI-Test-1-complete-fixed/build/intermediates/project_dex_archive/debug/dexBuilderDebug/out/com/sumon/bundleapp/installer/installerx/util/AndroidBinXmlParser$Chunk.dex
/sdcard/BAI-Test-1-complete-fixed/build/intermediates/project_dex_archive/debug/dexBuilderDebug/out/com/sumon/bundleapp/installer/installerx/util/AndroidBinXmlParser$ResourceMap.dex
/sdcard/BAI-Test-1-complete-fixed/build/intermediates/project_dex_archive/debug/dexBuilderDebug/out/com/sumon/bundleapp/installer/installerx/util/AndroidBinXmlParser$StringPool.dex
/sdcard/BAI-Test-1-complete-fixed/build/intermediates/project_dex_archive/debug/dexBuilderDebug/out/com/sumon/bundleapp/installer/installerx/util/AndroidBinXmlParser$XmlParserException.dex
/sdcard/BAI-Test-1-complete-fixed/build/intermediates/project_dex_archive/debug/dexBuilderDebug/out/com/sumon/bundleapp/installer/installerx/util/AndroidBinXmlParser.dex
/sdcard/BAI-Test-1-complete-fixed/build/intermediates/project_dex_archive/debug/dexBuilderDebug/out/com/sumon/bundleapp/installer/legal
/sdcard/BAI-Test-1-complete-fixed/build/intermediates/project_dex_archive/debug/dexBuilderDebug/out/com/sumon/bundleapp/installer/legal/DefaultLegalStuffProvider.dex
/sdcard/BAI-Test-1-complete-fixed/build/intermediates/project_dex_archive/debug/dexBuilderDebug/out/com/sumon/bundleapp/installer/legal/LegalStuffProvider.dex
/sdcard/BAI-Test-1-complete-fixed/build/intermediates/project_dex_archive/debug/dexBuilderDebug/out/com/sumon/bundleapp/installer/model
/sdcard/BAI-Test-1-complete-fixed/build/intermediates/project_dex_archive/debug/dexBuilderDebug/out/com/sumon/bundleapp/installer/model/apksource
/sdcard/BAI-Test-1-complete-fixed/build/intermediates/project_dex_archive/debug/dexBuilderDebug/out/com/sumon/bundleapp/installer/model/apksource/ApkSource.dex
/sdcard/BAI-Test-1-complete-fixed/build/intermediates/project_dex_archive/debug/dexBuilderDebug/out/com/sumon/bundleapp/installer/model/apksource/CopyToFileApkSource.dex
/sdcard/BAI-Test-1-complete-fixed/build/intermediates/project_dex_archive/debug/dexBuilderDebug/out/com/sumon/bundleapp/installer/model/apksource/DefaultApkSource.dex
/sdcard/BAI-Test-1-complete-fixed/build/intermediates/project_dex_archive/debug/dexBuilderDebug/out/com/sumon/bundleapp/installer/model/apksource/FilterApkSource.dex
/sdcard/BAI-Test-1-complete-fixed/build/intermediates/project_dex_archive/debug/dexBuilderDebug/out/com/sumon/bundleapp/installer/model/apksource/SignerApkSource.dex
/sdcard/BAI-Test-1-complete-fixed/build/intermediates/project_dex_archive/debug/dexBuilderDebug/out/com/sumon/bundleapp/installer/model/apksource/ZipApkSource$ZipInputStreamWrapper.dex
/sdcard/BAI-Test-1-complete-fixed/build/intermediates/project_dex_archive/debug/dexBuilderDebug/out/com/sumon/bundleapp/installer/model/apksource/ZipApkSource.dex
/sdcard/BAI-Test-1-complete-fixed/build/intermediates/project_dex_archive/debug/dexBuilderDebug/out/com/sumon/bundleapp/installer/model/apksource/ZipBackedApkSource.dex
/sdcard/BAI-Test-1-complete-fixed/build/intermediates/project_dex_archive/debug/dexBuilderDebug/out/com/sumon/bundleapp/installer/model/apksource/ZipExtractorApkSource.dex
/sdcard/BAI-Test-1-complete-fixed/build/intermediates/project_dex_archive/debug/dexBuilderDebug/out/com/sumon/bundleapp/installer/model/apksource/ZipFileApkSource.dex
/sdcard/BAI-Test-1-complete-fixed/build/intermediates/project_dex_archive/debug/dexBuilderDebug/out/com/sumon/bundleapp/installer/model/backup
/sdcard/BAI-Test-1-complete-fixed/build/intermediates/project_dex_archive/debug/dexBuilderDebug/out/com/sumon/bundleapp/installer/model/backup/BackupNameFormatBuilder$Part.dex
/sdcard/BAI-Test-1-complete-fixed/build/intermediates/project_dex_archive/debug/dexBuilderDebug/out/com/sumon/bundleapp/installer/model/backup/BackupNameFormatBuilder.dex
/sdcard/BAI-Test-1-complete-fixed/build/intermediates/project_dex_archive/debug/dexBuilderDebug/out/com/sumon/bundleapp/installer/model/backup/BackupPackagesFilterConfig$BackupStatusFilterMode.dex
/sdcard/BAI-Test-1-complete-fixed/build/intermediates/project_dex_archive/debug/dexBuilderDebug/out/com/sumon/bundleapp/installer/model/backup/BackupPackagesFilterConfig$SimpleFilterMode.dex
/sdcard/BAI-Test-1-complete-fixed/build/intermediates/project_dex_archive/debug/dexBuilderDebug/out/com/sumon/bundleapp/installer/model/backup/BackupPackagesFilterConfig$SortMode.dex
/sdcard/BAI-Test-1-complete-fixed/build/intermediates/project_dex_archive/debug/dexBuilderDebug/out/com/sumon/bundleapp/installer/model/backup/BackupPackagesFilterConfig.dex
/sdcard/BAI-Test-1-complete-fixed/build/intermediates/project_dex_archive/debug/dexBuilderDebug/out/com/sumon/bundleapp/installer/model/backup/SaiExportedAppMeta.dex
/sdcard/BAI-Test-1-complete-fixed/build/intermediates/project_dex_archive/debug/dexBuilderDebug/out/com/sumon/bundleapp/installer/model/backup/SaiExportedAppMeta2$BackupComponent.dex
/sdcard/BAI-Test-1-complete-fixed/build/intermediates/project_dex_archive/debug/dexBuilderDebug/out/com/sumon/bundleapp/installer/model/backup/SaiExportedAppMeta2.dex
/sdcard/BAI-Test-1-complete-fixed/build/intermediates/project_dex_archive/debug/dexBuilderDebug/out/com/sumon/bundleapp/installer/model/backup/SimpleAppFeature.dex
/sdcard/BAI-Test-1-complete-fixed/build/intermediates/project_dex_archive/debug/dexBuilderDebug/out/com/sumon/bundleapp/installer/model/backup/SplitApkPart.dex
/sdcard/BAI-Test-1-complete-fixed/build/intermediates/project_dex_archive/debug/dexBuilderDebug/out/com/sumon/bundleapp/installer/model/common
/sdcard/BAI-Test-1-complete-fixed/build/intermediates/project_dex_archive/debug/dexBuilderDebug/out/com/sumon/bundleapp/installer/model/common/AppFeature.dex
/sdcard/BAI-Test-1-complete-fixed/build/intermediates/project_dex_archive/debug/dexBuilderDebug/out/com/sumon/bundleapp/installer/model/common/PackageMeta$1.dex
/sdcard/BAI-Test-1-complete-fixed/build/intermediates/project_dex_archive/debug/dexBuilderDebug/out/com/sumon/bundleapp/installer/model/common/PackageMeta$Builder.dex
/sdcard/BAI-Test-1-complete-fixed/build/intermediates/project_dex_archive/debug/dexBuilderDebug/out/com/sumon/bundleapp/installer/model/common/PackageMeta.dex
/sdcard/BAI-Test-1-complete-fixed/build/intermediates/project_dex_archive/debug/dexBuilderDebug/out/com/sumon/bundleapp/installer/model/filedescriptor
/sdcard/BAI-Test-1-complete-fixed/build/intermediates/project_dex_archive/debug/dexBuilderDebug/out/com/sumon/bundleapp/installer/model/filedescriptor/ContentUriFileDescriptor$BadContentProviderException.dex
/sdcard/BAI-Test-1-complete-fixed/build/intermediates/project_dex_archive/debug/dexBuilderDebug/out/com/sumon/bundleapp/installer/model/filedescriptor/ContentUriFileDescriptor.dex
/sdcard/BAI-Test-1-complete-fixed/build/intermediates/project_dex_archive/debug/dexBuilderDebug/out/com/sumon/bundleapp/installer/model/filedescriptor/FileDescriptor.dex
/sdcard/BAI-Test-1-complete-fixed/build/intermediates/project_dex_archive/debug/dexBuilderDebug/out/com/sumon/bundleapp/installer/model/filedescriptor/NormalFileDescriptor.dex
/sdcard/BAI-Test-1-complete-fixed/build/intermediates/project_dex_archive/debug/dexBuilderDebug/out/com/sumon/bundleapp/installer/model/licenses
/sdcard/BAI-Test-1-complete-fixed/build/intermediates/project_dex_archive/debug/dexBuilderDebug/out/com/sumon/bundleapp/installer/model/licenses/License.dex
/sdcard/BAI-Test-1-complete-fixed/build/intermediates/project_dex_archive/debug/dexBuilderDebug/out/com/sumon/bundleapp/installer/shell
/sdcard/BAI-Test-1-complete-fixed/build/intermediates/project_dex_archive/debug/dexBuilderDebug/out/com/sumon/bundleapp/installer/shell/PersistentShellSession$ProcessFactory.dex
/sdcard/BAI-Test-1-complete-fixed/build/intermediates/project_dex_archive/debug/dexBuilderDebug/out/com/sumon/bundleapp/installer/shell/PersistentShellSession$Validator.dex
/sdcard/BAI-Test-1-complete-fixed/build/intermediates/project_dex_archive/debug/dexBuilderDebug/out/com/sumon/bundleapp/installer/shell/PersistentShellSession.dex
/sdcard/BAI-Test-1-complete-fixed/build/intermediates/project_dex_archive/debug/dexBuilderDebug/out/com/sumon/bundleapp/installer/shell/Shell$Command$Builder.dex
/sdcard/BAI-Test-1-complete-fixed/build/intermediates/project_dex_archive/debug/dexBuilderDebug/out/com/sumon/bundleapp/installer/shell/Shell$Command.dex
/sdcard/BAI-Test-1-complete-fixed/build/intermediates/project_dex_archive/debug/dexBuilderDebug/out/com/sumon/bundleapp/installer/shell/Shell$Result.dex
/sdcard/BAI-Test-1-complete-fixed/build/intermediates/project_dex_archive/debug/dexBuilderDebug/out/com/sumon/bundleapp/installer/shell/Shell.dex
/sdcard/BAI-Test-1-complete-fixed/build/intermediates/project_dex_archive/debug/dexBuilderDebug/out/com/sumon/bundleapp/installer/shell/ShizukuShell.dex
/sdcard/BAI-Test-1-complete-fixed/build/intermediates/project_dex_archive/debug/dexBuilderDebug/out/com/sumon/bundleapp/installer/shell/SuShell.dex
/sdcard/BAI-Test-1-complete-fixed/build/intermediates/project_dex_archive/debug/dexBuilderDebug/out/com/sumon/bundleapp/installer/shizuku
/sdcard/BAI-Test-1-complete-fixed/build/intermediates/project_dex_archive/debug/dexBuilderDebug/out/com/sumon/bundleapp/installer/shizuku/SuiInitProvider.dex
/sdcard/BAI-Test-1-complete-fixed/build/intermediates/project_dex_archive/debug/dexBuilderDebug/out/com/sumon/bundleapp/installer/ui
/sdcard/BAI-Test-1-complete-fixed/build/intermediates/project_dex_archive/debug/dexBuilderDebug/out/com/sumon/bundleapp/installer/ui/activities
/sdcard/BAI-Test-1-complete-fixed/build/intermediates/project_dex_archive/debug/dexBuilderDebug/out/com/sumon/bundleapp/installer/ui/activities/AboutActivity.dex
/sdcard/BAI-Test-1-complete-fixed/build/intermediates/project_dex_archive/debug/dexBuilderDebug/out/com/sumon/bundleapp/installer/ui/activities/ApkActionViewProxyActivity.dex
/sdcard/BAI-Test-1-complete-fixed/build/intermediates/project_dex_archive/debug/dexBuilderDebug/out/com/sumon/bundleapp/installer/ui/activities/BackupManageAppActivity.dex
/sdcard/BAI-Test-1-complete-fixed/build/intermediates/project_dex_archive/debug/dexBuilderDebug/out/com/sumon/bundleapp/installer/ui/activities/BackupSettingsActivity.dex
/sdcard/BAI-Test-1-complete-fixed/build/intermediates/project_dex_archive/debug/dexBuilderDebug/out/com/sumon/bundleapp/installer/ui/activities/ConfirmationIntentWrapperActivity.dex
/sdcard/BAI-Test-1-complete-fixed/build/intermediates/project_dex_archive/debug/dexBuilderDebug/out/com/sumon/bundleapp/installer/ui/activities/EulaActivity.dex
/sdcard/BAI-Test-1-complete-fixed/build/intermediates/project_dex_archive/debug/dexBuilderDebug/out/com/sumon/bundleapp/installer/ui/activities/LicensesActivity.dex
/sdcard/BAI-Test-1-complete-fixed/build/intermediates/project_dex_archive/debug/dexBuilderDebug/out/com/sumon/bundleapp/installer/ui/activities/MainActivity.dex
/sdcard/BAI-Test-1-complete-fixed/build/intermediates/project_dex_archive/debug/dexBuilderDebug/out/com/sumon/bundleapp/installer/ui/activities/MiActivity.dex
/sdcard/BAI-Test-1-complete-fixed/build/intermediates/project_dex_archive/debug/dexBuilderDebug/out/com/sumon/bundleapp/installer/ui/activities/PreferencesActivity.dex
/sdcard/BAI-Test-1-complete-fixed/build/intermediates/project_dex_archive/debug/dexBuilderDebug/out/com/sumon/bundleapp/installer/ui/activities/ThemedActivity.dex
/sdcard/BAI-Test-1-complete-fixed/build/intermediates/project_dex_archive/debug/dexBuilderDebug/out/com/sumon/bundleapp/installer/ui/dialogs
/sdcard/BAI-Test-1-complete-fixed/build/intermediates/project_dex_archive/debug/dexBuilderDebug/out/com/sumon/bundleapp/installer/ui/dialogs/AppInstalledDialogFragment.dex
/sdcard/BAI-Test-1-complete-fixed/build/intermediates/project_dex_archive/debug/dexBuilderDebug/out/com/sumon/bundleapp/installer/ui/dialogs/BackupDialogFragment$1.dex
/sdcard/BAI-Test-1-complete-fixed/build/intermediates/project_dex_archive/debug/dexBuilderDebug/out/com/sumon/bundleapp/installer/ui/dialogs/BackupDialogFragment.dex
/sdcard/BAI-Test-1-complete-fixed/build/intermediates/project_dex_archive/debug/dexBuilderDebug/out/com/sumon/bundleapp/installer/ui/dialogs/base
/sdcard/BAI-Test-1-complete-fixed/build/intermediates/project_dex_archive/debug/dexBuilderDebug/out/com/sumon/bundleapp/installer/ui/dialogs/base/BaseBottomSheetDialogFragment$OnDismissListener.dex
/sdcard/BAI-Test-1-complete-fixed/build/intermediates/project_dex_archive/debug/dexBuilderDebug/out/com/sumon/bundleapp/installer/ui/dialogs/base/BaseBottomSheetDialogFragment.dex
/sdcard/BAI-Test-1-complete-fixed/build/intermediates/project_dex_archive/debug/dexBuilderDebug/out/com/sumon/bundleapp/installer/ui/dialogs/BatchBackupDialogFragment$OnBatchBackupEnqueuedListener.dex
/sdcard/BAI-Test-1-complete-fixed/build/intermediates/project_dex_archive/debug/dexBuilderDebug/out/com/sumon/bundleapp/installer/ui/dialogs/BatchBackupDialogFragment.dex
/sdcard/BAI-Test-1-complete-fixed/build/intermediates/project_dex_archive/debug/dexBuilderDebug/out/com/sumon/bundleapp/installer/ui/dialogs/DarkLightThemeSelectionDialogFragment$Mode.dex
/sdcard/BAI-Test-1-complete-fixed/build/intermediates/project_dex_archive/debug/dexBuilderDebug/out/com/sumon/bundleapp/installer/ui/dialogs/DarkLightThemeSelectionDialogFragment$OnDarkLightThemesChosenListener.dex
/sdcard/BAI-Test-1-complete-fixed/build/intermediates/project_dex_archive/debug/dexBuilderDebug/out/com/sumon/bundleapp/installer/ui/dialogs/DarkLightThemeSelectionDialogFragment.dex
/sdcard/BAI-Test-1-complete-fixed/build/intermediates/project_dex_archive/debug/dexBuilderDebug/out/com/sumon/bundleapp/installer/ui/dialogs/DeleteBackupConfirmationDialog.dex
/sdcard/BAI-Test-1-complete-fixed/build/intermediates/project_dex_archive/debug/dexBuilderDebug/out/com/sumon/bundleapp/installer/ui/dialogs/ErrorLogDialogFragment.dex
/sdcard/BAI-Test-1-complete-fixed/build/intermediates/project_dex_archive/debug/dexBuilderDebug/out/com/sumon/bundleapp/installer/ui/dialogs/ErrorLogDialogFragment2.dex
/sdcard/BAI-Test-1-complete-fixed/build/intermediates/project_dex_archive/debug/dexBuilderDebug/out/com/sumon/bundleapp/installer/ui/dialogs/FilePickerDialogFragment$OnFilesSelectedListener.dex
/sdcard/BAI-Test-1-complete-fixed/build/intermediates/project_dex_archive/debug/dexBuilderDebug/out/com/sumon/bundleapp/installer/ui/dialogs/FilePickerDialogFragment.dex
/sdcard/BAI-Test-1-complete-fixed/build/intermediates/project_dex_archive/debug/dexBuilderDebug/out/com/sumon/bundleapp/installer/ui/dialogs/InstallationConfirmationDialogFragment$ConfirmationListener.dex
/sdcard/BAI-Test-1-complete-fixed/build/intermediates/project_dex_archive/debug/dexBuilderDebug/out/com/sumon/bundleapp/installer/ui/dialogs/InstallationConfirmationDialogFragment.dex
/sdcard/BAI-Test-1-complete-fixed/build/intermediates/project_dex_archive/debug/dexBuilderDebug/out/com/sumon/bundleapp/installer/ui/dialogs/InstallerXDialogFragment$1.dex
/sdcard/BAI-Test-1-complete-fixed/build/intermediates/project_dex_archive/debug/dexBuilderDebug/out/com/sumon/bundleapp/installer/ui/dialogs/InstallerXDialogFragment.dex
/sdcard/BAI-Test-1-complete-fixed/build/intermediates/project_dex_archive/debug/dexBuilderDebug/out/com/sumon/bundleapp/installer/ui/dialogs/MiuiWarningDialogFragment.dex
/sdcard/BAI-Test-1-complete-fixed/build/intermediates/project_dex_archive/debug/dexBuilderDebug/out/com/sumon/bundleapp/installer/ui/dialogs/NameFormatBuilderDialogFragment$OnFormatBuiltListener.dex
/sdcard/BAI-Test-1-complete-fixed/build/intermediates/project_dex_archive/debug/dexBuilderDebug/out/com/sumon/bundleapp/installer/ui/dialogs/NameFormatBuilderDialogFragment.dex
/sdcard/BAI-Test-1-complete-fixed/build/intermediates/project_dex_archive/debug/dexBuilderDebug/out/com/sumon/bundleapp/installer/ui/dialogs/OneTimeWarningDialogFragment.dex
/sdcard/BAI-Test-1-complete-fixed/build/intermediates/project_dex_archive/debug/dexBuilderDebug/out/com/sumon/bundleapp/installer/ui/dialogs/RestoreBackupDialogFragment.dex
/sdcard/BAI-Test-1-complete-fixed/build/intermediates/project_dex_archive/debug/dexBuilderDebug/out/com/sumon/bundleapp/installer/ui/dialogs/SimpleAlertDialogFragment$OnDismissListener.dex
/sdcard/BAI-Test-1-complete-fixed/build/intermediates/project_dex_archive/debug/dexBuilderDebug/out/com/sumon/bundleapp/installer/ui/dialogs/SimpleAlertDialogFragment.dex
/sdcard/BAI-Test-1-complete-fixed/build/intermediates/project_dex_archive/debug/dexBuilderDebug/out/com/sumon/bundleapp/installer/ui/dialogs/SingleChoiceListDialogFragment$DialogParams$1.dex
/sdcard/BAI-Test-1-complete-fixed/build/intermediates/project_dex_archive/debug/dexBuilderDebug/out/com/sumon/bundleapp/installer/ui/dialogs/SingleChoiceListDialogFragment$DialogParams.dex
/sdcard/BAI-Test-1-complete-fixed/build/intermediates/project_dex_archive/debug/dexBuilderDebug/out/com/sumon/bundleapp/installer/ui/dialogs/SingleChoiceListDialogFragment$ItemsAdapter$ViewHolder.dex
/sdcard/BAI-Test-1-complete-fixed/build/intermediates/project_dex_archive/debug/dexBuilderDebug/out/com/sumon/bundleapp/installer/ui/dialogs/SingleChoiceListDialogFragment$ItemsAdapter.dex
/sdcard/BAI-Test-1-complete-fixed/build/intermediates/project_dex_archive/debug/dexBuilderDebug/out/com/sumon/bundleapp/installer/ui/dialogs/SingleChoiceListDialogFragment$OnItemSelectedListener.dex
/sdcard/BAI-Test-1-complete-fixed/build/intermediates/project_dex_archive/debug/dexBuilderDebug/out/com/sumon/bundleapp/installer/ui/dialogs/SingleChoiceListDialogFragment.dex
/sdcard/BAI-Test-1-complete-fixed/build/intermediates/project_dex_archive/debug/dexBuilderDebug/out/com/sumon/bundleapp/installer/ui/dialogs/ThemeSelectionDialogFragment$Mode.dex
/sdcard/BAI-Test-1-complete-fixed/build/intermediates/project_dex_archive/debug/dexBuilderDebug/out/com/sumon/bundleapp/installer/ui/dialogs/ThemeSelectionDialogFragment$OnThemeChosenListener.dex
/sdcard/BAI-Test-1-complete-fixed/build/intermediates/project_dex_archive/debug/dexBuilderDebug/out/com/sumon/bundleapp/installer/ui/dialogs/ThemeSelectionDialogFragment.dex
/sdcard/BAI-Test-1-complete-fixed/build/intermediates/project_dex_archive/debug/dexBuilderDebug/out/com/sumon/bundleapp/installer/ui/dialogs/UriDirectoryPickerDialogFragment$OnDirectoryPickedListener.dex
/sdcard/BAI-Test-1-complete-fixed/build/intermediates/project_dex_archive/debug/dexBuilderDebug/out/com/sumon/bundleapp/installer/ui/dialogs/UriDirectoryPickerDialogFragment.dex
/sdcard/BAI-Test-1-complete-fixed/build/intermediates/project_dex_archive/debug/dexBuilderDebug/out/com/sumon/bundleapp/installer/ui/fragments
/sdcard/BAI-Test-1-complete-fixed/build/intermediates/project_dex_archive/debug/dexBuilderDebug/out/com/sumon/bundleapp/installer/ui/fragments/BackupFragment$1.dex
/sdcard/BAI-Test-1-complete-fixed/build/intermediates/project_dex_archive/debug/dexBuilderDebug/out/com/sumon/bundleapp/installer/ui/fragments/BackupFragment$2.dex
/sdcard/BAI-Test-1-complete-fixed/build/intermediates/project_dex_archive/debug/dexBuilderDebug/out/com/sumon/bundleapp/installer/ui/fragments/BackupFragment$3.dex
/sdcard/BAI-Test-1-complete-fixed/build/intermediates/project_dex_archive/debug/dexBuilderDebug/out/com/sumon/bundleapp/installer/ui/fragments/BackupFragment.dex
/sdcard/BAI-Test-1-complete-fixed/build/intermediates/project_dex_archive/debug/dexBuilderDebug/out/com/sumon/bundleapp/installer/ui/fragments/BackupManageAppFragment$1.dex
/sdcard/BAI-Test-1-complete-fixed/build/intermediates/project_dex_archive/debug/dexBuilderDebug/out/com/sumon/bundleapp/installer/ui/fragments/BackupManageAppFragment$DismissDelegate.dex
/sdcard/BAI-Test-1-complete-fixed/build/intermediates/project_dex_archive/debug/dexBuilderDebug/out/com/sumon/bundleapp/installer/ui/fragments/BackupManageAppFragment.dex
/sdcard/BAI-Test-1-complete-fixed/build/intermediates/project_dex_archive/debug/dexBuilderDebug/out/com/sumon/bundleapp/installer/ui/fragments/Installer2Fragment.dex
/sdcard/BAI-Test-1-complete-fixed/build/intermediates/project_dex_archive/debug/dexBuilderDebug/out/com/sumon/bundleapp/installer/ui/fragments/InstallerFragment.dex
/sdcard/BAI-Test-1-complete-fixed/build/intermediates/project_dex_archive/debug/dexBuilderDebug/out/com/sumon/bundleapp/installer/ui/fragments/LegacyInstallerFragment$1.dex
/sdcard/BAI-Test-1-complete-fixed/build/intermediates/project_dex_archive/debug/dexBuilderDebug/out/com/sumon/bundleapp/installer/ui/fragments/LegacyInstallerFragment.dex
/sdcard/BAI-Test-1-complete-fixed/build/intermediates/project_dex_archive/debug/dexBuilderDebug/out/com/sumon/bundleapp/installer/ui/fragments/miui
/sdcard/BAI-Test-1-complete-fixed/build/intermediates/project_dex_archive/debug/dexBuilderDebug/out/com/sumon/bundleapp/installer/ui/fragments/miui/MiEntryFragment$OnContinueListener.dex
/sdcard/BAI-Test-1-complete-fixed/build/intermediates/project_dex_archive/debug/dexBuilderDebug/out/com/sumon/bundleapp/installer/ui/fragments/miui/MiEntryFragment.dex
/sdcard/BAI-Test-1-complete-fixed/build/intermediates/project_dex_archive/debug/dexBuilderDebug/out/com/sumon/bundleapp/installer/ui/fragments/PreferencesFragment.dex
/sdcard/BAI-Test-1-complete-fixed/build/intermediates/project_dex_archive/debug/dexBuilderDebug/out/com/sumon/bundleapp/installer/ui/fragments/SaiBaseFragment.dex
/sdcard/BAI-Test-1-complete-fixed/build/intermediates/project_dex_archive/debug/dexBuilderDebug/out/com/sumon/bundleapp/installer/ui/fragments/SuperSecretPreferencesFragment.dex
/sdcard/BAI-Test-1-complete-fixed/build/intermediates/project_dex_archive/debug/dexBuilderDebug/out/com/sumon/bundleapp/installer/ui/recycler
/sdcard/BAI-Test-1-complete-fixed/build/intermediates/project_dex_archive/debug/dexBuilderDebug/out/com/sumon/bundleapp/installer/ui/recycler/InstallerXAdapterDividerItemDecoration.dex
/sdcard/BAI-Test-1-complete-fixed/build/intermediates/project_dex_archive/debug/dexBuilderDebug/out/com/sumon/bundleapp/installer/ui/recycler/RecyclerPaddingDecoration.dex
/sdcard/BAI-Test-1-complete-fixed/build/intermediates/project_dex_archive/debug/dexBuilderDebug/out/com/sumon/bundleapp/installer/utils
/sdcard/BAI-Test-1-complete-fixed/build/intermediates/project_dex_archive/debug/dexBuilderDebug/out/com/sumon/bundleapp/installer/utils/AlertsUtils.dex
/sdcard/BAI-Test-1-complete-fixed/build/intermediates/project_dex_archive/debug/dexBuilderDebug/out/com/sumon/bundleapp/installer/utils/BackupNameFormat.dex
/sdcard/BAI-Test-1-complete-fixed/build/intermediates/project_dex_archive/debug/dexBuilderDebug/out/com/sumon/bundleapp/installer/utils/BiConsumer.dex
/sdcard/BAI-Test-1-complete-fixed/build/intermediates/project_dex_archive/debug/dexBuilderDebug/out/com/sumon/bundleapp/installer/utils/DbgPreferencesHelper.dex
/sdcard/BAI-Test-1-complete-fixed/build/intermediates/project_dex_archive/debug/dexBuilderDebug/out/com/sumon/bundleapp/installer/utils/DbgPreferencesKeys.dex
/sdcard/BAI-Test-1-complete-fixed/build/intermediates/project_dex_archive/debug/dexBuilderDebug/out/com/sumon/bundleapp/installer/utils/Event.dex
/sdcard/BAI-Test-1-complete-fixed/build/intermediates/project_dex_archive/debug/dexBuilderDebug/out/com/sumon/bundleapp/installer/utils/Event2.dex
/sdcard/BAI-Test-1-complete-fixed/build/intermediates/project_dex_archive/debug/dexBuilderDebug/out/com/sumon/bundleapp/installer/utils/FragmentNavigator$FragmentFactory.dex
/sdcard/BAI-Test-1-complete-fixed/build/intermediates/project_dex_archive/debug/dexBuilderDebug/out/com/sumon/bundleapp/installer/utils/FragmentNavigator.dex
/sdcard/BAI-Test-1-complete-fixed/build/intermediates/project_dex_archive/debug/dexBuilderDebug/out/com/sumon/bundleapp/installer/utils/InsetsUtils$1.dex
/sdcard/BAI-Test-1-complete-fixed/build/intermediates/project_dex_archive/debug/dexBuilderDebug/out/com/sumon/bundleapp/installer/utils/InsetsUtils.dex
/sdcard/BAI-Test-1-complete-fixed/build/intermediates/project_dex_archive/debug/dexBuilderDebug/out/com/sumon/bundleapp/installer/utils/IOUtils.dex
/sdcard/BAI-Test-1-complete-fixed/build/intermediates/project_dex_archive/debug/dexBuilderDebug/out/com/sumon/bundleapp/installer/utils/Locker.dex
/sdcard/BAI-Test-1-complete-fixed/build/intermediates/project_dex_archive/debug/dexBuilderDebug/out/com/sumon/bundleapp/installer/utils/Logs.dex
/sdcard/BAI-Test-1-complete-fixed/build/intermediates/project_dex_archive/debug/dexBuilderDebug/out/com/sumon/bundleapp/installer/utils/MapBackedLocker$ConcurrentHashMapLocker.dex
/sdcard/BAI-Test-1-complete-fixed/build/intermediates/project_dex_archive/debug/dexBuilderDebug/out/com/sumon/bundleapp/installer/utils/MapBackedLocker$HashMapLocker.dex
/sdcard/BAI-Test-1-complete-fixed/build/intermediates/project_dex_archive/debug/dexBuilderDebug/out/com/sumon/bundleapp/installer/utils/MapBackedLocker.dex
/sdcard/BAI-Test-1-complete-fixed/build/intermediates/project_dex_archive/debug/dexBuilderDebug/out/com/sumon/bundleapp/installer/utils/MathUtils.dex
/sdcard/BAI-Test-1-complete-fixed/build/intermediates/project_dex_archive/debug/dexBuilderDebug/out/com/sumon/bundleapp/installer/utils/MiuiUtils.dex
/sdcard/BAI-Test-1-complete-fixed/build/intermediates/project_dex_archive/debug/dexBuilderDebug/out/com/sumon/bundleapp/installer/utils/NotificationHelper.dex
/sdcard/BAI-Test-1-complete-fixed/build/intermediates/project_dex_archive/debug/dexBuilderDebug/out/com/sumon/bundleapp/installer/utils/PermissionsUtils.dex
/sdcard/BAI-Test-1-complete-fixed/build/intermediates/project_dex_archive/debug/dexBuilderDebug/out/com/sumon/bundleapp/installer/utils/PreferencesHelper.dex
/sdcard/BAI-Test-1-complete-fixed/build/intermediates/project_dex_archive/debug/dexBuilderDebug/out/com/sumon/bundleapp/installer/utils/PreferencesKeys.dex
/sdcard/BAI-Test-1-complete-fixed/build/intermediates/project_dex_archive/debug/dexBuilderDebug/out/com/sumon/bundleapp/installer/utils/PreferencesValues.dex
/sdcard/BAI-Test-1-complete-fixed/build/intermediates/project_dex_archive/debug/dexBuilderDebug/out/com/sumon/bundleapp/installer/utils/RwLock.dex
/sdcard/BAI-Test-1-complete-fixed/build/intermediates/project_dex_archive/debug/dexBuilderDebug/out/com/sumon/bundleapp/installer/utils/saf
/sdcard/BAI-Test-1-complete-fixed/build/intermediates/project_dex_archive/debug/dexBuilderDebug/out/com/sumon/bundleapp/installer/utils/saf/FileUtils.dex
/sdcard/BAI-Test-1-complete-fixed/build/intermediates/project_dex_archive/debug/dexBuilderDebug/out/com/sumon/bundleapp/installer/utils/saf/SafUtils.dex
/sdcard/BAI-Test-1-complete-fixed/build/intermediates/project_dex_archive/debug/dexBuilderDebug/out/com/sumon/bundleapp/installer/utils/SimpleAsyncTask.dex
/sdcard/BAI-Test-1-complete-fixed/build/intermediates/project_dex_archive/debug/dexBuilderDebug/out/com/sumon/bundleapp/installer/utils/Stopwatch.dex
/sdcard/BAI-Test-1-complete-fixed/build/intermediates/project_dex_archive/debug/dexBuilderDebug/out/com/sumon/bundleapp/installer/utils/TextUtils.dex
/sdcard/BAI-Test-1-complete-fixed/build/intermediates/project_dex_archive/debug/dexBuilderDebug/out/com/sumon/bundleapp/installer/utils/Theme$Mode.dex
/sdcard/BAI-Test-1-complete-fixed/build/intermediates/project_dex_archive/debug/dexBuilderDebug/out/com/sumon/bundleapp/installer/utils/Theme$ThemeDescriptor.dex
/sdcard/BAI-Test-1-complete-fixed/build/intermediates/project_dex_archive/debug/dexBuilderDebug/out/com/sumon/bundleapp/installer/utils/Theme.dex
/sdcard/BAI-Test-1-complete-fixed/build/intermediates/project_dex_archive/debug/dexBuilderDebug/out/com/sumon/bundleapp/installer/utils/TriConsumer.dex
/sdcard/BAI-Test-1-complete-fixed/build/intermediates/project_dex_archive/debug/dexBuilderDebug/out/com/sumon/bundleapp/installer/utils/Utils.dex
/sdcard/BAI-Test-1-complete-fixed/build/intermediates/project_dex_archive/debug/dexBuilderDebug/out/com/sumon/bundleapp/installer/view
/sdcard/BAI-Test-1-complete-fixed/build/intermediates/project_dex_archive/debug/dexBuilderDebug/out/com/sumon/bundleapp/installer/view/coolbar
/sdcard/BAI-Test-1-complete-fixed/build/intermediates/project_dex_archive/debug/dexBuilderDebug/out/com/sumon/bundleapp/installer/view/coolbar/Coolbar$CoolbarOutlineProvider.dex
/sdcard/BAI-Test-1-complete-fixed/build/intermediates/project_dex_archive/debug/dexBuilderDebug/out/com/sumon/bundleapp/installer/view/coolbar/Coolbar$LayoutParams.dex
/sdcard/BAI-Test-1-complete-fixed/build/intermediates/project_dex_archive/debug/dexBuilderDebug/out/com/sumon/bundleapp/installer/view/coolbar/Coolbar.dex
/sdcard/BAI-Test-1-complete-fixed/build/intermediates/project_dex_archive/debug/dexBuilderDebug/out/com/sumon/bundleapp/installer/view/NonInteractiveRecyclerView.dex
/sdcard/BAI-Test-1-complete-fixed/build/intermediates/project_dex_archive/debug/dexBuilderDebug/out/com/sumon/bundleapp/installer/view/ThemeView.dex
/sdcard/BAI-Test-1-complete-fixed/build/intermediates/project_dex_archive/debug/dexBuilderDebug/out/com/sumon/bundleapp/installer/view/ViewSwitcherLayout.dex
/sdcard/BAI-Test-1-complete-fixed/build/intermediates/project_dex_archive/debug/dexBuilderDebug/out/com/sumon/bundleapp/installer/viewmodels
/sdcard/BAI-Test-1-complete-fixed/build/intermediates/project_dex_archive/debug/dexBuilderDebug/out/com/sumon/bundleapp/installer/viewmodels/BackupDialogViewModel$LoadingState.dex
/sdcard/BAI-Test-1-complete-fixed/build/intermediates/project_dex_archive/debug/dexBuilderDebug/out/com/sumon/bundleapp/installer/viewmodels/BackupDialogViewModel$LoadPackageTask.dex
/sdcard/BAI-Test-1-complete-fixed/build/intermediates/project_dex_archive/debug/dexBuilderDebug/out/com/sumon/bundleapp/installer/viewmodels/BackupDialogViewModel.dex
/sdcard/BAI-Test-1-complete-fixed/build/intermediates/project_dex_archive/debug/dexBuilderDebug/out/com/sumon/bundleapp/installer/viewmodels/BackupManageAppViewModel.dex
/sdcard/BAI-Test-1-complete-fixed/build/intermediates/project_dex_archive/debug/dexBuilderDebug/out/com/sumon/bundleapp/installer/viewmodels/BackupViewModel$BackupCustomFilterFactory$1.dex
/sdcard/BAI-Test-1-complete-fixed/build/intermediates/project_dex_archive/debug/dexBuilderDebug/out/com/sumon/bundleapp/installer/viewmodels/BackupViewModel$BackupCustomFilterFactory$2.dex
/sdcard/BAI-Test-1-complete-fixed/build/intermediates/project_dex_archive/debug/dexBuilderDebug/out/com/sumon/bundleapp/installer/viewmodels/BackupViewModel$BackupCustomFilterFactory$3.dex
/sdcard/BAI-Test-1-complete-fixed/build/intermediates/project_dex_archive/debug/dexBuilderDebug/out/com/sumon/bundleapp/installer/viewmodels/BackupViewModel$BackupCustomFilterFactory$4.dex
/sdcard/BAI-Test-1-complete-fixed/build/intermediates/project_dex_archive/debug/dexBuilderDebug/out/com/sumon/bundleapp/installer/viewmodels/BackupViewModel$BackupCustomFilterFactory.dex
/sdcard/BAI-Test-1-complete-fixed/build/intermediates/project_dex_archive/debug/dexBuilderDebug/out/com/sumon/bundleapp/installer/viewmodels/BackupViewModel$SearchFilter.dex
/sdcard/BAI-Test-1-complete-fixed/build/intermediates/project_dex_archive/debug/dexBuilderDebug/out/com/sumon/bundleapp/installer/viewmodels/BackupViewModel.dex
/sdcard/BAI-Test-1-complete-fixed/build/intermediates/project_dex_archive/debug/dexBuilderDebug/out/com/sumon/bundleapp/installer/viewmodels/BatchBackupDialogViewModel.dex
/sdcard/BAI-Test-1-complete-fixed/build/intermediates/project_dex_archive/debug/dexBuilderDebug/out/com/sumon/bundleapp/installer/viewmodels/DarkLightThemeSelectionViewModel.dex
/sdcard/BAI-Test-1-complete-fixed/build/intermediates/project_dex_archive/debug/dexBuilderDebug/out/com/sumon/bundleapp/installer/viewmodels/factory
/sdcard/BAI-Test-1-complete-fixed/build/intermediates/project_dex_archive/debug/dexBuilderDebug/out/com/sumon/bundleapp/installer/viewmodels/factory/BackupManageAppViewModelFactory.dex
/sdcard/BAI-Test-1-complete-fixed/build/intermediates/project_dex_archive/debug/dexBuilderDebug/out/com/sumon/bundleapp/installer/viewmodels/factory/BatchBackupDialogViewModelFactory.dex
/sdcard/BAI-Test-1-complete-fixed/build/intermediates/project_dex_archive/debug/dexBuilderDebug/out/com/sumon/bundleapp/installer/viewmodels/factory/InstallerXDialogViewModelFactory.dex
/sdcard/BAI-Test-1-complete-fixed/build/intermediates/project_dex_archive/debug/dexBuilderDebug/out/com/sumon/bundleapp/installer/viewmodels/InstallerViewModel$1.dex
/sdcard/BAI-Test-1-complete-fixed/build/intermediates/project_dex_archive/debug/dexBuilderDebug/out/com/sumon/bundleapp/installer/viewmodels/InstallerViewModel.dex
/sdcard/BAI-Test-1-complete-fixed/build/intermediates/project_dex_archive/debug/dexBuilderDebug/out/com/sumon/bundleapp/installer/viewmodels/InstallerXDialogViewModel$LoadMetaTask.dex
/sdcard/BAI-Test-1-complete-fixed/build/intermediates/project_dex_archive/debug/dexBuilderDebug/out/com/sumon/bundleapp/installer/viewmodels/InstallerXDialogViewModel$LoadMetaTaskInput.dex
/sdcard/BAI-Test-1-complete-fixed/build/intermediates/project_dex_archive/debug/dexBuilderDebug/out/com/sumon/bundleapp/installer/viewmodels/InstallerXDialogViewModel$LoadMetaTaskResult.dex
/sdcard/BAI-Test-1-complete-fixed/build/intermediates/project_dex_archive/debug/dexBuilderDebug/out/com/sumon/bundleapp/installer/viewmodels/InstallerXDialogViewModel$State.dex
/sdcard/BAI-Test-1-complete-fixed/build/intermediates/project_dex_archive/debug/dexBuilderDebug/out/com/sumon/bundleapp/installer/viewmodels/InstallerXDialogViewModel$Warning.dex
/sdcard/BAI-Test-1-complete-fixed/build/intermediates/project_dex_archive/debug/dexBuilderDebug/out/com/sumon/bundleapp/installer/viewmodels/InstallerXDialogViewModel.dex
/sdcard/BAI-Test-1-complete-fixed/build/intermediates/project_dex_archive/debug/dexBuilderDebug/out/com/sumon/bundleapp/installer/viewmodels/LegacyInstallerViewModel$1.dex
/sdcard/BAI-Test-1-complete-fixed/build/intermediates/project_dex_archive/debug/dexBuilderDebug/out/com/sumon/bundleapp/installer/viewmodels/LegacyInstallerViewModel$InstallerState.dex
/sdcard/BAI-Test-1-complete-fixed/build/intermediates/project_dex_archive/debug/dexBuilderDebug/out/com/sumon/bundleapp/installer/viewmodels/LegacyInstallerViewModel.dex
/sdcard/BAI-Test-1-complete-fixed/build/intermediates/project_dex_archive/debug/dexBuilderDebug/out/com/sumon/bundleapp/installer/viewmodels/LicensesViewModel.dex
/sdcard/BAI-Test-1-complete-fixed/build/intermediates/project_dex_archive/debug/dexBuilderDebug/out/com/sumon/bundleapp/installer/viewmodels/MiEntryViewModel.dex
/sdcard/BAI-Test-1-complete-fixed/build/intermediates/project_dex_archive/debug/dexBuilderDebug/out/com/sumon/bundleapp/installer/viewmodels/NameFormatBuilderViewModel$Factory.dex
/sdcard/BAI-Test-1-complete-fixed/build/intermediates/project_dex_archive/debug/dexBuilderDebug/out/com/sumon/bundleapp/installer/viewmodels/NameFormatBuilderViewModel.dex
/sdcard/BAI-Test-1-complete-fixed/build/intermediates/project_dex_archive/debugAndroidTest
/sdcard/BAI-Test-1-complete-fixed/build/intermediates/project_dex_archive/debugAndroidTest/dexBuilderDebugAndroidTest
/sdcard/BAI-Test-1-complete-fixed/build/intermediates/project_dex_archive/debugAndroidTest/dexBuilderDebugAndroidTest/out
/sdcard/BAI-Test-1-complete-fixed/build/intermediates/project_dex_archive/debugAndroidTest/dexBuilderDebugAndroidTest/out/c85fc906ba3bd9952dfaa5f7014f52731df3af26e372b9739c68d9f8d770e9c4_0.jar
/sdcard/BAI-Test-1-complete-fixed/build/intermediates/project_dex_archive/debugAndroidTest/dexBuilderDebugAndroidTest/out/com
/sdcard/BAI-Test-1-complete-fixed/build/intermediates/project_dex_archive/debugAndroidTest/dexBuilderDebugAndroidTest/out/com/sumon
/sdcard/BAI-Test-1-complete-fixed/build/intermediates/project_dex_archive/debugAndroidTest/dexBuilderDebugAndroidTest/out/com/sumon/bundleapp
/sdcard/BAI-Test-1-complete-fixed/build/intermediates/project_dex_archive/debugAndroidTest/dexBuilderDebugAndroidTest/out/com/sumon/bundleapp/installer
/sdcard/BAI-Test-1-complete-fixed/build/intermediates/project_dex_archive/debugAndroidTest/dexBuilderDebugAndroidTest/out/com/sumon/bundleapp/installer/test
/sdcard/BAI-Test-1-complete-fixed/build/intermediates/project_dex_archive/debugAndroidTest/dexBuilderDebugAndroidTest/out/com/sumon/bundleapp/installer/test/BuildConfig.dex
/sdcard/BAI-Test-1-complete-fixed/build/intermediates/project_dex_archive/release
/sdcard/BAI-Test-1-complete-fixed/build/intermediates/project_dex_archive/release/dexBuilderRelease
/sdcard/BAI-Test-1-complete-fixed/build/intermediates/project_dex_archive/release/dexBuilderRelease/out
/sdcard/BAI-Test-1-complete-fixed/build/intermediates/project_dex_archive/release/dexBuilderRelease/out/839c13d1058a1ebef3289b2dff6b40805d7da3663a4cf3d80a88be5556596dbc_0.jar
/sdcard/BAI-Test-1-complete-fixed/build/intermediates/project_dex_archive/release/dexBuilderRelease/out/839c13d1058a1ebef3289b2dff6b40805d7da3663a4cf3d80a88be5556596dbc_1.jar
/sdcard/BAI-Test-1-complete-fixed/build/intermediates/project_dex_archive/release/dexBuilderRelease/out/com
/sdcard/BAI-Test-1-complete-fixed/build/intermediates/project_dex_archive/release/dexBuilderRelease/out/com/aefyr
/sdcard/BAI-Test-1-complete-fixed/build/intermediates/project_dex_archive/release/dexBuilderRelease/out/com/aefyr/flexfilter
/sdcard/BAI-Test-1-complete-fixed/build/intermediates/project_dex_archive/release/dexBuilderRelease/out/com/aefyr/flexfilter/applier
/sdcard/BAI-Test-1-complete-fixed/build/intermediates/project_dex_archive/release/dexBuilderRelease/out/com/aefyr/flexfilter/applier/ComplexCustomFilter$Builder.dex
/sdcard/BAI-Test-1-complete-fixed/build/intermediates/project_dex_archive/release/dexBuilderRelease/out/com/aefyr/flexfilter/applier/ComplexCustomFilter.dex
/sdcard/BAI-Test-1-complete-fixed/build/intermediates/project_dex_archive/release/dexBuilderRelease/out/com/aefyr/flexfilter/applier/CustomFilter.dex
/sdcard/BAI-Test-1-complete-fixed/build/intermediates/project_dex_archive/release/dexBuilderRelease/out/com/aefyr/flexfilter/applier/LiveFilterApplier.dex
/sdcard/BAI-Test-1-complete-fixed/build/intermediates/project_dex_archive/release/dexBuilderRelease/out/com/aefyr/flexfilter/builtin
/sdcard/BAI-Test-1-complete-fixed/build/intermediates/project_dex_archive/release/dexBuilderRelease/out/com/aefyr/flexfilter/builtin/DefaultCustomFilterFactory.dex
/sdcard/BAI-Test-1-complete-fixed/build/intermediates/project_dex_archive/release/dexBuilderRelease/out/com/aefyr/flexfilter/builtin/DefaultFilterConfigViewHolderFactory.dex
/sdcard/BAI-Test-1-complete-fixed/build/intermediates/project_dex_archive/release/dexBuilderRelease/out/com/aefyr/flexfilter/builtin/filter
/sdcard/BAI-Test-1-complete-fixed/build/intermediates/project_dex_archive/release/dexBuilderRelease/out/com/aefyr/flexfilter/builtin/filter/singlechoice
/sdcard/BAI-Test-1-complete-fixed/build/intermediates/project_dex_archive/release/dexBuilderRelease/out/com/aefyr/flexfilter/builtin/filter/singlechoice/SingleChoiceFilterConfig.dex
/sdcard/BAI-Test-1-complete-fixed/build/intermediates/project_dex_archive/release/dexBuilderRelease/out/com/aefyr/flexfilter/builtin/filter/singlechoice/SingleChoiceFilterConfigOption.dex
/sdcard/BAI-Test-1-complete-fixed/build/intermediates/project_dex_archive/release/dexBuilderRelease/out/com/aefyr/flexfilter/builtin/filter/sort
/sdcard/BAI-Test-1-complete-fixed/build/intermediates/project_dex_archive/release/dexBuilderRelease/out/com/aefyr/flexfilter/builtin/filter/sort/SortFilterConfig.dex
/sdcard/BAI-Test-1-complete-fixed/build/intermediates/project_dex_archive/release/dexBuilderRelease/out/com/aefyr/flexfilter/builtin/filter/sort/SortFilterConfigOption.dex
/sdcard/BAI-Test-1-complete-fixed/build/intermediates/project_dex_archive/release/dexBuilderRelease/out/com/aefyr/flexfilter/config
/sdcard/BAI-Test-1-complete-fixed/build/intermediates/project_dex_archive/release/dexBuilderRelease/out/com/aefyr/flexfilter/config/core
/sdcard/BAI-Test-1-complete-fixed/build/intermediates/project_dex_archive/release/dexBuilderRelease/out/com/aefyr/flexfilter/config/core/ComplexFilterConfig.dex
/sdcard/BAI-Test-1-complete-fixed/build/intermediates/project_dex_archive/release/dexBuilderRelease/out/com/aefyr/flexfilter/config/core/FilterConfig.dex
/sdcard/BAI-Test-1-complete-fixed/build/intermediates/project_dex_archive/release/dexBuilderRelease/out/com/aefyr/flexfilter/ui
/sdcard/BAI-Test-1-complete-fixed/build/intermediates/project_dex_archive/release/dexBuilderRelease/out/com/aefyr/flexfilter/ui/FilterDialog$OnApplyConfigListener.dex
/sdcard/BAI-Test-1-complete-fixed/build/intermediates/project_dex_archive/release/dexBuilderRelease/out/com/aefyr/flexfilter/ui/FilterDialog.dex
/sdcard/BAI-Test-1-complete-fixed/build/intermediates/project_dex_archive/release/dexBuilderRelease/out/com/aefyr/pseudoapksigner
/sdcard/BAI-Test-1-complete-fixed/build/intermediates/project_dex_archive/release/dexBuilderRelease/out/com/aefyr/pseudoapksigner/PseudoApkSigner.dex
/sdcard/BAI-Test-1-complete-fixed/build/intermediates/project_dex_archive/release/dexBuilderRelease/out/com/sumon
/sdcard/BAI-Test-1-complete-fixed/build/intermediates/project_dex_archive/release/dexBuilderRelease/out/com/sumon/bundleapp
/sdcard/BAI-Test-1-complete-fixed/build/intermediates/project_dex_archive/release/dexBuilderRelease/out/com/sumon/bundleapp/installer
/sdcard/BAI-Test-1-complete-fixed/build/intermediates/project_dex_archive/release/dexBuilderRelease/out/com/sumon/bundleapp/installer/adapters
/sdcard/BAI-Test-1-complete-fixed/build/intermediates/project_dex_archive/release/dexBuilderRelease/out/com/sumon/bundleapp/installer/adapters/BackupAppDetailsAdapter$ActionDelegate.dex
/sdcard/BAI-Test-1-complete-fixed/build/intermediates/project_dex_archive/release/dexBuilderRelease/out/com/sumon/bundleapp/installer/adapters/BackupAppDetailsAdapter$BackupViewHolder.dex
/sdcard/BAI-Test-1-complete-fixed/build/intermediates/project_dex_archive/release/dexBuilderRelease/out/com/sumon/bundleapp/installer/adapters/BackupAppDetailsAdapter$BaseViewHolder.dex
/sdcard/BAI-Test-1-complete-fixed/build/intermediates/project_dex_archive/release/dexBuilderRelease/out/com/sumon/bundleapp/installer/adapters/BackupAppDetailsAdapter$HeaderViewHolder.dex
/sdcard/BAI-Test-1-complete-fixed/build/intermediates/project_dex_archive/release/dexBuilderRelease/out/com/sumon/bundleapp/installer/adapters/BackupAppDetailsAdapter.dex
/sdcard/BAI-Test-1-complete-fixed/build/intermediates/project_dex_archive/release/dexBuilderRelease/out/com/sumon/bundleapp/installer/adapters/BackupAppFeatureAdapter$ViewHolder.dex
/sdcard/BAI-Test-1-complete-fixed/build/intermediates/project_dex_archive/release/dexBuilderRelease/out/com/sumon/bundleapp/installer/adapters/BackupAppFeatureAdapter.dex
/sdcard/BAI-Test-1-complete-fixed/build/intermediates/project_dex_archive/release/dexBuilderRelease/out/com/sumon/bundleapp/installer/adapters/BackupComponentsAdapter$ComponentRenderer.dex
/sdcard/BAI-Test-1-complete-fixed/build/intermediates/project_dex_archive/release/dexBuilderRelease/out/com/sumon/bundleapp/installer/adapters/BackupComponentsAdapter$DefaultComponentRenderer.dex
/sdcard/BAI-Test-1-complete-fixed/build/intermediates/project_dex_archive/release/dexBuilderRelease/out/com/sumon/bundleapp/installer/adapters/BackupComponentsAdapter$ViewHolder.dex
/sdcard/BAI-Test-1-complete-fixed/build/intermediates/project_dex_archive/release/dexBuilderRelease/out/com/sumon/bundleapp/installer/adapters/BackupComponentsAdapter.dex
/sdcard/BAI-Test-1-complete-fixed/build/intermediates/project_dex_archive/release/dexBuilderRelease/out/com/sumon/bundleapp/installer/adapters/BackupNameFormatBuilderPartsAdapter$ViewHolder.dex
/sdcard/BAI-Test-1-complete-fixed/build/intermediates/project_dex_archive/release/dexBuilderRelease/out/com/sumon/bundleapp/installer/adapters/BackupNameFormatBuilderPartsAdapter.dex
/sdcard/BAI-Test-1-complete-fixed/build/intermediates/project_dex_archive/release/dexBuilderRelease/out/com/sumon/bundleapp/installer/adapters/BackupPackagesAdapter$1.dex
/sdcard/BAI-Test-1-complete-fixed/build/intermediates/project_dex_archive/release/dexBuilderRelease/out/com/sumon/bundleapp/installer/adapters/BackupPackagesAdapter$OnItemInteractionListener.dex
/sdcard/BAI-Test-1-complete-fixed/build/intermediates/project_dex_archive/release/dexBuilderRelease/out/com/sumon/bundleapp/installer/adapters/BackupPackagesAdapter$ViewHolder.dex
/sdcard/BAI-Test-1-complete-fixed/build/intermediates/project_dex_archive/release/dexBuilderRelease/out/com/sumon/bundleapp/installer/adapters/BackupPackagesAdapter.dex
/sdcard/BAI-Test-1-complete-fixed/build/intermediates/project_dex_archive/release/dexBuilderRelease/out/com/sumon/bundleapp/installer/adapters/BackupSplitPartsAdapter$ViewHolder.dex
/sdcard/BAI-Test-1-complete-fixed/build/intermediates/project_dex_archive/release/dexBuilderRelease/out/com/sumon/bundleapp/installer/adapters/BackupSplitPartsAdapter.dex
/sdcard/BAI-Test-1-complete-fixed/build/intermediates/project_dex_archive/release/dexBuilderRelease/out/com/sumon/bundleapp/installer/adapters/LicensesAdapter$ViewHolder.dex
/sdcard/BAI-Test-1-complete-fixed/build/intermediates/project_dex_archive/release/dexBuilderRelease/out/com/sumon/bundleapp/installer/adapters/LicensesAdapter.dex
/sdcard/BAI-Test-1-complete-fixed/build/intermediates/project_dex_archive/release/dexBuilderRelease/out/com/sumon/bundleapp/installer/adapters/SaiPiSessionsAdapter$1.dex
/sdcard/BAI-Test-1-complete-fixed/build/intermediates/project_dex_archive/release/dexBuilderRelease/out/com/sumon/bundleapp/installer/adapters/SaiPiSessionsAdapter$ActionDelegate.dex
/sdcard/BAI-Test-1-complete-fixed/build/intermediates/project_dex_archive/release/dexBuilderRelease/out/com/sumon/bundleapp/installer/adapters/SaiPiSessionsAdapter$ViewHolder.dex
/sdcard/BAI-Test-1-complete-fixed/build/intermediates/project_dex_archive/release/dexBuilderRelease/out/com/sumon/bundleapp/installer/adapters/SaiPiSessionsAdapter.dex
/sdcard/BAI-Test-1-complete-fixed/build/intermediates/project_dex_archive/release/dexBuilderRelease/out/com/sumon/bundleapp/installer/adapters/selection
/sdcard/BAI-Test-1-complete-fixed/build/intermediates/project_dex_archive/release/dexBuilderRelease/out/com/sumon/bundleapp/installer/adapters/selection/SelectableAdapter$1.dex
/sdcard/BAI-Test-1-complete-fixed/build/intermediates/project_dex_archive/release/dexBuilderRelease/out/com/sumon/bundleapp/installer/adapters/selection/SelectableAdapter$2.dex
/sdcard/BAI-Test-1-complete-fixed/build/intermediates/project_dex_archive/release/dexBuilderRelease/out/com/sumon/bundleapp/installer/adapters/selection/SelectableAdapter$3.dex
/sdcard/BAI-Test-1-complete-fixed/build/intermediates/project_dex_archive/release/dexBuilderRelease/out/com/sumon/bundleapp/installer/adapters/selection/SelectableAdapter.dex
/sdcard/BAI-Test-1-complete-fixed/build/intermediates/project_dex_archive/release/dexBuilderRelease/out/com/sumon/bundleapp/installer/adapters/selection/Selection$1.dex
/sdcard/BAI-Test-1-complete-fixed/build/intermediates/project_dex_archive/release/dexBuilderRelease/out/com/sumon/bundleapp/installer/adapters/selection/Selection$KeyStorage.dex
/sdcard/BAI-Test-1-complete-fixed/build/intermediates/project_dex_archive/release/dexBuilderRelease/out/com/sumon/bundleapp/installer/adapters/selection/Selection$Observer.dex
/sdcard/BAI-Test-1-complete-fixed/build/intermediates/project_dex_archive/release/dexBuilderRelease/out/com/sumon/bundleapp/installer/adapters/selection/Selection.dex
/sdcard/BAI-Test-1-complete-fixed/build/intermediates/project_dex_archive/release/dexBuilderRelease/out/com/sumon/bundleapp/installer/adapters/selection/SimpleKeyStorage.dex
/sdcard/BAI-Test-1-complete-fixed/build/intermediates/project_dex_archive/release/dexBuilderRelease/out/com/sumon/bundleapp/installer/adapters/SplitApkSourceMetaAdapter$BaseViewHolder.dex
/sdcard/BAI-Test-1-complete-fixed/build/intermediates/project_dex_archive/release/dexBuilderRelease/out/com/sumon/bundleapp/installer/adapters/SplitApkSourceMetaAdapter$HeaderViewHolder.dex
/sdcard/BAI-Test-1-complete-fixed/build/intermediates/project_dex_archive/release/dexBuilderRelease/out/com/sumon/bundleapp/installer/adapters/SplitApkSourceMetaAdapter$NoticeViewHolder.dex
/sdcard/BAI-Test-1-complete-fixed/build/intermediates/project_dex_archive/release/dexBuilderRelease/out/com/sumon/bundleapp/installer/adapters/SplitApkSourceMetaAdapter$SplitCategoryViewHolder.dex
/sdcard/BAI-Test-1-complete-fixed/build/intermediates/project_dex_archive/release/dexBuilderRelease/out/com/sumon/bundleapp/installer/adapters/SplitApkSourceMetaAdapter$SplitPartViewHolder.dex
/sdcard/BAI-Test-1-complete-fixed/build/intermediates/project_dex_archive/release/dexBuilderRelease/out/com/sumon/bundleapp/installer/adapters/SplitApkSourceMetaAdapter.dex
/sdcard/BAI-Test-1-complete-fixed/build/intermediates/project_dex_archive/release/dexBuilderRelease/out/com/sumon/bundleapp/installer/adapters/ThemeAdapter$OnThemeInteractionListener.dex
/sdcard/BAI-Test-1-complete-fixed/build/intermediates/project_dex_archive/release/dexBuilderRelease/out/com/sumon/bundleapp/installer/adapters/ThemeAdapter$ViewHolder.dex
/sdcard/BAI-Test-1-complete-fixed/build/intermediates/project_dex_archive/release/dexBuilderRelease/out/com/sumon/bundleapp/installer/adapters/ThemeAdapter.dex
/sdcard/BAI-Test-1-complete-fixed/build/intermediates/project_dex_archive/release/dexBuilderRelease/out/com/sumon/bundleapp/installer/analytics
/sdcard/BAI-Test-1-complete-fixed/build/intermediates/project_dex_archive/release/dexBuilderRelease/out/com/sumon/bundleapp/installer/analytics/AnalyticsProvider.dex
/sdcard/BAI-Test-1-complete-fixed/build/intermediates/project_dex_archive/release/dexBuilderRelease/out/com/sumon/bundleapp/installer/analytics/DefaultAnalyticsProvider.dex
/sdcard/BAI-Test-1-complete-fixed/build/intermediates/project_dex_archive/release/dexBuilderRelease/out/com/sumon/bundleapp/installer/backup2
/sdcard/BAI-Test-1-complete-fixed/build/intermediates/project_dex_archive/release/dexBuilderRelease/out/com/sumon/bundleapp/installer/backup2/Backup.dex
/sdcard/BAI-Test-1-complete-fixed/build/intermediates/project_dex_archive/release/dexBuilderRelease/out/com/sumon/bundleapp/installer/backup2/BackupApp.dex
/sdcard/BAI-Test-1-complete-fixed/build/intermediates/project_dex_archive/release/dexBuilderRelease/out/com/sumon/bundleapp/installer/backup2/BackupAppDetails$State.dex
/sdcard/BAI-Test-1-complete-fixed/build/intermediates/project_dex_archive/release/dexBuilderRelease/out/com/sumon/bundleapp/installer/backup2/BackupAppDetails.dex
/sdcard/BAI-Test-1-complete-fixed/build/intermediates/project_dex_archive/release/dexBuilderRelease/out/com/sumon/bundleapp/installer/backup2/BackupComponent.dex
/sdcard/BAI-Test-1-complete-fixed/build/intermediates/project_dex_archive/release/dexBuilderRelease/out/com/sumon/bundleapp/installer/backup2/BackupIndex$BackupIconProvider.dex
/sdcard/BAI-Test-1-complete-fixed/build/intermediates/project_dex_archive/release/dexBuilderRelease/out/com/sumon/bundleapp/installer/backup2/BackupIndex.dex
/sdcard/BAI-Test-1-complete-fixed/build/intermediates/project_dex_archive/release/dexBuilderRelease/out/com/sumon/bundleapp/installer/backup2/BackupManager$BackupDeletionCallback.dex
/sdcard/BAI-Test-1-complete-fixed/build/intermediates/project_dex_archive/release/dexBuilderRelease/out/com/sumon/bundleapp/installer/backup2/BackupManager$IndexingStatus.dex
/sdcard/BAI-Test-1-complete-fixed/build/intermediates/project_dex_archive/release/dexBuilderRelease/out/com/sumon/bundleapp/installer/backup2/BackupManager.dex
/sdcard/BAI-Test-1-complete-fixed/build/intermediates/project_dex_archive/release/dexBuilderRelease/out/com/sumon/bundleapp/installer/backup2/BackupStatus.dex
/sdcard/BAI-Test-1-complete-fixed/build/intermediates/project_dex_archive/release/dexBuilderRelease/out/com/sumon/bundleapp/installer/backup2/BackupStorage$BackupProgressListener.dex
/sdcard/BAI-Test-1-complete-fixed/build/intermediates/project_dex_archive/release/dexBuilderRelease/out/com/sumon/bundleapp/installer/backup2/BackupStorage$BackupTaskState.dex
/sdcard/BAI-Test-1-complete-fixed/build/intermediates/project_dex_archive/release/dexBuilderRelease/out/com/sumon/bundleapp/installer/backup2/BackupStorage$BackupTaskStatus.dex
/sdcard/BAI-Test-1-complete-fixed/build/intermediates/project_dex_archive/release/dexBuilderRelease/out/com/sumon/bundleapp/installer/backup2/BackupStorage$BatchBackupTaskStatus.dex
/sdcard/BAI-Test-1-complete-fixed/build/intermediates/project_dex_archive/release/dexBuilderRelease/out/com/sumon/bundleapp/installer/backup2/BackupStorage$Observer.dex
/sdcard/BAI-Test-1-complete-fixed/build/intermediates/project_dex_archive/release/dexBuilderRelease/out/com/sumon/bundleapp/installer/backup2/BackupStorage.dex
/sdcard/BAI-Test-1-complete-fixed/build/intermediates/project_dex_archive/release/dexBuilderRelease/out/com/sumon/bundleapp/installer/backup2/BackupStorageProvider.dex
/sdcard/BAI-Test-1-complete-fixed/build/intermediates/project_dex_archive/release/dexBuilderRelease/out/com/sumon/bundleapp/installer/backup2/backuptask
/sdcard/BAI-Test-1-complete-fixed/build/intermediates/project_dex_archive/release/dexBuilderRelease/out/com/sumon/bundleapp/installer/backup2/backuptask/config
/sdcard/BAI-Test-1-complete-fixed/build/intermediates/project_dex_archive/release/dexBuilderRelease/out/com/sumon/bundleapp/installer/backup2/backuptask/config/BackupTaskConfig.dex
/sdcard/BAI-Test-1-complete-fixed/build/intermediates/project_dex_archive/release/dexBuilderRelease/out/com/sumon/bundleapp/installer/backup2/backuptask/config/BatchBackupTaskConfig.dex
/sdcard/BAI-Test-1-complete-fixed/build/intermediates/project_dex_archive/release/dexBuilderRelease/out/com/sumon/bundleapp/installer/backup2/backuptask/config/SingleBackupTaskConfig$1.dex
/sdcard/BAI-Test-1-complete-fixed/build/intermediates/project_dex_archive/release/dexBuilderRelease/out/com/sumon/bundleapp/installer/backup2/backuptask/config/SingleBackupTaskConfig$Builder.dex
/sdcard/BAI-Test-1-complete-fixed/build/intermediates/project_dex_archive/release/dexBuilderRelease/out/com/sumon/bundleapp/installer/backup2/backuptask/config/SingleBackupTaskConfig.dex
/sdcard/BAI-Test-1-complete-fixed/build/intermediates/project_dex_archive/release/dexBuilderRelease/out/com/sumon/bundleapp/installer/backup2/backuptask/executor
/sdcard/BAI-Test-1-complete-fixed/build/intermediates/project_dex_archive/release/dexBuilderRelease/out/com/sumon/bundleapp/installer/backup2/backuptask/executor/BatchBackupTaskExecutor$1.dex
/sdcard/BAI-Test-1-complete-fixed/build/intermediates/project_dex_archive/release/dexBuilderRelease/out/com/sumon/bundleapp/installer/backup2/backuptask/executor/BatchBackupTaskExecutor$Listener.dex
/sdcard/BAI-Test-1-complete-fixed/build/intermediates/project_dex_archive/release/dexBuilderRelease/out/com/sumon/bundleapp/installer/backup2/backuptask/executor/BatchBackupTaskExecutor$SingleBackupTaskExecutorFactory.dex
/sdcard/BAI-Test-1-complete-fixed/build/intermediates/project_dex_archive/release/dexBuilderRelease/out/com/sumon/bundleapp/installer/backup2/backuptask/executor/BatchBackupTaskExecutor.dex
/sdcard/BAI-Test-1-complete-fixed/build/intermediates/project_dex_archive/release/dexBuilderRelease/out/com/sumon/bundleapp/installer/backup2/backuptask/executor/CancellableBackupTaskExecutor.dex
/sdcard/BAI-Test-1-complete-fixed/build/intermediates/project_dex_archive/release/dexBuilderRelease/out/com/sumon/bundleapp/installer/backup2/backuptask/executor/SingleBackupTaskExecutor$DelegatedFile.dex
/sdcard/BAI-Test-1-complete-fixed/build/intermediates/project_dex_archive/release/dexBuilderRelease/out/com/sumon/bundleapp/installer/backup2/backuptask/executor/SingleBackupTaskExecutor$Listener.dex
/sdcard/BAI-Test-1-complete-fixed/build/intermediates/project_dex_archive/release/dexBuilderRelease/out/com/sumon/bundleapp/installer/backup2/backuptask/executor/SingleBackupTaskExecutor$TaskCancelledException.dex
/sdcard/BAI-Test-1-complete-fixed/build/intermediates/project_dex_archive/release/dexBuilderRelease/out/com/sumon/bundleapp/installer/backup2/backuptask/executor/SingleBackupTaskExecutor.dex
/sdcard/BAI-Test-1-complete-fixed/build/intermediates/project_dex_archive/release/dexBuilderRelease/out/com/sumon/bundleapp/installer/backup2/impl
/sdcard/BAI-Test-1-complete-fixed/build/intermediates/project_dex_archive/release/dexBuilderRelease/out/com/sumon/bundleapp/installer/backup2/impl/BackupService2$1.dex
/sdcard/BAI-Test-1-complete-fixed/build/intermediates/project_dex_archive/release/dexBuilderRelease/out/com/sumon/bundleapp/installer/backup2/impl/BackupService2$BackupTaskInfo.dex
/sdcard/BAI-Test-1-complete-fixed/build/intermediates/project_dex_archive/release/dexBuilderRelease/out/com/sumon/bundleapp/installer/backup2/impl/BackupService2$BatchBackupTaskInfo.dex
/sdcard/BAI-Test-1-complete-fixed/build/intermediates/project_dex_archive/release/dexBuilderRelease/out/com/sumon/bundleapp/installer/backup2/impl/BackupService2.dex
/sdcard/BAI-Test-1-complete-fixed/build/intermediates/project_dex_archive/release/dexBuilderRelease/out/com/sumon/bundleapp/installer/backup2/impl/components
/sdcard/BAI-Test-1-complete-fixed/build/intermediates/project_dex_archive/release/dexBuilderRelease/out/com/sumon/bundleapp/installer/backup2/impl/components/SimpleBackupComponent.dex
/sdcard/BAI-Test-1-complete-fixed/build/intermediates/project_dex_archive/release/dexBuilderRelease/out/com/sumon/bundleapp/installer/backup2/impl/components/StandardComponentTypes.dex
/sdcard/BAI-Test-1-complete-fixed/build/intermediates/project_dex_archive/release/dexBuilderRelease/out/com/sumon/bundleapp/installer/backup2/impl/db
/sdcard/BAI-Test-1-complete-fixed/build/intermediates/project_dex_archive/release/dexBuilderRelease/out/com/sumon/bundleapp/installer/backup2/impl/db/BackupComponentEntity.dex
/sdcard/BAI-Test-1-complete-fixed/build/intermediates/project_dex_archive/release/dexBuilderRelease/out/com/sumon/bundleapp/installer/backup2/impl/db/BackupDao.dex
/sdcard/BAI-Test-1-complete-fixed/build/intermediates/project_dex_archive/release/dexBuilderRelease/out/com/sumon/bundleapp/installer/backup2/impl/db/BackupDao_Impl$1.dex
/sdcard/BAI-Test-1-complete-fixed/build/intermediates/project_dex_archive/release/dexBuilderRelease/out/com/sumon/bundleapp/installer/backup2/impl/db/BackupDao_Impl$2.dex
/sdcard/BAI-Test-1-complete-fixed/build/intermediates/project_dex_archive/release/dexBuilderRelease/out/com/sumon/bundleapp/installer/backup2/impl/db/BackupDao_Impl.dex
/sdcard/BAI-Test-1-complete-fixed/build/intermediates/project_dex_archive/release/dexBuilderRelease/out/com/sumon/bundleapp/installer/backup2/impl/db/BackupEntity.dex
/sdcard/BAI-Test-1-complete-fixed/build/intermediates/project_dex_archive/release/dexBuilderRelease/out/com/sumon/bundleapp/installer/backup2/impl/db/BackupWithComponents.dex
/sdcard/BAI-Test-1-complete-fixed/build/intermediates/project_dex_archive/release/dexBuilderRelease/out/com/sumon/bundleapp/installer/backup2/impl/db/DaoBackedBackupIndex.dex
/sdcard/BAI-Test-1-complete-fixed/build/intermediates/project_dex_archive/release/dexBuilderRelease/out/com/sumon/bundleapp/installer/backup2/impl/DefaultBackupManager$1.dex
/sdcard/BAI-Test-1-complete-fixed/build/intermediates/project_dex_archive/release/dexBuilderRelease/out/com/sumon/bundleapp/installer/backup2/impl/DefaultBackupManager$AppsObserver.dex
/sdcard/BAI-Test-1-complete-fixed/build/intermediates/project_dex_archive/release/dexBuilderRelease/out/com/sumon/bundleapp/installer/backup2/impl/DefaultBackupManager$BackupAppDetailsImpl.dex
/sdcard/BAI-Test-1-complete-fixed/build/intermediates/project_dex_archive/release/dexBuilderRelease/out/com/sumon/bundleapp/installer/backup2/impl/DefaultBackupManager$BackupAppImpl.dex
/sdcard/BAI-Test-1-complete-fixed/build/intermediates/project_dex_archive/release/dexBuilderRelease/out/com/sumon/bundleapp/installer/backup2/impl/DefaultBackupManager$LiveAppDetails.dex
/sdcard/BAI-Test-1-complete-fixed/build/intermediates/project_dex_archive/release/dexBuilderRelease/out/com/sumon/bundleapp/installer/backup2/impl/DefaultBackupManager.dex
/sdcard/BAI-Test-1-complete-fixed/build/intermediates/project_dex_archive/release/dexBuilderRelease/out/com/sumon/bundleapp/installer/backup2/impl/local
/sdcard/BAI-Test-1-complete-fixed/build/intermediates/project_dex_archive/release/dexBuilderRelease/out/com/sumon/bundleapp/installer/backup2/impl/local/LocalBackupStorage.dex
/sdcard/BAI-Test-1-complete-fixed/build/intermediates/project_dex_archive/release/dexBuilderRelease/out/com/sumon/bundleapp/installer/backup2/impl/local/LocalBackupStorageProvider$OnConfigChangeListener.dex
/sdcard/BAI-Test-1-complete-fixed/build/intermediates/project_dex_archive/release/dexBuilderRelease/out/com/sumon/bundleapp/installer/backup2/impl/local/LocalBackupStorageProvider$OnConfigChangeListenerHandlerWrapper.dex
/sdcard/BAI-Test-1-complete-fixed/build/intermediates/project_dex_archive/release/dexBuilderRelease/out/com/sumon/bundleapp/installer/backup2/impl/local/LocalBackupStorageProvider.dex
/sdcard/BAI-Test-1-complete-fixed/build/intermediates/project_dex_archive/release/dexBuilderRelease/out/com/sumon/bundleapp/installer/backup2/impl/local/LocalBackupUtils.dex
/sdcard/BAI-Test-1-complete-fixed/build/intermediates/project_dex_archive/release/dexBuilderRelease/out/com/sumon/bundleapp/installer/backup2/impl/local/prefs
/sdcard/BAI-Test-1-complete-fixed/build/intermediates/project_dex_archive/release/dexBuilderRelease/out/com/sumon/bundleapp/installer/backup2/impl/local/prefs/LocalBackupStoragePrefConstants.dex
/sdcard/BAI-Test-1-complete-fixed/build/intermediates/project_dex_archive/release/dexBuilderRelease/out/com/sumon/bundleapp/installer/backup2/impl/local/ui
/sdcard/BAI-Test-1-complete-fixed/build/intermediates/project_dex_archive/release/dexBuilderRelease/out/com/sumon/bundleapp/installer/backup2/impl/local/ui/fragments
/sdcard/BAI-Test-1-complete-fixed/build/intermediates/project_dex_archive/release/dexBuilderRelease/out/com/sumon/bundleapp/installer/backup2/impl/local/ui/fragments/LocalBackupStorageSettingsFragment.dex
/sdcard/BAI-Test-1-complete-fixed/build/intermediates/project_dex_archive/release/dexBuilderRelease/out/com/sumon/bundleapp/installer/backup2/impl/local/ui/fragments/LocalBackupStorageSetupFragment.dex
/sdcard/BAI-Test-1-complete-fixed/build/intermediates/project_dex_archive/release/dexBuilderRelease/out/com/sumon/bundleapp/installer/backup2/impl/local/ui/viewmodels
/sdcard/BAI-Test-1-complete-fixed/build/intermediates/project_dex_archive/release/dexBuilderRelease/out/com/sumon/bundleapp/installer/backup2/impl/local/ui/viewmodels/LocalBackupStorageSetupViewModel.dex
/sdcard/BAI-Test-1-complete-fixed/build/intermediates/project_dex_archive/release/dexBuilderRelease/out/com/sumon/bundleapp/installer/backup2/impl/MutableBackup.dex
/sdcard/BAI-Test-1-complete-fixed/build/intermediates/project_dex_archive/release/dexBuilderRelease/out/com/sumon/bundleapp/installer/backup2/impl/storage
/sdcard/BAI-Test-1-complete-fixed/build/intermediates/project_dex_archive/release/dexBuilderRelease/out/com/sumon/bundleapp/installer/backup2/impl/storage/ApksBackupStorage$1.dex
/sdcard/BAI-Test-1-complete-fixed/build/intermediates/project_dex_archive/release/dexBuilderRelease/out/com/sumon/bundleapp/installer/backup2/impl/storage/ApksBackupStorage$2.dex
/sdcard/BAI-Test-1-complete-fixed/build/intermediates/project_dex_archive/release/dexBuilderRelease/out/com/sumon/bundleapp/installer/backup2/impl/storage/ApksBackupStorage$InternalDelegatedFile.dex
/sdcard/BAI-Test-1-complete-fixed/build/intermediates/project_dex_archive/release/dexBuilderRelease/out/com/sumon/bundleapp/installer/backup2/impl/storage/ApksBackupStorage$InternalSingleBackupTaskExecutorFactory.dex
/sdcard/BAI-Test-1-complete-fixed/build/intermediates/project_dex_archive/release/dexBuilderRelease/out/com/sumon/bundleapp/installer/backup2/impl/storage/ApksBackupStorage.dex
/sdcard/BAI-Test-1-complete-fixed/build/intermediates/project_dex_archive/release/dexBuilderRelease/out/com/sumon/bundleapp/installer/backup2/impl/storage/ApksSingleBackupTaskExecutor.dex
/sdcard/BAI-Test-1-complete-fixed/build/intermediates/project_dex_archive/release/dexBuilderRelease/out/com/sumon/bundleapp/installer/backup2/impl/storage/BaseBackupStorage$ObserverHandlerWrapper.dex
/sdcard/BAI-Test-1-complete-fixed/build/intermediates/project_dex_archive/release/dexBuilderRelease/out/com/sumon/bundleapp/installer/backup2/impl/storage/BaseBackupStorage$ProgressListenerHandlerWrapper.dex
/sdcard/BAI-Test-1-complete-fixed/build/intermediates/project_dex_archive/release/dexBuilderRelease/out/com/sumon/bundleapp/installer/backup2/impl/storage/BaseBackupStorage.dex
/sdcard/BAI-Test-1-complete-fixed/build/intermediates/project_dex_archive/release/dexBuilderRelease/out/com/sumon/bundleapp/installer/BuildConfig.dex
/sdcard/BAI-Test-1-complete-fixed/build/intermediates/project_dex_archive/release/dexBuilderRelease/out/com/sumon/bundleapp/installer/common
/sdcard/BAI-Test-1-complete-fixed/build/intermediates/project_dex_archive/release/dexBuilderRelease/out/com/sumon/bundleapp/installer/common/AppDatabase.dex
/sdcard/BAI-Test-1-complete-fixed/build/intermediates/project_dex_archive/release/dexBuilderRelease/out/com/sumon/bundleapp/installer/common/AppDatabase_Impl$1.dex
/sdcard/BAI-Test-1-complete-fixed/build/intermediates/project_dex_archive/release/dexBuilderRelease/out/com/sumon/bundleapp/installer/common/AppDatabase_Impl.dex
/sdcard/BAI-Test-1-complete-fixed/build/intermediates/project_dex_archive/release/dexBuilderRelease/out/com/sumon/bundleapp/installer/flavor
/sdcard/BAI-Test-1-complete-fixed/build/intermediates/project_dex_archive/release/dexBuilderRelease/out/com/sumon/bundleapp/installer/flavor/FlavorInitProvider.dex
/sdcard/BAI-Test-1-complete-fixed/build/intermediates/project_dex_archive/release/dexBuilderRelease/out/com/sumon/bundleapp/installer/installer
/sdcard/BAI-Test-1-complete-fixed/build/intermediates/project_dex_archive/release/dexBuilderRelease/out/com/sumon/bundleapp/installer/installer/ApkSourceBuilder.dex
/sdcard/BAI-Test-1-complete-fixed/build/intermediates/project_dex_archive/release/dexBuilderRelease/out/com/sumon/bundleapp/installer/installer/PackageInstallerProvider.dex
/sdcard/BAI-Test-1-complete-fixed/build/intermediates/project_dex_archive/release/dexBuilderRelease/out/com/sumon/bundleapp/installer/installer/QueuedInstallation.dex
/sdcard/BAI-Test-1-complete-fixed/build/intermediates/project_dex_archive/release/dexBuilderRelease/out/com/sumon/bundleapp/installer/installer/rooted
/sdcard/BAI-Test-1-complete-fixed/build/intermediates/project_dex_archive/release/dexBuilderRelease/out/com/sumon/bundleapp/installer/installer/rooted/RootedSAIPackageInstaller.dex
/sdcard/BAI-Test-1-complete-fixed/build/intermediates/project_dex_archive/release/dexBuilderRelease/out/com/sumon/bundleapp/installer/installer/rootless
/sdcard/BAI-Test-1-complete-fixed/build/intermediates/project_dex_archive/release/dexBuilderRelease/out/com/sumon/bundleapp/installer/installer/rootless/RootlessSAIPackageInstaller$1.dex
/sdcard/BAI-Test-1-complete-fixed/build/intermediates/project_dex_archive/release/dexBuilderRelease/out/com/sumon/bundleapp/installer/installer/rootless/RootlessSAIPackageInstaller.dex
/sdcard/BAI-Test-1-complete-fixed/build/intermediates/project_dex_archive/release/dexBuilderRelease/out/com/sumon/bundleapp/installer/installer/rootless/RootlessSAIPIService.dex
/sdcard/BAI-Test-1-complete-fixed/build/intermediates/project_dex_archive/release/dexBuilderRelease/out/com/sumon/bundleapp/installer/installer/SAIPackageInstaller$InstallationStatus.dex
/sdcard/BAI-Test-1-complete-fixed/build/intermediates/project_dex_archive/release/dexBuilderRelease/out/com/sumon/bundleapp/installer/installer/SAIPackageInstaller$InstallationStatusListener.dex
/sdcard/BAI-Test-1-complete-fixed/build/intermediates/project_dex_archive/release/dexBuilderRelease/out/com/sumon/bundleapp/installer/installer/SAIPackageInstaller.dex
/sdcard/BAI-Test-1-complete-fixed/build/intermediates/project_dex_archive/release/dexBuilderRelease/out/com/sumon/bundleapp/installer/installer/ShellSAIPackageInstaller$1.dex
/sdcard/BAI-Test-1-complete-fixed/build/intermediates/project_dex_archive/release/dexBuilderRelease/out/com/sumon/bundleapp/installer/installer/ShellSAIPackageInstaller.dex
/sdcard/BAI-Test-1-complete-fixed/build/intermediates/project_dex_archive/release/dexBuilderRelease/out/com/sumon/bundleapp/installer/installer/shizuku
/sdcard/BAI-Test-1-complete-fixed/build/intermediates/project_dex_archive/release/dexBuilderRelease/out/com/sumon/bundleapp/installer/installer/shizuku/ShizukuSAIPackageInstaller.dex
/sdcard/BAI-Test-1-complete-fixed/build/intermediates/project_dex_archive/release/dexBuilderRelease/out/com/sumon/bundleapp/installer/installer2
/sdcard/BAI-Test-1-complete-fixed/build/intermediates/project_dex_archive/release/dexBuilderRelease/out/com/sumon/bundleapp/installer/installer2/base
/sdcard/BAI-Test-1-complete-fixed/build/intermediates/project_dex_archive/release/dexBuilderRelease/out/com/sumon/bundleapp/installer/installer2/base/model
/sdcard/BAI-Test-1-complete-fixed/build/intermediates/project_dex_archive/release/dexBuilderRelease/out/com/sumon/bundleapp/installer/installer2/base/model/AndroidPackageInstallerError.dex
/sdcard/BAI-Test-1-complete-fixed/build/intermediates/project_dex_archive/release/dexBuilderRelease/out/com/sumon/bundleapp/installer/installer2/base/model/SaiPiSessionParams.dex
/sdcard/BAI-Test-1-complete-fixed/build/intermediates/project_dex_archive/release/dexBuilderRelease/out/com/sumon/bundleapp/installer/installer2/base/model/SaiPiSessionState$Builder.dex
/sdcard/BAI-Test-1-complete-fixed/build/intermediates/project_dex_archive/release/dexBuilderRelease/out/com/sumon/bundleapp/installer/installer2/base/model/SaiPiSessionState.dex
/sdcard/BAI-Test-1-complete-fixed/build/intermediates/project_dex_archive/release/dexBuilderRelease/out/com/sumon/bundleapp/installer/installer2/base/model/SaiPiSessionStatus.dex
/sdcard/BAI-Test-1-complete-fixed/build/intermediates/project_dex_archive/release/dexBuilderRelease/out/com/sumon/bundleapp/installer/installer2/base/SaiPackageInstaller.dex
/sdcard/BAI-Test-1-complete-fixed/build/intermediates/project_dex_archive/release/dexBuilderRelease/out/com/sumon/bundleapp/installer/installer2/base/SaiPiSessionObserver.dex
/sdcard/BAI-Test-1-complete-fixed/build/intermediates/project_dex_archive/release/dexBuilderRelease/out/com/sumon/bundleapp/installer/installer2/impl
/sdcard/BAI-Test-1-complete-fixed/build/intermediates/project_dex_archive/release/dexBuilderRelease/out/com/sumon/bundleapp/installer/installer2/impl/BaseSaiPackageInstaller.dex
/sdcard/BAI-Test-1-complete-fixed/build/intermediates/project_dex_archive/release/dexBuilderRelease/out/com/sumon/bundleapp/installer/installer2/impl/FlexSaiPackageInstaller.dex
/sdcard/BAI-Test-1-complete-fixed/build/intermediates/project_dex_archive/release/dexBuilderRelease/out/com/sumon/bundleapp/installer/installer2/impl/rootless
/sdcard/BAI-Test-1-complete-fixed/build/intermediates/project_dex_archive/release/dexBuilderRelease/out/com/sumon/bundleapp/installer/installer2/impl/rootless/ConfirmationIntentWrapperActivity2.dex
/sdcard/BAI-Test-1-complete-fixed/build/intermediates/project_dex_archive/release/dexBuilderRelease/out/com/sumon/bundleapp/installer/installer2/impl/rootless/RootlessSaiPackageInstaller.dex
/sdcard/BAI-Test-1-complete-fixed/build/intermediates/project_dex_archive/release/dexBuilderRelease/out/com/sumon/bundleapp/installer/installer2/impl/rootless/RootlessSaiPiBroadcastReceiver$EventObserver.dex
/sdcard/BAI-Test-1-complete-fixed/build/intermediates/project_dex_archive/release/dexBuilderRelease/out/com/sumon/bundleapp/installer/installer2/impl/rootless/RootlessSaiPiBroadcastReceiver.dex
/sdcard/BAI-Test-1-complete-fixed/build/intermediates/project_dex_archive/release/dexBuilderRelease/out/com/sumon/bundleapp/installer/installer2/impl/shell
/sdcard/BAI-Test-1-complete-fixed/build/intermediates/project_dex_archive/release/dexBuilderRelease/out/com/sumon/bundleapp/installer/installer2/impl/shell/RootedSaiPackageInstaller.dex
/sdcard/BAI-Test-1-complete-fixed/build/intermediates/project_dex_archive/release/dexBuilderRelease/out/com/sumon/bundleapp/installer/installer2/impl/shell/ShellSaiPackageInstaller$1.dex
/sdcard/BAI-Test-1-complete-fixed/build/intermediates/project_dex_archive/release/dexBuilderRelease/out/com/sumon/bundleapp/installer/installer2/impl/shell/ShellSaiPackageInstaller.dex
/sdcard/BAI-Test-1-complete-fixed/build/intermediates/project_dex_archive/release/dexBuilderRelease/out/com/sumon/bundleapp/installer/installer2/impl/shell/ShizukuSaiPackageInstaller.dex
/sdcard/BAI-Test-1-complete-fixed/build/intermediates/project_dex_archive/release/dexBuilderRelease/out/com/sumon/bundleapp/installer/installerx
/sdcard/BAI-Test-1-complete-fixed/build/intermediates/project_dex_archive/release/dexBuilderRelease/out/com/sumon/bundleapp/installer/installerx/common
/sdcard/BAI-Test-1-complete-fixed/build/intermediates/project_dex_archive/release/dexBuilderRelease/out/com/sumon/bundleapp/installer/installerx/common/Category.dex
/sdcard/BAI-Test-1-complete-fixed/build/intermediates/project_dex_archive/release/dexBuilderRelease/out/com/sumon/bundleapp/installer/installerx/common/MutableSplitCategory.dex
/sdcard/BAI-Test-1-complete-fixed/build/intermediates/project_dex_archive/release/dexBuilderRelease/out/com/sumon/bundleapp/installer/installerx/common/MutableSplitPart.dex
/sdcard/BAI-Test-1-complete-fixed/build/intermediates/project_dex_archive/release/dexBuilderRelease/out/com/sumon/bundleapp/installer/installerx/common/ParserContext.dex
/sdcard/BAI-Test-1-complete-fixed/build/intermediates/project_dex_archive/release/dexBuilderRelease/out/com/sumon/bundleapp/installer/installerx/common/SealedSplitCategory.dex
/sdcard/BAI-Test-1-complete-fixed/build/intermediates/project_dex_archive/release/dexBuilderRelease/out/com/sumon/bundleapp/installer/installerx/common/SealedSplitPart.dex
/sdcard/BAI-Test-1-complete-fixed/build/intermediates/project_dex_archive/release/dexBuilderRelease/out/com/sumon/bundleapp/installer/installerx/common/SplitApkSourceMeta.dex
/sdcard/BAI-Test-1-complete-fixed/build/intermediates/project_dex_archive/release/dexBuilderRelease/out/com/sumon/bundleapp/installer/installerx/common/SplitCategory.dex
/sdcard/BAI-Test-1-complete-fixed/build/intermediates/project_dex_archive/release/dexBuilderRelease/out/com/sumon/bundleapp/installer/installerx/common/SplitPart.dex
/sdcard/BAI-Test-1-complete-fixed/build/intermediates/project_dex_archive/release/dexBuilderRelease/out/com/sumon/bundleapp/installer/installerx/postprocessing
/sdcard/BAI-Test-1-complete-fixed/build/intermediates/project_dex_archive/release/dexBuilderRelease/out/com/sumon/bundleapp/installer/installerx/postprocessing/DeviceInfoAwarePostprocessor.dex
/sdcard/BAI-Test-1-complete-fixed/build/intermediates/project_dex_archive/release/dexBuilderRelease/out/com/sumon/bundleapp/installer/installerx/postprocessing/HugeAppWarningPostprocessor.dex
/sdcard/BAI-Test-1-complete-fixed/build/intermediates/project_dex_archive/release/dexBuilderRelease/out/com/sumon/bundleapp/installer/installerx/postprocessing/Postprocessor.dex
/sdcard/BAI-Test-1-complete-fixed/build/intermediates/project_dex_archive/release/dexBuilderRelease/out/com/sumon/bundleapp/installer/installerx/postprocessing/SortPostprocessor.dex
/sdcard/BAI-Test-1-complete-fixed/build/intermediates/project_dex_archive/release/dexBuilderRelease/out/com/sumon/bundleapp/installer/installerx/resolver
/sdcard/BAI-Test-1-complete-fixed/build/intermediates/project_dex_archive/release/dexBuilderRelease/out/com/sumon/bundleapp/installer/installerx/resolver/appmeta
/sdcard/BAI-Test-1-complete-fixed/build/intermediates/project_dex_archive/release/dexBuilderRelease/out/com/sumon/bundleapp/installer/installerx/resolver/appmeta/apkm
/sdcard/BAI-Test-1-complete-fixed/build/intermediates/project_dex_archive/release/dexBuilderRelease/out/com/sumon/bundleapp/installer/installerx/resolver/appmeta/apkm/ApkmAppMetaExtractor.dex
/sdcard/BAI-Test-1-complete-fixed/build/intermediates/project_dex_archive/release/dexBuilderRelease/out/com/sumon/bundleapp/installer/installerx/resolver/appmeta/apks
/sdcard/BAI-Test-1-complete-fixed/build/intermediates/project_dex_archive/release/dexBuilderRelease/out/com/sumon/bundleapp/installer/installerx/resolver/appmeta/apks/SaiAppMetaExtractor.dex
/sdcard/BAI-Test-1-complete-fixed/build/intermediates/project_dex_archive/release/dexBuilderRelease/out/com/sumon/bundleapp/installer/installerx/resolver/appmeta/AppMeta$Builder.dex
/sdcard/BAI-Test-1-complete-fixed/build/intermediates/project_dex_archive/release/dexBuilderRelease/out/com/sumon/bundleapp/installer/installerx/resolver/appmeta/AppMeta.dex
/sdcard/BAI-Test-1-complete-fixed/build/intermediates/project_dex_archive/release/dexBuilderRelease/out/com/sumon/bundleapp/installer/installerx/resolver/appmeta/AppMetaExtractor.dex
/sdcard/BAI-Test-1-complete-fixed/build/intermediates/project_dex_archive/release/dexBuilderRelease/out/com/sumon/bundleapp/installer/installerx/resolver/appmeta/brute
/sdcard/BAI-Test-1-complete-fixed/build/intermediates/project_dex_archive/release/dexBuilderRelease/out/com/sumon/bundleapp/installer/installerx/resolver/appmeta/brute/BruteAppMetaExtractor.dex
/sdcard/BAI-Test-1-complete-fixed/build/intermediates/project_dex_archive/release/dexBuilderRelease/out/com/sumon/bundleapp/installer/installerx/resolver/appmeta/DefaultAppMetaExtractor.dex
/sdcard/BAI-Test-1-complete-fixed/build/intermediates/project_dex_archive/release/dexBuilderRelease/out/com/sumon/bundleapp/installer/installerx/resolver/appmeta/installedapp
/sdcard/BAI-Test-1-complete-fixed/build/intermediates/project_dex_archive/release/dexBuilderRelease/out/com/sumon/bundleapp/installer/installerx/resolver/appmeta/installedapp/InstalledAppAppMetaExtractor.dex
/sdcard/BAI-Test-1-complete-fixed/build/intermediates/project_dex_archive/release/dexBuilderRelease/out/com/sumon/bundleapp/installer/installerx/resolver/appmeta/xapk
/sdcard/BAI-Test-1-complete-fixed/build/intermediates/project_dex_archive/release/dexBuilderRelease/out/com/sumon/bundleapp/installer/installerx/resolver/appmeta/xapk/XapkAppMetaExtractor.dex
/sdcard/BAI-Test-1-complete-fixed/build/intermediates/project_dex_archive/release/dexBuilderRelease/out/com/sumon/bundleapp/installer/installerx/resolver/meta
/sdcard/BAI-Test-1-complete-fixed/build/intermediates/project_dex_archive/release/dexBuilderRelease/out/com/sumon/bundleapp/installer/installerx/resolver/meta/ApkSourceFile$Entry.dex
/sdcard/BAI-Test-1-complete-fixed/build/intermediates/project_dex_archive/release/dexBuilderRelease/out/com/sumon/bundleapp/installer/installerx/resolver/meta/ApkSourceFile.dex
/sdcard/BAI-Test-1-complete-fixed/build/intermediates/project_dex_archive/release/dexBuilderRelease/out/com/sumon/bundleapp/installer/installerx/resolver/meta/ApkSourceMetaResolutionError.dex
/sdcard/BAI-Test-1-complete-fixed/build/intermediates/project_dex_archive/release/dexBuilderRelease/out/com/sumon/bundleapp/installer/installerx/resolver/meta/ApkSourceMetaResolutionResult.dex
/sdcard/BAI-Test-1-complete-fixed/build/intermediates/project_dex_archive/release/dexBuilderRelease/out/com/sumon/bundleapp/installer/installerx/resolver/meta/impl
/sdcard/BAI-Test-1-complete-fixed/build/intermediates/project_dex_archive/release/dexBuilderRelease/out/com/sumon/bundleapp/installer/installerx/resolver/meta/impl/DefaultSplitApkSourceMetaResolver.dex
/sdcard/BAI-Test-1-complete-fixed/build/intermediates/project_dex_archive/release/dexBuilderRelease/out/com/sumon/bundleapp/installer/installerx/resolver/meta/impl/InstalledAppApkSourceFile.dex
/sdcard/BAI-Test-1-complete-fixed/build/intermediates/project_dex_archive/release/dexBuilderRelease/out/com/sumon/bundleapp/installer/installerx/resolver/meta/impl/ZipFileApkSourceFile$InternalEntry.dex
/sdcard/BAI-Test-1-complete-fixed/build/intermediates/project_dex_archive/release/dexBuilderRelease/out/com/sumon/bundleapp/installer/installerx/resolver/meta/impl/ZipFileApkSourceFile.dex
/sdcard/BAI-Test-1-complete-fixed/build/intermediates/project_dex_archive/release/dexBuilderRelease/out/com/sumon/bundleapp/installer/installerx/resolver/meta/Notice.dex
/sdcard/BAI-Test-1-complete-fixed/build/intermediates/project_dex_archive/release/dexBuilderRelease/out/com/sumon/bundleapp/installer/installerx/resolver/meta/SplitApkSourceMetaResolver.dex
/sdcard/BAI-Test-1-complete-fixed/build/intermediates/project_dex_archive/release/dexBuilderRelease/out/com/sumon/bundleapp/installer/installerx/resolver/urimess
/sdcard/BAI-Test-1-complete-fixed/build/intermediates/project_dex_archive/release/dexBuilderRelease/out/com/sumon/bundleapp/installer/installerx/resolver/urimess/impl
/sdcard/BAI-Test-1-complete-fixed/build/intermediates/project_dex_archive/release/dexBuilderRelease/out/com/sumon/bundleapp/installer/installerx/resolver/urimess/impl/AndroidUriHost$CopyFileUriAsFile.dex
/sdcard/BAI-Test-1-complete-fixed/build/intermediates/project_dex_archive/release/dexBuilderRelease/out/com/sumon/bundleapp/installer/installerx/resolver/urimess/impl/AndroidUriHost$ProcSelfFdUriAsFile.dex
/sdcard/BAI-Test-1-complete-fixed/build/intermediates/project_dex_archive/release/dexBuilderRelease/out/com/sumon/bundleapp/installer/installerx/resolver/urimess/impl/AndroidUriHost.dex
/sdcard/BAI-Test-1-complete-fixed/build/intermediates/project_dex_archive/release/dexBuilderRelease/out/com/sumon/bundleapp/installer/installerx/resolver/urimess/impl/DefaultUriMessResolver$MultipleApkFilesApkSourceFile$InternalEntry.dex
/sdcard/BAI-Test-1-complete-fixed/build/intermediates/project_dex_archive/release/dexBuilderRelease/out/com/sumon/bundleapp/installer/installerx/resolver/urimess/impl/DefaultUriMessResolver$MultipleApkFilesApkSourceFile.dex
/sdcard/BAI-Test-1-complete-fixed/build/intermediates/project_dex_archive/release/dexBuilderRelease/out/com/sumon/bundleapp/installer/installerx/resolver/urimess/impl/DefaultUriMessResolver.dex
/sdcard/BAI-Test-1-complete-fixed/build/intermediates/project_dex_archive/release/dexBuilderRelease/out/com/sumon/bundleapp/installer/installerx/resolver/urimess/SourceType.dex
/sdcard/BAI-Test-1-complete-fixed/build/intermediates/project_dex_archive/release/dexBuilderRelease/out/com/sumon/bundleapp/installer/installerx/resolver/urimess/UriHost$UriAsFile.dex
/sdcard/BAI-Test-1-complete-fixed/build/intermediates/project_dex_archive/release/dexBuilderRelease/out/com/sumon/bundleapp/installer/installerx/resolver/urimess/UriHost.dex
/sdcard/BAI-Test-1-complete-fixed/build/intermediates/project_dex_archive/release/dexBuilderRelease/out/com/sumon/bundleapp/installer/installerx/resolver/urimess/UriHostFactory.dex
/sdcard/BAI-Test-1-complete-fixed/build/intermediates/project_dex_archive/release/dexBuilderRelease/out/com/sumon/bundleapp/installer/installerx/resolver/urimess/UriMessResolutionError.dex
/sdcard/BAI-Test-1-complete-fixed/build/intermediates/project_dex_archive/release/dexBuilderRelease/out/com/sumon/bundleapp/installer/installerx/resolver/urimess/UriMessResolutionResult.dex
/sdcard/BAI-Test-1-complete-fixed/build/intermediates/project_dex_archive/release/dexBuilderRelease/out/com/sumon/bundleapp/installer/installerx/resolver/urimess/UriMessResolver.dex
/sdcard/BAI-Test-1-complete-fixed/build/intermediates/project_dex_archive/release/dexBuilderRelease/out/com/sumon/bundleapp/installer/installerx/splitmeta
/sdcard/BAI-Test-1-complete-fixed/build/intermediates/project_dex_archive/release/dexBuilderRelease/out/com/sumon/bundleapp/installer/installerx/splitmeta/BaseSplitMeta.dex
/sdcard/BAI-Test-1-complete-fixed/build/intermediates/project_dex_archive/release/dexBuilderRelease/out/com/sumon/bundleapp/installer/installerx/splitmeta/config
/sdcard/BAI-Test-1-complete-fixed/build/intermediates/project_dex_archive/release/dexBuilderRelease/out/com/sumon/bundleapp/installer/installerx/splitmeta/config/AbiConfigSplitMeta.dex
/sdcard/BAI-Test-1-complete-fixed/build/intermediates/project_dex_archive/release/dexBuilderRelease/out/com/sumon/bundleapp/installer/installerx/splitmeta/config/ConfigSplitMeta.dex
/sdcard/BAI-Test-1-complete-fixed/build/intermediates/project_dex_archive/release/dexBuilderRelease/out/com/sumon/bundleapp/installer/installerx/splitmeta/config/LocaleConfigSplitMeta.dex
/sdcard/BAI-Test-1-complete-fixed/build/intermediates/project_dex_archive/release/dexBuilderRelease/out/com/sumon/bundleapp/installer/installerx/splitmeta/config/ScreenDestinyConfigSplitMeta.dex
/sdcard/BAI-Test-1-complete-fixed/build/intermediates/project_dex_archive/release/dexBuilderRelease/out/com/sumon/bundleapp/installer/installerx/splitmeta/config/UnknownConfigSplitMeta.dex
/sdcard/BAI-Test-1-complete-fixed/build/intermediates/project_dex_archive/release/dexBuilderRelease/out/com/sumon/bundleapp/installer/installerx/splitmeta/FeatureSplitMeta.dex
/sdcard/BAI-Test-1-complete-fixed/build/intermediates/project_dex_archive/release/dexBuilderRelease/out/com/sumon/bundleapp/installer/installerx/splitmeta/SplitMeta.dex
/sdcard/BAI-Test-1-complete-fixed/build/intermediates/project_dex_archive/release/dexBuilderRelease/out/com/sumon/bundleapp/installer/installerx/splitmeta/UnknownSplitMeta.dex
/sdcard/BAI-Test-1-complete-fixed/build/intermediates/project_dex_archive/release/dexBuilderRelease/out/com/sumon/bundleapp/installer/installerx/util
/sdcard/BAI-Test-1-complete-fixed/build/intermediates/project_dex_archive/release/dexBuilderRelease/out/com/sumon/bundleapp/installer/installerx/util/AndroidBinXmlParser$Attribute.dex
/sdcard/BAI-Test-1-complete-fixed/build/intermediates/project_dex_archive/release/dexBuilderRelease/out/com/sumon/bundleapp/installer/installerx/util/AndroidBinXmlParser$Chunk.dex
/sdcard/BAI-Test-1-complete-fixed/build/intermediates/project_dex_archive/release/dexBuilderRelease/out/com/sumon/bundleapp/installer/installerx/util/AndroidBinXmlParser$ResourceMap.dex
/sdcard/BAI-Test-1-complete-fixed/build/intermediates/project_dex_archive/release/dexBuilderRelease/out/com/sumon/bundleapp/installer/installerx/util/AndroidBinXmlParser$StringPool.dex
/sdcard/BAI-Test-1-complete-fixed/build/intermediates/project_dex_archive/release/dexBuilderRelease/out/com/sumon/bundleapp/installer/installerx/util/AndroidBinXmlParser$XmlParserException.dex
/sdcard/BAI-Test-1-complete-fixed/build/intermediates/project_dex_archive/release/dexBuilderRelease/out/com/sumon/bundleapp/installer/installerx/util/AndroidBinXmlParser.dex
/sdcard/BAI-Test-1-complete-fixed/build/intermediates/project_dex_archive/release/dexBuilderRelease/out/com/sumon/bundleapp/installer/legal
/sdcard/BAI-Test-1-complete-fixed/build/intermediates/project_dex_archive/release/dexBuilderRelease/out/com/sumon/bundleapp/installer/legal/DefaultLegalStuffProvider.dex
/sdcard/BAI-Test-1-complete-fixed/build/intermediates/project_dex_archive/release/dexBuilderRelease/out/com/sumon/bundleapp/installer/legal/LegalStuffProvider.dex
/sdcard/BAI-Test-1-complete-fixed/build/intermediates/project_dex_archive/release/dexBuilderRelease/out/com/sumon/bundleapp/installer/model
/sdcard/BAI-Test-1-complete-fixed/build/intermediates/project_dex_archive/release/dexBuilderRelease/out/com/sumon/bundleapp/installer/model/apksource
/sdcard/BAI-Test-1-complete-fixed/build/intermediates/project_dex_archive/release/dexBuilderRelease/out/com/sumon/bundleapp/installer/model/apksource/ApkSource.dex
/sdcard/BAI-Test-1-complete-fixed/build/intermediates/project_dex_archive/release/dexBuilderRelease/out/com/sumon/bundleapp/installer/model/apksource/CopyToFileApkSource.dex
/sdcard/BAI-Test-1-complete-fixed/build/intermediates/project_dex_archive/release/dexBuilderRelease/out/com/sumon/bundleapp/installer/model/apksource/DefaultApkSource.dex
/sdcard/BAI-Test-1-complete-fixed/build/intermediates/project_dex_archive/release/dexBuilderRelease/out/com/sumon/bundleapp/installer/model/apksource/FilterApkSource.dex
/sdcard/BAI-Test-1-complete-fixed/build/intermediates/project_dex_archive/release/dexBuilderRelease/out/com/sumon/bundleapp/installer/model/apksource/SignerApkSource.dex
/sdcard/BAI-Test-1-complete-fixed/build/intermediates/project_dex_archive/release/dexBuilderRelease/out/com/sumon/bundleapp/installer/model/apksource/ZipApkSource$ZipInputStreamWrapper.dex
/sdcard/BAI-Test-1-complete-fixed/build/intermediates/project_dex_archive/release/dexBuilderRelease/out/com/sumon/bundleapp/installer/model/apksource/ZipApkSource.dex
/sdcard/BAI-Test-1-complete-fixed/build/intermediates/project_dex_archive/release/dexBuilderRelease/out/com/sumon/bundleapp/installer/model/apksource/ZipBackedApkSource.dex
/sdcard/BAI-Test-1-complete-fixed/build/intermediates/project_dex_archive/release/dexBuilderRelease/out/com/sumon/bundleapp/installer/model/apksource/ZipExtractorApkSource.dex
/sdcard/BAI-Test-1-complete-fixed/build/intermediates/project_dex_archive/release/dexBuilderRelease/out/com/sumon/bundleapp/installer/model/apksource/ZipFileApkSource.dex
/sdcard/BAI-Test-1-complete-fixed/build/intermediates/project_dex_archive/release/dexBuilderRelease/out/com/sumon/bundleapp/installer/model/backup
/sdcard/BAI-Test-1-complete-fixed/build/intermediates/project_dex_archive/release/dexBuilderRelease/out/com/sumon/bundleapp/installer/model/backup/BackupNameFormatBuilder$Part.dex
/sdcard/BAI-Test-1-complete-fixed/build/intermediates/project_dex_archive/release/dexBuilderRelease/out/com/sumon/bundleapp/installer/model/backup/BackupNameFormatBuilder.dex
/sdcard/BAI-Test-1-complete-fixed/build/intermediates/project_dex_archive/release/dexBuilderRelease/out/com/sumon/bundleapp/installer/model/backup/BackupPackagesFilterConfig$BackupStatusFilterMode.dex
/sdcard/BAI-Test-1-complete-fixed/build/intermediates/project_dex_archive/release/dexBuilderRelease/out/com/sumon/bundleapp/installer/model/backup/BackupPackagesFilterConfig$SimpleFilterMode.dex
/sdcard/BAI-Test-1-complete-fixed/build/intermediates/project_dex_archive/release/dexBuilderRelease/out/com/sumon/bundleapp/installer/model/backup/BackupPackagesFilterConfig$SortMode.dex
/sdcard/BAI-Test-1-complete-fixed/build/intermediates/project_dex_archive/release/dexBuilderRelease/out/com/sumon/bundleapp/installer/model/backup/BackupPackagesFilterConfig.dex
/sdcard/BAI-Test-1-complete-fixed/build/intermediates/project_dex_archive/release/dexBuilderRelease/out/com/sumon/bundleapp/installer/model/backup/SaiExportedAppMeta.dex
/sdcard/BAI-Test-1-complete-fixed/build/intermediates/project_dex_archive/release/dexBuilderRelease/out/com/sumon/bundleapp/installer/model/backup/SaiExportedAppMeta2$BackupComponent.dex
/sdcard/BAI-Test-1-complete-fixed/build/intermediates/project_dex_archive/release/dexBuilderRelease/out/com/sumon/bundleapp/installer/model/backup/SaiExportedAppMeta2.dex
/sdcard/BAI-Test-1-complete-fixed/build/intermediates/project_dex_archive/release/dexBuilderRelease/out/com/sumon/bundleapp/installer/model/backup/SimpleAppFeature.dex
/sdcard/BAI-Test-1-complete-fixed/build/intermediates/project_dex_archive/release/dexBuilderRelease/out/com/sumon/bundleapp/installer/model/backup/SplitApkPart.dex
/sdcard/BAI-Test-1-complete-fixed/build/intermediates/project_dex_archive/release/dexBuilderRelease/out/com/sumon/bundleapp/installer/model/common
/sdcard/BAI-Test-1-complete-fixed/build/intermediates/project_dex_archive/release/dexBuilderRelease/out/com/sumon/bundleapp/installer/model/common/AppFeature.dex
/sdcard/BAI-Test-1-complete-fixed/build/intermediates/project_dex_archive/release/dexBuilderRelease/out/com/sumon/bundleapp/installer/model/common/PackageMeta$1.dex
/sdcard/BAI-Test-1-complete-fixed/build/intermediates/project_dex_archive/release/dexBuilderRelease/out/com/sumon/bundleapp/installer/model/common/PackageMeta$Builder.dex
/sdcard/BAI-Test-1-complete-fixed/build/intermediates/project_dex_archive/release/dexBuilderRelease/out/com/sumon/bundleapp/installer/model/common/PackageMeta.dex
/sdcard/BAI-Test-1-complete-fixed/build/intermediates/project_dex_archive/release/dexBuilderRelease/out/com/sumon/bundleapp/installer/model/filedescriptor
/sdcard/BAI-Test-1-complete-fixed/build/intermediates/project_dex_archive/release/dexBuilderRelease/out/com/sumon/bundleapp/installer/model/filedescriptor/ContentUriFileDescriptor$BadContentProviderException.dex
/sdcard/BAI-Test-1-complete-fixed/build/intermediates/project_dex_archive/release/dexBuilderRelease/out/com/sumon/bundleapp/installer/model/filedescriptor/ContentUriFileDescriptor.dex
/sdcard/BAI-Test-1-complete-fixed/build/intermediates/project_dex_archive/release/dexBuilderRelease/out/com/sumon/bundleapp/installer/model/filedescriptor/FileDescriptor.dex
/sdcard/BAI-Test-1-complete-fixed/build/intermediates/project_dex_archive/release/dexBuilderRelease/out/com/sumon/bundleapp/installer/model/filedescriptor/NormalFileDescriptor.dex
/sdcard/BAI-Test-1-complete-fixed/build/intermediates/project_dex_archive/release/dexBuilderRelease/out/com/sumon/bundleapp/installer/model/licenses
/sdcard/BAI-Test-1-complete-fixed/build/intermediates/project_dex_archive/release/dexBuilderRelease/out/com/sumon/bundleapp/installer/model/licenses/License.dex
/sdcard/BAI-Test-1-complete-fixed/build/intermediates/project_dex_archive/release/dexBuilderRelease/out/com/sumon/bundleapp/installer/shell
/sdcard/BAI-Test-1-complete-fixed/build/intermediates/project_dex_archive/release/dexBuilderRelease/out/com/sumon/bundleapp/installer/shell/PersistentShellSession$ProcessFactory.dex
/sdcard/BAI-Test-1-complete-fixed/build/intermediates/project_dex_archive/release/dexBuilderRelease/out/com/sumon/bundleapp/installer/shell/PersistentShellSession$Validator.dex
/sdcard/BAI-Test-1-complete-fixed/build/intermediates/project_dex_archive/release/dexBuilderRelease/out/com/sumon/bundleapp/installer/shell/PersistentShellSession.dex
/sdcard/BAI-Test-1-complete-fixed/build/intermediates/project_dex_archive/release/dexBuilderRelease/out/com/sumon/bundleapp/installer/shell/Shell$Command$Builder.dex
/sdcard/BAI-Test-1-complete-fixed/build/intermediates/project_dex_archive/release/dexBuilderRelease/out/com/sumon/bundleapp/installer/shell/Shell$Command.dex
/sdcard/BAI-Test-1-complete-fixed/build/intermediates/project_dex_archive/release/dexBuilderRelease/out/com/sumon/bundleapp/installer/shell/Shell$Result.dex
/sdcard/BAI-Test-1-complete-fixed/build/intermediates/project_dex_archive/release/dexBuilderRelease/out/com/sumon/bundleapp/installer/shell/Shell.dex
/sdcard/BAI-Test-1-complete-fixed/build/intermediates/project_dex_archive/release/dexBuilderRelease/out/com/sumon/bundleapp/installer/shell/ShizukuShell.dex
/sdcard/BAI-Test-1-complete-fixed/build/intermediates/project_dex_archive/release/dexBuilderRelease/out/com/sumon/bundleapp/installer/shell/SuShell.dex
/sdcard/BAI-Test-1-complete-fixed/build/intermediates/project_dex_archive/release/dexBuilderRelease/out/com/sumon/bundleapp/installer/shizuku
/sdcard/BAI-Test-1-complete-fixed/build/intermediates/project_dex_archive/release/dexBuilderRelease/out/com/sumon/bundleapp/installer/shizuku/SuiInitProvider.dex
/sdcard/BAI-Test-1-complete-fixed/build/intermediates/project_dex_archive/release/dexBuilderRelease/out/com/sumon/bundleapp/installer/ui
/sdcard/BAI-Test-1-complete-fixed/build/intermediates/project_dex_archive/release/dexBuilderRelease/out/com/sumon/bundleapp/installer/ui/activities
/sdcard/BAI-Test-1-complete-fixed/build/intermediates/project_dex_archive/release/dexBuilderRelease/out/com/sumon/bundleapp/installer/ui/activities/AboutActivity.dex
/sdcard/BAI-Test-1-complete-fixed/build/intermediates/project_dex_archive/release/dexBuilderRelease/out/com/sumon/bundleapp/installer/ui/activities/ApkActionViewProxyActivity.dex
/sdcard/BAI-Test-1-complete-fixed/build/intermediates/project_dex_archive/release/dexBuilderRelease/out/com/sumon/bundleapp/installer/ui/activities/BackupManageAppActivity.dex
/sdcard/BAI-Test-1-complete-fixed/build/intermediates/project_dex_archive/release/dexBuilderRelease/out/com/sumon/bundleapp/installer/ui/activities/BackupSettingsActivity.dex
/sdcard/BAI-Test-1-complete-fixed/build/intermediates/project_dex_archive/release/dexBuilderRelease/out/com/sumon/bundleapp/installer/ui/activities/ConfirmationIntentWrapperActivity.dex
/sdcard/BAI-Test-1-complete-fixed/build/intermediates/project_dex_archive/release/dexBuilderRelease/out/com/sumon/bundleapp/installer/ui/activities/EulaActivity.dex
/sdcard/BAI-Test-1-complete-fixed/build/intermediates/project_dex_archive/release/dexBuilderRelease/out/com/sumon/bundleapp/installer/ui/activities/LicensesActivity.dex
/sdcard/BAI-Test-1-complete-fixed/build/intermediates/project_dex_archive/release/dexBuilderRelease/out/com/sumon/bundleapp/installer/ui/activities/MainActivity.dex
/sdcard/BAI-Test-1-complete-fixed/build/intermediates/project_dex_archive/release/dexBuilderRelease/out/com/sumon/bundleapp/installer/ui/activities/MiActivity.dex
/sdcard/BAI-Test-1-complete-fixed/build/intermediates/project_dex_archive/release/dexBuilderRelease/out/com/sumon/bundleapp/installer/ui/activities/PreferencesActivity.dex
/sdcard/BAI-Test-1-complete-fixed/build/intermediates/project_dex_archive/release/dexBuilderRelease/out/com/sumon/bundleapp/installer/ui/activities/ThemedActivity.dex
/sdcard/BAI-Test-1-complete-fixed/build/intermediates/project_dex_archive/release/dexBuilderRelease/out/com/sumon/bundleapp/installer/ui/dialogs
/sdcard/BAI-Test-1-complete-fixed/build/intermediates/project_dex_archive/release/dexBuilderRelease/out/com/sumon/bundleapp/installer/ui/dialogs/AppInstalledDialogFragment.dex
/sdcard/BAI-Test-1-complete-fixed/build/intermediates/project_dex_archive/release/dexBuilderRelease/out/com/sumon/bundleapp/installer/ui/dialogs/BackupDialogFragment$1.dex
/sdcard/BAI-Test-1-complete-fixed/build/intermediates/project_dex_archive/release/dexBuilderRelease/out/com/sumon/bundleapp/installer/ui/dialogs/BackupDialogFragment.dex
/sdcard/BAI-Test-1-complete-fixed/build/intermediates/project_dex_archive/release/dexBuilderRelease/out/com/sumon/bundleapp/installer/ui/dialogs/base
/sdcard/BAI-Test-1-complete-fixed/build/intermediates/project_dex_archive/release/dexBuilderRelease/out/com/sumon/bundleapp/installer/ui/dialogs/base/BaseBottomSheetDialogFragment$OnDismissListener.dex
/sdcard/BAI-Test-1-complete-fixed/build/intermediates/project_dex_archive/release/dexBuilderRelease/out/com/sumon/bundleapp/installer/ui/dialogs/base/BaseBottomSheetDialogFragment.dex
/sdcard/BAI-Test-1-complete-fixed/build/intermediates/project_dex_archive/release/dexBuilderRelease/out/com/sumon/bundleapp/installer/ui/dialogs/BatchBackupDialogFragment$OnBatchBackupEnqueuedListener.dex
/sdcard/BAI-Test-1-complete-fixed/build/intermediates/project_dex_archive/release/dexBuilderRelease/out/com/sumon/bundleapp/installer/ui/dialogs/BatchBackupDialogFragment.dex
/sdcard/BAI-Test-1-complete-fixed/build/intermediates/project_dex_archive/release/dexBuilderRelease/out/com/sumon/bundleapp/installer/ui/dialogs/DarkLightThemeSelectionDialogFragment$Mode.dex
/sdcard/BAI-Test-1-complete-fixed/build/intermediates/project_dex_archive/release/dexBuilderRelease/out/com/sumon/bundleapp/installer/ui/dialogs/DarkLightThemeSelectionDialogFragment$OnDarkLightThemesChosenListener.dex
/sdcard/BAI-Test-1-complete-fixed/build/intermediates/project_dex_archive/release/dexBuilderRelease/out/com/sumon/bundleapp/installer/ui/dialogs/DarkLightThemeSelectionDialogFragment.dex
/sdcard/BAI-Test-1-complete-fixed/build/intermediates/project_dex_archive/release/dexBuilderRelease/out/com/sumon/bundleapp/installer/ui/dialogs/DeleteBackupConfirmationDialog.dex
/sdcard/BAI-Test-1-complete-fixed/build/intermediates/project_dex_archive/release/dexBuilderRelease/out/com/sumon/bundleapp/installer/ui/dialogs/ErrorLogDialogFragment.dex
/sdcard/BAI-Test-1-complete-fixed/build/intermediates/project_dex_archive/release/dexBuilderRelease/out/com/sumon/bundleapp/installer/ui/dialogs/ErrorLogDialogFragment2.dex
/sdcard/BAI-Test-1-complete-fixed/build/intermediates/project_dex_archive/release/dexBuilderRelease/out/com/sumon/bundleapp/installer/ui/dialogs/FilePickerDialogFragment$OnFilesSelectedListener.dex
/sdcard/BAI-Test-1-complete-fixed/build/intermediates/project_dex_archive/release/dexBuilderRelease/out/com/sumon/bundleapp/installer/ui/dialogs/FilePickerDialogFragment.dex
/sdcard/BAI-Test-1-complete-fixed/build/intermediates/project_dex_archive/release/dexBuilderRelease/out/com/sumon/bundleapp/installer/ui/dialogs/InstallationConfirmationDialogFragment$ConfirmationListener.dex
/sdcard/BAI-Test-1-complete-fixed/build/intermediates/project_dex_archive/release/dexBuilderRelease/out/com/sumon/bundleapp/installer/ui/dialogs/InstallationConfirmationDialogFragment.dex
/sdcard/BAI-Test-1-complete-fixed/build/intermediates/project_dex_archive/release/dexBuilderRelease/out/com/sumon/bundleapp/installer/ui/dialogs/InstallerXDialogFragment$1.dex
/sdcard/BAI-Test-1-complete-fixed/build/intermediates/project_dex_archive/release/dexBuilderRelease/out/com/sumon/bundleapp/installer/ui/dialogs/InstallerXDialogFragment.dex
/sdcard/BAI-Test-1-complete-fixed/build/intermediates/project_dex_archive/release/dexBuilderRelease/out/com/sumon/bundleapp/installer/ui/dialogs/MiuiWarningDialogFragment.dex
/sdcard/BAI-Test-1-complete-fixed/build/intermediates/project_dex_archive/release/dexBuilderRelease/out/com/sumon/bundleapp/installer/ui/dialogs/NameFormatBuilderDialogFragment$OnFormatBuiltListener.dex
/sdcard/BAI-Test-1-complete-fixed/build/intermediates/project_dex_archive/release/dexBuilderRelease/out/com/sumon/bundleapp/installer/ui/dialogs/NameFormatBuilderDialogFragment.dex
/sdcard/BAI-Test-1-complete-fixed/build/intermediates/project_dex_archive/release/dexBuilderRelease/out/com/sumon/bundleapp/installer/ui/dialogs/OneTimeWarningDialogFragment.dex
/sdcard/BAI-Test-1-complete-fixed/build/intermediates/project_dex_archive/release/dexBuilderRelease/out/com/sumon/bundleapp/installer/ui/dialogs/RestoreBackupDialogFragment.dex
/sdcard/BAI-Test-1-complete-fixed/build/intermediates/project_dex_archive/release/dexBuilderRelease/out/com/sumon/bundleapp/installer/ui/dialogs/SimpleAlertDialogFragment$OnDismissListener.dex
/sdcard/BAI-Test-1-complete-fixed/build/intermediates/project_dex_archive/release/dexBuilderRelease/out/com/sumon/bundleapp/installer/ui/dialogs/SimpleAlertDialogFragment.dex
/sdcard/BAI-Test-1-complete-fixed/build/intermediates/project_dex_archive/release/dexBuilderRelease/out/com/sumon/bundleapp/installer/ui/dialogs/SingleChoiceListDialogFragment$DialogParams$1.dex
/sdcard/BAI-Test-1-complete-fixed/build/intermediates/project_dex_archive/release/dexBuilderRelease/out/com/sumon/bundleapp/installer/ui/dialogs/SingleChoiceListDialogFragment$DialogParams.dex
/sdcard/BAI-Test-1-complete-fixed/build/intermediates/project_dex_archive/release/dexBuilderRelease/out/com/sumon/bundleapp/installer/ui/dialogs/SingleChoiceListDialogFragment$ItemsAdapter$ViewHolder.dex
/sdcard/BAI-Test-1-complete-fixed/build/intermediates/project_dex_archive/release/dexBuilderRelease/out/com/sumon/bundleapp/installer/ui/dialogs/SingleChoiceListDialogFragment$ItemsAdapter.dex
/sdcard/BAI-Test-1-complete-fixed/build/intermediates/project_dex_archive/release/dexBuilderRelease/out/com/sumon/bundleapp/installer/ui/dialogs/SingleChoiceListDialogFragment$OnItemSelectedListener.dex
/sdcard/BAI-Test-1-complete-fixed/build/intermediates/project_dex_archive/release/dexBuilderRelease/out/com/sumon/bundleapp/installer/ui/dialogs/SingleChoiceListDialogFragment.dex
/sdcard/BAI-Test-1-complete-fixed/build/intermediates/project_dex_archive/release/dexBuilderRelease/out/com/sumon/bundleapp/installer/ui/dialogs/ThemeSelectionDialogFragment$Mode.dex
/sdcard/BAI-Test-1-complete-fixed/build/intermediates/project_dex_archive/release/dexBuilderRelease/out/com/sumon/bundleapp/installer/ui/dialogs/ThemeSelectionDialogFragment$OnThemeChosenListener.dex
/sdcard/BAI-Test-1-complete-fixed/build/intermediates/project_dex_archive/release/dexBuilderRelease/out/com/sumon/bundleapp/installer/ui/dialogs/ThemeSelectionDialogFragment.dex
/sdcard/BAI-Test-1-complete-fixed/build/intermediates/project_dex_archive/release/dexBuilderRelease/out/com/sumon/bundleapp/installer/ui/dialogs/UriDirectoryPickerDialogFragment$OnDirectoryPickedListener.dex
/sdcard/BAI-Test-1-complete-fixed/build/intermediates/project_dex_archive/release/dexBuilderRelease/out/com/sumon/bundleapp/installer/ui/dialogs/UriDirectoryPickerDialogFragment.dex
/sdcard/BAI-Test-1-complete-fixed/build/intermediates/project_dex_archive/release/dexBuilderRelease/out/com/sumon/bundleapp/installer/ui/fragments
/sdcard/BAI-Test-1-complete-fixed/build/intermediates/project_dex_archive/release/dexBuilderRelease/out/com/sumon/bundleapp/installer/ui/fragments/BackupFragment$1.dex
/sdcard/BAI-Test-1-complete-fixed/build/intermediates/project_dex_archive/release/dexBuilderRelease/out/com/sumon/bundleapp/installer/ui/fragments/BackupFragment$2.dex
/sdcard/BAI-Test-1-complete-fixed/build/intermediates/project_dex_archive/release/dexBuilderRelease/out/com/sumon/bundleapp/installer/ui/fragments/BackupFragment$3.dex
/sdcard/BAI-Test-1-complete-fixed/build/intermediates/project_dex_archive/release/dexBuilderRelease/out/com/sumon/bundleapp/installer/ui/fragments/BackupFragment.dex
/sdcard/BAI-Test-1-complete-fixed/build/intermediates/project_dex_archive/release/dexBuilderRelease/out/com/sumon/bundleapp/installer/ui/fragments/BackupManageAppFragment$1.dex
/sdcard/BAI-Test-1-complete-fixed/build/intermediates/project_dex_archive/release/dexBuilderRelease/out/com/sumon/bundleapp/installer/ui/fragments/BackupManageAppFragment$DismissDelegate.dex
/sdcard/BAI-Test-1-complete-fixed/build/intermediates/project_dex_archive/release/dexBuilderRelease/out/com/sumon/bundleapp/installer/ui/fragments/BackupManageAppFragment.dex
/sdcard/BAI-Test-1-complete-fixed/build/intermediates/project_dex_archive/release/dexBuilderRelease/out/com/sumon/bundleapp/installer/ui/fragments/Installer2Fragment.dex
/sdcard/BAI-Test-1-complete-fixed/build/intermediates/project_dex_archive/release/dexBuilderRelease/out/com/sumon/bundleapp/installer/ui/fragments/InstallerFragment.dex
/sdcard/BAI-Test-1-complete-fixed/build/intermediates/project_dex_archive/release/dexBuilderRelease/out/com/sumon/bundleapp/installer/ui/fragments/LegacyInstallerFragment$1.dex
/sdcard/BAI-Test-1-complete-fixed/build/intermediates/project_dex_archive/release/dexBuilderRelease/out/com/sumon/bundleapp/installer/ui/fragments/LegacyInstallerFragment.dex
/sdcard/BAI-Test-1-complete-fixed/build/intermediates/project_dex_archive/release/dexBuilderRelease/out/com/sumon/bundleapp/installer/ui/fragments/miui
/sdcard/BAI-Test-1-complete-fixed/build/intermediates/project_dex_archive/release/dexBuilderRelease/out/com/sumon/bundleapp/installer/ui/fragments/miui/MiEntryFragment$OnContinueListener.dex
/sdcard/BAI-Test-1-complete-fixed/build/intermediates/project_dex_archive/release/dexBuilderRelease/out/com/sumon/bundleapp/installer/ui/fragments/miui/MiEntryFragment.dex
/sdcard/BAI-Test-1-complete-fixed/build/intermediates/project_dex_archive/release/dexBuilderRelease/out/com/sumon/bundleapp/installer/ui/fragments/PreferencesFragment.dex
/sdcard/BAI-Test-1-complete-fixed/build/intermediates/project_dex_archive/release/dexBuilderRelease/out/com/sumon/bundleapp/installer/ui/fragments/SaiBaseFragment.dex
/sdcard/BAI-Test-1-complete-fixed/build/intermediates/project_dex_archive/release/dexBuilderRelease/out/com/sumon/bundleapp/installer/ui/fragments/SuperSecretPreferencesFragment.dex
/sdcard/BAI-Test-1-complete-fixed/build/intermediates/project_dex_archive/release/dexBuilderRelease/out/com/sumon/bundleapp/installer/ui/recycler
/sdcard/BAI-Test-1-complete-fixed/build/intermediates/project_dex_archive/release/dexBuilderRelease/out/com/sumon/bundleapp/installer/ui/recycler/InstallerXAdapterDividerItemDecoration.dex
/sdcard/BAI-Test-1-complete-fixed/build/intermediates/project_dex_archive/release/dexBuilderRelease/out/com/sumon/bundleapp/installer/ui/recycler/RecyclerPaddingDecoration.dex
/sdcard/BAI-Test-1-complete-fixed/build/intermediates/project_dex_archive/release/dexBuilderRelease/out/com/sumon/bundleapp/installer/utils
/sdcard/BAI-Test-1-complete-fixed/build/intermediates/project_dex_archive/release/dexBuilderRelease/out/com/sumon/bundleapp/installer/utils/AlertsUtils.dex
/sdcard/BAI-Test-1-complete-fixed/build/intermediates/project_dex_archive/release/dexBuilderRelease/out/com/sumon/bundleapp/installer/utils/BackupNameFormat.dex
/sdcard/BAI-Test-1-complete-fixed/build/intermediates/project_dex_archive/release/dexBuilderRelease/out/com/sumon/bundleapp/installer/utils/BiConsumer.dex
/sdcard/BAI-Test-1-complete-fixed/build/intermediates/project_dex_archive/release/dexBuilderRelease/out/com/sumon/bundleapp/installer/utils/DbgPreferencesHelper.dex
/sdcard/BAI-Test-1-complete-fixed/build/intermediates/project_dex_archive/release/dexBuilderRelease/out/com/sumon/bundleapp/installer/utils/DbgPreferencesKeys.dex
/sdcard/BAI-Test-1-complete-fixed/build/intermediates/project_dex_archive/release/dexBuilderRelease/out/com/sumon/bundleapp/installer/utils/Event.dex
/sdcard/BAI-Test-1-complete-fixed/build/intermediates/project_dex_archive/release/dexBuilderRelease/out/com/sumon/bundleapp/installer/utils/Event2.dex
/sdcard/BAI-Test-1-complete-fixed/build/intermediates/project_dex_archive/release/dexBuilderRelease/out/com/sumon/bundleapp/installer/utils/FragmentNavigator$FragmentFactory.dex
/sdcard/BAI-Test-1-complete-fixed/build/intermediates/project_dex_archive/release/dexBuilderRelease/out/com/sumon/bundleapp/installer/utils/FragmentNavigator.dex
/sdcard/BAI-Test-1-complete-fixed/build/intermediates/project_dex_archive/release/dexBuilderRelease/out/com/sumon/bundleapp/installer/utils/InsetsUtils$1.dex
/sdcard/BAI-Test-1-complete-fixed/build/intermediates/project_dex_archive/release/dexBuilderRelease/out/com/sumon/bundleapp/installer/utils/InsetsUtils.dex
/sdcard/BAI-Test-1-complete-fixed/build/intermediates/project_dex_archive/release/dexBuilderRelease/out/com/sumon/bundleapp/installer/utils/IOUtils.dex
/sdcard/BAI-Test-1-complete-fixed/build/intermediates/project_dex_archive/release/dexBuilderRelease/out/com/sumon/bundleapp/installer/utils/Locker.dex
/sdcard/BAI-Test-1-complete-fixed/build/intermediates/project_dex_archive/release/dexBuilderRelease/out/com/sumon/bundleapp/installer/utils/Logs.dex
/sdcard/BAI-Test-1-complete-fixed/build/intermediates/project_dex_archive/release/dexBuilderRelease/out/com/sumon/bundleapp/installer/utils/MapBackedLocker$ConcurrentHashMapLocker.dex
/sdcard/BAI-Test-1-complete-fixed/build/intermediates/project_dex_archive/release/dexBuilderRelease/out/com/sumon/bundleapp/installer/utils/MapBackedLocker$HashMapLocker.dex
/sdcard/BAI-Test-1-complete-fixed/build/intermediates/project_dex_archive/release/dexBuilderRelease/out/com/sumon/bundleapp/installer/utils/MapBackedLocker.dex
/sdcard/BAI-Test-1-complete-fixed/build/intermediates/project_dex_archive/release/dexBuilderRelease/out/com/sumon/bundleapp/installer/utils/MathUtils.dex
/sdcard/BAI-Test-1-complete-fixed/build/intermediates/project_dex_archive/release/dexBuilderRelease/out/com/sumon/bundleapp/installer/utils/MiuiUtils.dex
/sdcard/BAI-Test-1-complete-fixed/build/intermediates/project_dex_archive/release/dexBuilderRelease/out/com/sumon/bundleapp/installer/utils/NotificationHelper.dex
/sdcard/BAI-Test-1-complete-fixed/build/intermediates/project_dex_archive/release/dexBuilderRelease/out/com/sumon/bundleapp/installer/utils/PermissionsUtils.dex
/sdcard/BAI-Test-1-complete-fixed/build/intermediates/project_dex_archive/release/dexBuilderRelease/out/com/sumon/bundleapp/installer/utils/PreferencesHelper.dex
/sdcard/BAI-Test-1-complete-fixed/build/intermediates/project_dex_archive/release/dexBuilderRelease/out/com/sumon/bundleapp/installer/utils/PreferencesKeys.dex
/sdcard/BAI-Test-1-complete-fixed/build/intermediates/project_dex_archive/release/dexBuilderRelease/out/com/sumon/bundleapp/installer/utils/PreferencesValues.dex
/sdcard/BAI-Test-1-complete-fixed/build/intermediates/project_dex_archive/release/dexBuilderRelease/out/com/sumon/bundleapp/installer/utils/RwLock.dex
/sdcard/BAI-Test-1-complete-fixed/build/intermediates/project_dex_archive/release/dexBuilderRelease/out/com/sumon/bundleapp/installer/utils/saf
/sdcard/BAI-Test-1-complete-fixed/build/intermediates/project_dex_archive/release/dexBuilderRelease/out/com/sumon/bundleapp/installer/utils/saf/FileUtils.dex
/sdcard/BAI-Test-1-complete-fixed/build/intermediates/project_dex_archive/release/dexBuilderRelease/out/com/sumon/bundleapp/installer/utils/saf/SafUtils.dex
/sdcard/BAI-Test-1-complete-fixed/build/intermediates/project_dex_archive/release/dexBuilderRelease/out/com/sumon/bundleapp/installer/utils/SimpleAsyncTask.dex
/sdcard/BAI-Test-1-complete-fixed/build/intermediates/project_dex_archive/release/dexBuilderRelease/out/com/sumon/bundleapp/installer/utils/Stopwatch.dex
/sdcard/BAI-Test-1-complete-fixed/build/intermediates/project_dex_archive/release/dexBuilderRelease/out/com/sumon/bundleapp/installer/utils/TextUtils.dex
/sdcard/BAI-Test-1-complete-fixed/build/intermediates/project_dex_archive/release/dexBuilderRelease/out/com/sumon/bundleapp/installer/utils/Theme$Mode.dex
/sdcard/BAI-Test-1-complete-fixed/build/intermediates/project_dex_archive/release/dexBuilderRelease/out/com/sumon/bundleapp/installer/utils/Theme$ThemeDescriptor.dex
/sdcard/BAI-Test-1-complete-fixed/build/intermediates/project_dex_archive/release/dexBuilderRelease/out/com/sumon/bundleapp/installer/utils/Theme.dex
/sdcard/BAI-Test-1-complete-fixed/build/intermediates/project_dex_archive/release/dexBuilderRelease/out/com/sumon/bundleapp/installer/utils/TriConsumer.dex
/sdcard/BAI-Test-1-complete-fixed/build/intermediates/project_dex_archive/release/dexBuilderRelease/out/com/sumon/bundleapp/installer/utils/Utils.dex
/sdcard/BAI-Test-1-complete-fixed/build/intermediates/project_dex_archive/release/dexBuilderRelease/out/com/sumon/bundleapp/installer/view
/sdcard/BAI-Test-1-complete-fixed/build/intermediates/project_dex_archive/release/dexBuilderRelease/out/com/sumon/bundleapp/installer/view/coolbar
/sdcard/BAI-Test-1-complete-fixed/build/intermediates/project_dex_archive/release/dexBuilderRelease/out/com/sumon/bundleapp/installer/view/coolbar/Coolbar$CoolbarOutlineProvider.dex
/sdcard/BAI-Test-1-complete-fixed/build/intermediates/project_dex_archive/release/dexBuilderRelease/out/com/sumon/bundleapp/installer/view/coolbar/Coolbar$LayoutParams.dex
/sdcard/BAI-Test-1-complete-fixed/build/intermediates/project_dex_archive/release/dexBuilderRelease/out/com/sumon/bundleapp/installer/view/coolbar/Coolbar.dex
/sdcard/BAI-Test-1-complete-fixed/build/intermediates/project_dex_archive/release/dexBuilderRelease/out/com/sumon/bundleapp/installer/view/NonInteractiveRecyclerView.dex
/sdcard/BAI-Test-1-complete-fixed/build/intermediates/project_dex_archive/release/dexBuilderRelease/out/com/sumon/bundleapp/installer/view/ThemeView.dex
/sdcard/BAI-Test-1-complete-fixed/build/intermediates/project_dex_archive/release/dexBuilderRelease/out/com/sumon/bundleapp/installer/view/ViewSwitcherLayout.dex
/sdcard/BAI-Test-1-complete-fixed/build/intermediates/project_dex_archive/release/dexBuilderRelease/out/com/sumon/bundleapp/installer/viewmodels
/sdcard/BAI-Test-1-complete-fixed/build/intermediates/project_dex_archive/release/dexBuilderRelease/out/com/sumon/bundleapp/installer/viewmodels/BackupDialogViewModel$LoadingState.dex
/sdcard/BAI-Test-1-complete-fixed/build/intermediates/project_dex_archive/release/dexBuilderRelease/out/com/sumon/bundleapp/installer/viewmodels/BackupDialogViewModel$LoadPackageTask.dex
/sdcard/BAI-Test-1-complete-fixed/build/intermediates/project_dex_archive/release/dexBuilderRelease/out/com/sumon/bundleapp/installer/viewmodels/BackupDialogViewModel.dex
/sdcard/BAI-Test-1-complete-fixed/build/intermediates/project_dex_archive/release/dexBuilderRelease/out/com/sumon/bundleapp/installer/viewmodels/BackupManageAppViewModel.dex
/sdcard/BAI-Test-1-complete-fixed/build/intermediates/project_dex_archive/release/dexBuilderRelease/out/com/sumon/bundleapp/installer/viewmodels/BackupViewModel$BackupCustomFilterFactory$1.dex
/sdcard/BAI-Test-1-complete-fixed/build/intermediates/project_dex_archive/release/dexBuilderRelease/out/com/sumon/bundleapp/installer/viewmodels/BackupViewModel$BackupCustomFilterFactory$2.dex
/sdcard/BAI-Test-1-complete-fixed/build/intermediates/project_dex_archive/release/dexBuilderRelease/out/com/sumon/bundleapp/installer/viewmodels/BackupViewModel$BackupCustomFilterFactory$3.dex
/sdcard/BAI-Test-1-complete-fixed/build/intermediates/project_dex_archive/release/dexBuilderRelease/out/com/sumon/bundleapp/installer/viewmodels/BackupViewModel$BackupCustomFilterFactory$4.dex
/sdcard/BAI-Test-1-complete-fixed/build/intermediates/project_dex_archive/release/dexBuilderRelease/out/com/sumon/bundleapp/installer/viewmodels/BackupViewModel$BackupCustomFilterFactory.dex
/sdcard/BAI-Test-1-complete-fixed/build/intermediates/project_dex_archive/release/dexBuilderRelease/out/com/sumon/bundleapp/installer/viewmodels/BackupViewModel$SearchFilter.dex
/sdcard/BAI-Test-1-complete-fixed/build/intermediates/project_dex_archive/release/dexBuilderRelease/out/com/sumon/bundleapp/installer/viewmodels/BackupViewModel.dex
/sdcard/BAI-Test-1-complete-fixed/build/intermediates/project_dex_archive/release/dexBuilderRelease/out/com/sumon/bundleapp/installer/viewmodels/BatchBackupDialogViewModel.dex
/sdcard/BAI-Test-1-complete-fixed/build/intermediates/project_dex_archive/release/dexBuilderRelease/out/com/sumon/bundleapp/installer/viewmodels/DarkLightThemeSelectionViewModel.dex
/sdcard/BAI-Test-1-complete-fixed/build/intermediates/project_dex_archive/release/dexBuilderRelease/out/com/sumon/bundleapp/installer/viewmodels/factory
/sdcard/BAI-Test-1-complete-fixed/build/intermediates/project_dex_archive/release/dexBuilderRelease/out/com/sumon/bundleapp/installer/viewmodels/factory/BackupManageAppViewModelFactory.dex
/sdcard/BAI-Test-1-complete-fixed/build/intermediates/project_dex_archive/release/dexBuilderRelease/out/com/sumon/bundleapp/installer/viewmodels/factory/BatchBackupDialogViewModelFactory.dex
/sdcard/BAI-Test-1-complete-fixed/build/intermediates/project_dex_archive/release/dexBuilderRelease/out/com/sumon/bundleapp/installer/viewmodels/factory/InstallerXDialogViewModelFactory.dex
/sdcard/BAI-Test-1-complete-fixed/build/intermediates/project_dex_archive/release/dexBuilderRelease/out/com/sumon/bundleapp/installer/viewmodels/InstallerViewModel$1.dex
/sdcard/BAI-Test-1-complete-fixed/build/intermediates/project_dex_archive/release/dexBuilderRelease/out/com/sumon/bundleapp/installer/viewmodels/InstallerViewModel.dex
/sdcard/BAI-Test-1-complete-fixed/build/intermediates/project_dex_archive/release/dexBuilderRelease/out/com/sumon/bundleapp/installer/viewmodels/InstallerXDialogViewModel$LoadMetaTask.dex
/sdcard/BAI-Test-1-complete-fixed/build/intermediates/project_dex_archive/release/dexBuilderRelease/out/com/sumon/bundleapp/installer/viewmodels/InstallerXDialogViewModel$LoadMetaTaskInput.dex
/sdcard/BAI-Test-1-complete-fixed/build/intermediates/project_dex_archive/release/dexBuilderRelease/out/com/sumon/bundleapp/installer/viewmodels/InstallerXDialogViewModel$LoadMetaTaskResult.dex
/sdcard/BAI-Test-1-complete-fixed/build/intermediates/project_dex_archive/release/dexBuilderRelease/out/com/sumon/bundleapp/installer/viewmodels/InstallerXDialogViewModel$State.dex
/sdcard/BAI-Test-1-complete-fixed/build/intermediates/project_dex_archive/release/dexBuilderRelease/out/com/sumon/bundleapp/installer/viewmodels/InstallerXDialogViewModel$Warning.dex
/sdcard/BAI-Test-1-complete-fixed/build/intermediates/project_dex_archive/release/dexBuilderRelease/out/com/sumon/bundleapp/installer/viewmodels/InstallerXDialogViewModel.dex
/sdcard/BAI-Test-1-complete-fixed/build/intermediates/project_dex_archive/release/dexBuilderRelease/out/com/sumon/bundleapp/installer/viewmodels/LegacyInstallerViewModel$1.dex
/sdcard/BAI-Test-1-complete-fixed/build/intermediates/project_dex_archive/release/dexBuilderRelease/out/com/sumon/bundleapp/installer/viewmodels/LegacyInstallerViewModel$InstallerState.dex
/sdcard/BAI-Test-1-complete-fixed/build/intermediates/project_dex_archive/release/dexBuilderRelease/out/com/sumon/bundleapp/installer/viewmodels/LegacyInstallerViewModel.dex
/sdcard/BAI-Test-1-complete-fixed/build/intermediates/project_dex_archive/release/dexBuilderRelease/out/com/sumon/bundleapp/installer/viewmodels/LicensesViewModel.dex
/sdcard/BAI-Test-1-complete-fixed/build/intermediates/project_dex_archive/release/dexBuilderRelease/out/com/sumon/bundleapp/installer/viewmodels/MiEntryViewModel.dex
/sdcard/BAI-Test-1-complete-fixed/build/intermediates/project_dex_archive/release/dexBuilderRelease/out/com/sumon/bundleapp/installer/viewmodels/NameFormatBuilderViewModel$Factory.dex
/sdcard/BAI-Test-1-complete-fixed/build/intermediates/project_dex_archive/release/dexBuilderRelease/out/com/sumon/bundleapp/installer/viewmodels/NameFormatBuilderViewModel.dex
/sdcard/BAI-Test-1-complete-fixed/build/intermediates/room
/sdcard/BAI-Test-1-complete-fixed/build/intermediates/room/schemas
/sdcard/BAI-Test-1-complete-fixed/build/intermediates/room/schemas/compileDebugAndroidTestJavaWithJavac
/sdcard/BAI-Test-1-complete-fixed/build/intermediates/room/schemas/compileDebugJavaWithJavac
/sdcard/BAI-Test-1-complete-fixed/build/intermediates/room/schemas/compileDebugJavaWithJavac/com.sumon.bundleapp.installer.common.AppDatabase
/sdcard/BAI-Test-1-complete-fixed/build/intermediates/room/schemas/compileDebugJavaWithJavac/com.sumon.bundleapp.installer.common.AppDatabase/1.json
/sdcard/BAI-Test-1-complete-fixed/build/intermediates/runtime_symbol_list
/sdcard/BAI-Test-1-complete-fixed/build/intermediates/runtime_symbol_list/debug
/sdcard/BAI-Test-1-complete-fixed/build/intermediates/runtime_symbol_list/debug/processDebugResources
/sdcard/BAI-Test-1-complete-fixed/build/intermediates/runtime_symbol_list/debug/processDebugResources/R.txt
/sdcard/BAI-Test-1-complete-fixed/build/intermediates/runtime_symbol_list/debugAndroidTest
/sdcard/BAI-Test-1-complete-fixed/build/intermediates/runtime_symbol_list/debugAndroidTest/processDebugAndroidTestResources
/sdcard/BAI-Test-1-complete-fixed/build/intermediates/runtime_symbol_list/debugAndroidTest/processDebugAndroidTestResources/R.txt
/sdcard/BAI-Test-1-complete-fixed/build/intermediates/runtime_symbol_list/release
/sdcard/BAI-Test-1-complete-fixed/build/intermediates/runtime_symbol_list/release/processReleaseResources
/sdcard/BAI-Test-1-complete-fixed/build/intermediates/runtime_symbol_list/release/processReleaseResources/R.txt
/sdcard/BAI-Test-1-complete-fixed/build/intermediates/signing_config_versions
/sdcard/BAI-Test-1-complete-fixed/build/intermediates/signing_config_versions/debug
/sdcard/BAI-Test-1-complete-fixed/build/intermediates/signing_config_versions/debug/writeDebugSigningConfigVersions
/sdcard/BAI-Test-1-complete-fixed/build/intermediates/signing_config_versions/debug/writeDebugSigningConfigVersions/signing-config-versions.json
/sdcard/BAI-Test-1-complete-fixed/build/intermediates/signing_config_versions/debugAndroidTest
/sdcard/BAI-Test-1-complete-fixed/build/intermediates/signing_config_versions/debugAndroidTest/writeDebugAndroidTestSigningConfigVersions
/sdcard/BAI-Test-1-complete-fixed/build/intermediates/signing_config_versions/debugAndroidTest/writeDebugAndroidTestSigningConfigVersions/signing-config-versions.json
/sdcard/BAI-Test-1-complete-fixed/build/intermediates/stable_resource_ids_file
/sdcard/BAI-Test-1-complete-fixed/build/intermediates/stable_resource_ids_file/debug
/sdcard/BAI-Test-1-complete-fixed/build/intermediates/stable_resource_ids_file/debug/processDebugResources
/sdcard/BAI-Test-1-complete-fixed/build/intermediates/stable_resource_ids_file/debug/processDebugResources/stableIds.txt
/sdcard/BAI-Test-1-complete-fixed/build/intermediates/stable_resource_ids_file/debugAndroidTest
/sdcard/BAI-Test-1-complete-fixed/build/intermediates/stable_resource_ids_file/debugAndroidTest/processDebugAndroidTestResources
/sdcard/BAI-Test-1-complete-fixed/build/intermediates/stable_resource_ids_file/debugAndroidTest/processDebugAndroidTestResources/stableIds.txt
/sdcard/BAI-Test-1-complete-fixed/build/intermediates/stable_resource_ids_file/release
/sdcard/BAI-Test-1-complete-fixed/build/intermediates/stable_resource_ids_file/release/processReleaseResources
/sdcard/BAI-Test-1-complete-fixed/build/intermediates/stable_resource_ids_file/release/processReleaseResources/stableIds.txt
/sdcard/BAI-Test-1-complete-fixed/build/intermediates/sub_project_dex_archive
/sdcard/BAI-Test-1-complete-fixed/build/intermediates/sub_project_dex_archive/debug
/sdcard/BAI-Test-1-complete-fixed/build/intermediates/sub_project_dex_archive/debug/dexBuilderDebug
/sdcard/BAI-Test-1-complete-fixed/build/intermediates/sub_project_dex_archive/debug/dexBuilderDebug/out
/sdcard/BAI-Test-1-complete-fixed/build/intermediates/sub_project_dex_archive/debugAndroidTest
/sdcard/BAI-Test-1-complete-fixed/build/intermediates/sub_project_dex_archive/debugAndroidTest/dexBuilderDebugAndroidTest
/sdcard/BAI-Test-1-complete-fixed/build/intermediates/sub_project_dex_archive/debugAndroidTest/dexBuilderDebugAndroidTest/out
/sdcard/BAI-Test-1-complete-fixed/build/intermediates/sub_project_dex_archive/release
/sdcard/BAI-Test-1-complete-fixed/build/intermediates/sub_project_dex_archive/release/dexBuilderRelease
/sdcard/BAI-Test-1-complete-fixed/build/intermediates/sub_project_dex_archive/release/dexBuilderRelease/out
/sdcard/BAI-Test-1-complete-fixed/build/intermediates/symbol_list_with_package_name
/sdcard/BAI-Test-1-complete-fixed/build/intermediates/symbol_list_with_package_name/debug
/sdcard/BAI-Test-1-complete-fixed/build/intermediates/symbol_list_with_package_name/debug/generateDebugRFile
/sdcard/BAI-Test-1-complete-fixed/build/intermediates/symbol_list_with_package_name/debug/generateDebugRFile/package-aware-r.txt
/sdcard/BAI-Test-1-complete-fixed/build/intermediates/symbol_list_with_package_name/debugAndroidTest
/sdcard/BAI-Test-1-complete-fixed/build/intermediates/symbol_list_with_package_name/debugAndroidTest/generateDebugAndroidTestRFile
/sdcard/BAI-Test-1-complete-fixed/build/intermediates/symbol_list_with_package_name/debugAndroidTest/generateDebugAndroidTestRFile/package-aware-r.txt
/sdcard/BAI-Test-1-complete-fixed/build/intermediates/symbol_list_with_package_name/release
/sdcard/BAI-Test-1-complete-fixed/build/intermediates/symbol_list_with_package_name/release/generateReleaseRFile
/sdcard/BAI-Test-1-complete-fixed/build/intermediates/symbol_list_with_package_name/release/generateReleaseRFile/package-aware-r.txt
/sdcard/BAI-Test-1-complete-fixed/build/intermediates/tmp
/sdcard/BAI-Test-1-complete-fixed/build/intermediates/tmp/manifest
/sdcard/BAI-Test-1-complete-fixed/build/intermediates/tmp/manifest/androidTest
/sdcard/BAI-Test-1-complete-fixed/build/intermediates/tmp/manifest/androidTest/debug
/sdcard/BAI-Test-1-complete-fixed/build/intermediates/validate_signing_config
/sdcard/BAI-Test-1-complete-fixed/build/intermediates/validate_signing_config/debug
/sdcard/BAI-Test-1-complete-fixed/build/intermediates/validate_signing_config/debug/validateSigningDebug
/sdcard/BAI-Test-1-complete-fixed/build/intermediates/validate_signing_config/debugAndroidTest
/sdcard/BAI-Test-1-complete-fixed/build/intermediates/validate_signing_config/debugAndroidTest/validateSigningDebugAndroidTest
/sdcard/BAI-Test-1-complete-fixed/build/intermediates/version_control_info_file
/sdcard/BAI-Test-1-complete-fixed/build/intermediates/version_control_info_file/release
/sdcard/BAI-Test-1-complete-fixed/build/intermediates/version_control_info_file/release/extractReleaseVersionControlInfo
/sdcard/BAI-Test-1-complete-fixed/build/intermediates/version_control_info_file/release/extractReleaseVersionControlInfo/version-control-info.textproto
/sdcard/BAI-Test-1-complete-fixed/build/outputs
/sdcard/BAI-Test-1-complete-fixed/build/outputs/apk
/sdcard/BAI-Test-1-complete-fixed/build/outputs/apk/androidTest
/sdcard/BAI-Test-1-complete-fixed/build/outputs/apk/androidTest/debug
/sdcard/BAI-Test-1-complete-fixed/build/outputs/apk/androidTest/debug/app-debug-androidTest.apk
/sdcard/BAI-Test-1-complete-fixed/build/outputs/apk/androidTest/debug/output-metadata.json
/sdcard/BAI-Test-1-complete-fixed/build/outputs/apk/debug
/sdcard/BAI-Test-1-complete-fixed/build/outputs/apk/debug/app-debug.apk
/sdcard/BAI-Test-1-complete-fixed/build/outputs/apk/debug/output-metadata.json
/sdcard/BAI-Test-1-complete-fixed/build/outputs/logs
/sdcard/BAI-Test-1-complete-fixed/build/outputs/logs/manifest-merger-debug-report.txt
/sdcard/BAI-Test-1-complete-fixed/build/outputs/logs/manifest-merger-release-report.txt
/sdcard/BAI-Test-1-complete-fixed/build/tmp
/sdcard/BAI-Test-1-complete-fixed/build/tmp/compileDebugAndroidTestJavaWithJavac
/sdcard/BAI-Test-1-complete-fixed/build/tmp/compileDebugAndroidTestJavaWithJavac/previous-compilation-data.bin
/sdcard/BAI-Test-1-complete-fixed/build/tmp/compileDebugJavaWithJavac
/sdcard/BAI-Test-1-complete-fixed/build/tmp/compileDebugJavaWithJavac/compileTransaction
/sdcard/BAI-Test-1-complete-fixed/build/tmp/compileDebugJavaWithJavac/compileTransaction/backup-dir
/sdcard/BAI-Test-1-complete-fixed/build/tmp/compileDebugJavaWithJavac/compileTransaction/stash-dir
/sdcard/BAI-Test-1-complete-fixed/build/tmp/compileDebugJavaWithJavac/compileTransaction/stash-dir/AppDatabase.class.uniqueId8
/sdcard/BAI-Test-1-complete-fixed/build/tmp/compileDebugJavaWithJavac/compileTransaction/stash-dir/AppDatabase_Impl$1.class.uniqueId4
/sdcard/BAI-Test-1-complete-fixed/build/tmp/compileDebugJavaWithJavac/compileTransaction/stash-dir/AppDatabase_Impl.class.uniqueId1
/sdcard/BAI-Test-1-complete-fixed/build/tmp/compileDebugJavaWithJavac/compileTransaction/stash-dir/AppDatabase_Impl.java.uniqueId2
/sdcard/BAI-Test-1-complete-fixed/build/tmp/compileDebugJavaWithJavac/compileTransaction/stash-dir/BackupDao_Impl$1.class.uniqueId3
/sdcard/BAI-Test-1-complete-fixed/build/tmp/compileDebugJavaWithJavac/compileTransaction/stash-dir/BackupDao_Impl$2.class.uniqueId5
/sdcard/BAI-Test-1-complete-fixed/build/tmp/compileDebugJavaWithJavac/compileTransaction/stash-dir/BackupDao_Impl.class.uniqueId0
/sdcard/BAI-Test-1-complete-fixed/build/tmp/compileDebugJavaWithJavac/compileTransaction/stash-dir/BackupDao_Impl.java.uniqueId7
/sdcard/BAI-Test-1-complete-fixed/build/tmp/compileDebugJavaWithJavac/compileTransaction/stash-dir/DaoBackedBackupIndex.class.uniqueId6
/sdcard/BAI-Test-1-complete-fixed/build/tmp/compileDebugJavaWithJavac/previous-compilation-data.bin
/sdcard/BAI-Test-1-complete-fixed/build/tmp/compileReleaseJavaWithJavac
/sdcard/BAI-Test-1-complete-fixed/build/tmp/compileReleaseJavaWithJavac/previous-compilation-data.bin
/sdcard/BAI-Test-1-complete-fixed/gradle
/sdcard/BAI-Test-1-complete-fixed/gradle/gradle-daemon-jvm.properties
/sdcard/BAI-Test-1-complete-fixed/gradle/libs.versions.toml
/sdcard/BAI-Test-1-complete-fixed/gradle/wrapper
/sdcard/BAI-Test-1-complete-fixed/gradle/wrapper/gradle-wrapper.jar
/sdcard/BAI-Test-1-complete-fixed/gradle/wrapper/gradle-wrapper.properties
/sdcard/BAI-Test-1-complete-fixed/.gitignore
/sdcard/BAI-Test-1-complete-fixed/build.gradle
/sdcard/BAI-Test-1-complete-fixed/CONTRIBUTING.md
/sdcard/BAI-Test-1-complete-fixed/EULA.md
/sdcard/BAI-Test-1-complete-fixed/gradle.properties
/sdcard/BAI-Test-1-complete-fixed/gradlew
/sdcard/BAI-Test-1-complete-fixed/gradlew.bat
/sdcard/BAI-Test-1-complete-fixed/LICENSE
/sdcard/BAI-Test-1-complete-fixed/local.properties
/sdcard/BAI-Test-1-complete-fixed/META-FORMAT.md
/sdcard/BAI-Test-1-complete-fixed/README.md
/sdcard/BAI-Test-1-complete-fixed/settings.gradle
/sdcard/BAI-Test-1-complete-fixed/debug
/sdcard/BAI-Test-1-complete-fixed/debug/app-debug.apk
/sdcard/BAI-Test-1-complete-fixed/debug/output-metadata.json
/sdcard/BAI-Test-1-complete-fixed/schemas
/sdcard/BAI-Test-1-complete-fixed/schemas/com.sumon.bundleapp.installer.common.AppDatabase
/sdcard/BAI-Test-1-complete-fixed/schemas/com.sumon.bundleapp.installer.common.AppDatabase/1.json
